00007136HE;PARE A BOUE AV GAUCHE;163.30000000000000000000;SUZUKI;NEW CIAZ;;1
01550-0830A-000;BOLT RS413 4WD;17.17600000000000000000;SUZUKI;NEW CIAZ;;0
01550-0855A-000;BOLT GSX-R600/K6-;17.17600000000000000000;SUZUKI;NEW CIAZ;;0
01550M1025A;"BLOT ";5.84600000000000000000;SUZUKI;NEW CIAZ;;0
01550M1040A;BOLT;3.06400000000000000000;SUZUKI;NEW CELERIO POP 6AB;;0
01550M1050A;BOLT;5.71600000000000000000;SUZUKI;NEW CELERIO POP 6AB;;0
02162-0616A-000;SCREW;9.54300000000000000000;SUZUKI;NEW CELERIO POP 6AB;;0
08113-6203A-000;BEARING;71.47900000000000000000;SUZUKI;NEW CELERIO POP 6AB;;0
08331M41629;CIRCLIP;18.97000000000000000000;SUZUKI;NEW CIAZ;;0
08341M31059;KEY;5.55700000000000000000;SUZUKI;NEW CELERIO POP 6AB;;0
09119-12012-000;BOLT(12X38);13.49700000000000000000;SUZUKI;NEW CELERIO POP 6AB;;0
09136-06141-000;SCREW,6X25;12.76000000000000000000;SUZUKI;NEW CELERIO POP 6AB;;0
09159-12050-000;NUT;9.42700000000000000000;SUZUKI;NEW CELERIO POP 6AB;;0
09168M14015;GASKET,OIL DRAIN PLUG;3.50000000000000000000;SUZUKI;NEW BALENO 6AB;;0
09206-13020;PIN(10.4X13X18);7.97700000000000000000;SUZUKI;;;0
09209-14001-000;LINKAGE;19.31200000000000000000;SUZUKI;NEW CELERIO POP 6AB;;0
09209M09L02;LINKAGE;9.60100000000000000000;SUZUKI;NEW CIAZ;;0
09241-30010-000;PLUG(OD:30);17.31400000000000000000;SUZUKI;NEW CELERIO POP 6AB;;0
09246M16016;PLUG T/M OIL;19.65500000000000000000;SUZUKI;NEW CELERIO POP 6AB;;0
09246M16017;PLUG T/M OIL DRAIN;20.32600000000000000000;SUZUKI;NEW CELERIO POP 6AB;;0
09262-30125-000;BEARING(30X55X13);0.00000000000000000000;SUZUKI;;;0
09262-50002-000;BEARING(50X80X16);0.00000000000000000000;SUZUKI;;;0
09280M28008-000;O RING;4.65700000000000000000;SUZUKI;NEW CIAZ;;0
09280M28L01;O-RING,WATER INLET PIPE;4.80900000000000000000;SUZUKI;NEW CIAZ;;0
09283-25101-000;OIL SEAL (23.9X38X6);109.73800000000000000000;SUZUKI;NEW CELERIO POP 6AB;;0
09283-35061-000;SEAL,OIL(35X62X14);0.00000000000000000000;SUZUKI;;;0
09283-42021-000;SEAL,OIL(42X56X12.9);0.00000000000000000000;SUZUKI;;;0
09283-50011-000;SEAL,OIL(50X62X7);0.00000000000000000000;SUZUKI;;;0
09283-50012-000;SEAL,OIL(50X68X7);0.00000000000000000000;SUZUKI;;;0
09289-05012;SEAL OIL  (5.5X11.5X9.3);23.74500000000000000000;SUZUKI;NEW CIAZ;;0
09289-05012-000;SEAL,OIL(5.5X11.5X9.3);27.51400000000000000000;SUZUKI;NEW CELERIO POP 6AB;;0
09352M70111-450;HOSEWTR RSVR TANK CAP;8.06000000000000000000;SUZUKI;NEW CIAZ;;0
09352M70L03-120;HOSE (7X11X120);3.32600000000000000000;SUZUKI;NEW CIAZ;;0
09352M70L03-210;HOSERDTR TO RSV TANK;4.26353287500000000000;SUZUKI;NEW CIAZ;;0
09356-75141-600;HOSE(7.5X14.5X600);53.19872000000000000000;SUZUKI;;;0
09381-68001-000;CIRCLIP;50.04400000000000000000;SUZUKI;NEW CELERIO POP 6AB;;0
09381M18002;CIRCLIP(OD:20.5);2.92000000000000000000;SUZUKI;NEW CELERIO POP 6AB;;0
09381M68001;CIRCLIP;18.43800000000000000000;SUZUKI;NEW CELERIO POP 6AB;;0
09401-12410;CLIP(ID:12.9);14.80458000000000000000;SUZUKI;;;0
09401M21410;CLIP;8.60100000000000000000;SUZUKI;;;0
09409M07346;CLIP,TRUNK ROOM SIDE TRIM;4.15100000000000000000;SUZUKI;NEW CELERIO POP 6AB;;0
09409M07L01;CLIP;3.74800000000000000000;SUZUKI;NEW CELERIO POP 6AB;;0
09409M07L01-000;CLIP;0.00000000000000000000;SUZUKI;NEW CIAZ;;0
09409M07L01-5PK;CLIPFR FENDER LINING;0.00000000000000000000;SUZUKI;NEW CIAZ;;0
09409M15L01;CLIP, SIDE SILL SPLASH GUARD;3.68800000000000000000;SUZUKI;NEW CELERIO POP 6AB;;0
09471M12181;"BULB ";5.27700000000000000000;SUZUKI;NEW CELERIO POP 6AB;;0
09482-00131-000;PLUG,SPARK(NGK,BP5ES);23.28100000000000000000;SUZUKI;NEW CELERIO POP 6AB;;0
09482-00550-000;PLUG,SPARK;124.08800000000000000000;SUZUKI;NEW CELERIO POP 6AB;;0
09482-00605-000;SPARK PLUG K16HPR-U11;47.41300000000000000000;SUZUKI;NEW CIAZ;;0
09482-00605-ADP;"BOUGIE D'ALLUMAGE ";25.95300000000000000000;SUZUKI;NEW CELERIO POP 6AB;;0
09482-00618-000;PLUG,SPARK(NGK,KR6A-10);33.10100000000000000000;SUZUKI;NEW CIAZ;;0
09482-00642-000;SPARK PLUG;90.07500000000000000000;SUZUKI;NEW CELERIO POP 6AB;;0
09482M00609;PLUG,SPARK;18.52200000000000000000;SUZUKI;NEW CELERIO POP 6AB;;0
09482M00609-JIM;SPARK PLUG;29.31106500000000000000;SUZUKI;NEW CELERIO POP 6AB;;0
09482M00636;SPARK PLUG;24.25500000000000000000;SUZUKI;NEW CIAZ;;0
09482M00636-ADP;BOUGIE D'ALLUMAGE;22.29500000000000000000;SUZUKI;NEW CELERIO POP 6AB;;0
09482M00636-JIM;NC;0.00000000000000000000;SUZUKI;NEW CELERIO POP 6AB;;0
09482M00651;PLUG SPARK;38.69300000000000000000;SUZUKI;NEW CIAZ;;0
09482M00655;PLUG,SPARK;21.40100000000000000000;SUZUKI;NEW CELERIO POP 6AB;;0
09482M00667;PLUG,SPARK;59.21500000000000000000;SUZUKI;NEW BALENO 6AB;;0
09823-40038-000;SEAL,OIL(40X58X9.8);0.00000000000000000000;SUZUKI;;;0
09932-38110-000;MARKER,MONITOR CALIBRATION;822.77600000000000000000;SUZUKI;NEW CELERIO POP 6AB;;0
09944-77020-000;GA4 RING NUT WRENCH;612.76839750000000000000;SUZUKI;NEW CELERIO POP 6AB;;0
10100M83K90;HALF ENGINE(MT & AT) NEW SWIFT;6680.82400000000000000000;SUZUKI;NEW CELERIO POP 6AB;;0
11000-68870-000;ENGINE ASSY,SHORT K14C;5816.14200000000000000000;SUZUKI;;;0
11000-85870;ENGINE ASSY SHORT;4019.38500000000000000000;SUZUKI;NEW CIAZ;;0
11000-85870-000;ENGINE ASSY,SHORT K15B;4220.35400000000000000000;SUZUKI;NEW CIAZ;;0
11000M81R20;HALF ENGINE;4623.83500000000000000000;SUZUKI;NEW CELERIO POP 6AB;;0
11000M83860;ENGINE ASSY,SHORT K12M;6378.57600000000000000000;SUZUKI;NEW BALENO 6AB;;0
11000M83890;ENGINE ASSY,SHORT K14B;6718.92500000000000000000;SUZUKI;NEW CIAZ;;0
11100-54LE2-000;HEAD ASSY,CYLINDER;6142.85700000000000000000;SUZUKI;NEW CELERIO POP 6AB;;0
11100-68M01-000;HEAD ASSY,CYLINDER;6801.40700000000000000000;SUZUKI;;;0
11100M68PB0;HEAD ASSY, CYLINDER;3136.86200000000000000000;SUZUKI;NEW CELERIO POP 6AB;;0
11100M68PB0-000;HEAD ASSY CYLINDER;2457.81900000000000000000;SUZUKI;NEW CIAZ;;0
11100M76M00;HEAD ASSY,CYLINDER;2461.15000000000000000000;SUZUKI;NEW CELERIO POP 6AB;;0
11100M81R12;HEAD ASSY,CYLINDER;4850.12600000000000000000;SUZUKI;NEW CELERIO POP 6AB;;0
11115M74L00-001;GUIDE VALVE;5.55700000000000000000;SUZUKI;NEW CIAZ;;0
11141-61P00-000;GASKET,CYL HEAD;0.00000000000000000000;SUZUKI;;;0
11141-71C00-000;GASKET, CYLINDER HEAD;201.07500000000000000000;SUZUKI;NEW CELERIO POP 6AB;;0
11141M68K01;GASKET CYLINDER HEAD;165.73400000000000000000;SUZUKI;NEW CIAZ;;0
11170M74L00;COVER ASSY, CYLINDER HEAD;260.38100000000000000000;SUZUKI;NEW CIAZ;;0
11170M83P00-000;COVERCYLINDER HEAD;473.24813000000000000000;SUZUKI;NEW CIAZ;;0
11179-69G01-000;GASKET,SPARK PLUG HOLE;81.51400000000000000000;SUZUKI;NEW CELERIO POP 6AB;;0
11191-61M00-000;HOSE,BREATHER;57.85684000000000000000;SUZUKI;;;0
11200-61M01-X12;"BLOCK ASSY CYLINDER ";9416.37500000000000000000;SUZUKI;NEW CIAZ;;0
11200-68M00-X12;BLOCK ASSY,CYLINDER;5771.99400000000000000000;SUZUKI;;;0
11200M68K30;"BLOCK ASSY CYLINDER ";4089.01300000000000000000;SUZUKI;NEW CELERIO POP 6AB;;0
11200M83K41;"BLOC ASSY CYL ";3088.54400000000000000000;SUZUKI;NEW CELERIO POP 6AB;;0
11216-77E00-000;GASKET DF90/115;20.35700000000000000000;SUZUKI;NEW CIAZ;;0
11220M81R10;PLATE ASSY,BREATHER;96.65300000000000000000;SUZUKI;NEW CIAZ;;0
11241-65H01-000;STAND, OIL FILTER;51.78200000000000000000;SUZUKI;NEW CELERIO POP 6AB;;0
11241-65H02-000;STAND, OIL FILTER;38.31000000000000000000;SUZUKI;NEW CELERIO POP 6AB;;0
11241-86FA0-000;STAND,OIL FILTER;59.40200000000000000000;SUZUKI;NEW CELERIO POP 6AB;;0
11241M68K00;STANDOIL FILTER;10.31000000000000000000;SUZUKI;NEW CELERIO POP 6AB;;0
11342M68PB0;SEAL,CRANKSHAFT REAR OIL;89.89300000000000000000;SUZUKI;NEW BALENO 6AB;;0
11400-58832-000;"GASKET SET,ENGINE ";438.57500000000000000000;SUZUKI;NEW CELERIO POP 6AB;;0
11541M81R10;PLATE,OIL PAN BAFFLE;53.91500000000000000000;SUZUKI;NEW BALENO 6AB;;0
11610-60R00-000;MOUNTING,ENG RH APK416;557.08700000000000000000;SUZUKI;NEW CELERIO POP 6AB;;0
11610-61M01-000;MOUNTING,ENG;808.74100000000000000000;SUZUKI;NEW CELERIO POP 6AB;;0
11610-78R00-000;MOUNTING, ENG FR;250.44500000000000000000;SUZUKI;NEW CELERIO POP 6AB;;0
11610M50UA0;MOUNTING, ENG RH;612.29200000000000000000;SUZUKI;NEW CELERIO POP 6AB;;0
11610M55RA0;MOUNTING COMP, ENG RH;298.49360625000000000000;SUZUKI;NEW CELERIO POP 6AB;;0
11610M55RA1;MOUNTING COMP, ENG RH;313.41800000000000000000;SUZUKI;NEW CELERIO POP 6AB;;0
11610M62S00;MOUNTING,ENG RH;237.37100000000000000000;SUZUKI;NEW CELERIO POP 6AB;;0
11610M68P00;MOUNTING, ENG RH;296.00400000000000000000;SUZUKI;NEW CELERIO POP 6AB;;0
11610M68P01;MOUNTING, ENG RH;323.17400000000000000000;SUZUKI;NEW CELERIO POP 6AB;;0
11610M69R02;BRACKET ENGINE;310.65600000000000000000;SUZUKI;NEW BALENO 6AB;;0
11610M72R00;MOUNTING,ENG RH;335.23600000000000000000;SUZUKI;NEW CELERIO POP 6AB;;0
11610M74LB0;SUPPORT MOTEUR DR;468.35900000000000000000;SUZUKI;NEW CELERIO POP 6AB;;0
11610M76M00;SUPPORT MOTEUR DR;386.27900000000000000000;SUZUKI;NEW CELERIO POP 6AB;;0
11610M79M01;MOUNTING,ENG RH;445.82100000000000000000;SUZUKI;NEW CELERIO POP 6AB;;0
11610M82R10;MOUNTING,ENG RH;360.88600000000000000000;SUZUKI;NEW CELERIO POP 6AB;;0
11620-60R00-000;MOUNTING,ENG LH APK416;464.36800000000000000000;SUZUKI;NEW CELERIO POP 6AB;;0
11620-61M10-000;MOUNTING,ENG LH AKK416;425.21881500000000000000;SUZUKI;NEW CELERIO POP 6AB;;0
11620M55RA0;MOUNTING COMP, ENG LH;414.60100000000000000000;SUZUKI;NEW CELERIO POP 6AB;;0
11620M62S01;MOUNTING COMP ENG LH;226.01700000000000000000;SUZUKI;NEW CELERIO POP 6AB;;0
11620M62S02;MOUNTING COMP,ENG LH;226.01800000000000000000;SUZUKI;NEW CELERIO POP 6AB;;0
11620M68P60;MOUNTING, ENG LH;252.93200000000000000000;SUZUKI;NEW CELERIO POP 6AB;;0
11620M69R00;"BRACKET ENG ";207.38000000000000000000;SUZUKI;NEW CELERIO POP 6AB;;0
11620M72R00;MOUNTING,ENG LH;211.55200000000000000000;SUZUKI;NEW CELERIO POP 6AB;;0
11620M72R10;MOUNTING COMP,ENG LH;430.12200000000000000000;SUZUKI;NEW CELERIO POP 6AB;;0
11620M74LC0;SUPPORT MOTEUR G;266.28900000000000000000;SUZUKI;NEW CELERIO POP 6AB;;0
11620M76M00;SUPPORT MOTEUR G;213.11000000000000000000;SUZUKI;NEW CELERIO POP 6AB;;0
11620M79M00;MOUNTING,ENG LH;258.70700000000000000000;SUZUKI;NEW CELERIO POP 6AB;;0
11620M82R00;MOUNTING,ENG LH;261.43100000000000000000;SUZUKI;NEW CELERIO POP 6AB;;0
11641-78R00-000;BRACKET,ENGINE FRONT MTG,R;132.03400000000000000000;SUZUKI;NEW CELERIO POP 6AB;;0
11641M81R00;BRACKET ENGINE;182.72000000000000000000;SUZUKI;NEW CELERIO POP 6AB;;0
11641M82R00;BRACKET,ENG RH MTG;163.48800000000000000000;SUZUKI;NEW CELERIO POP 6AB;;0
11650-68M00-000;STIFFENER,ENG LH MTG,APK416;79.57200000000000000000;SUZUKI;NEW CELERIO POP 6AB;;0
11651-54P20-000;BRACKET, ENGINE APK416;202.27600000000000000000;SUZUKI;NEW CELERIO POP 6AB;;0
11651-60R10-000;BRACKET, ENGINE APK416;230.61700000000000000000;SUZUKI;NEW CELERIO POP 6AB;;0
11651-78R00-000;BRACKET,ENGINE FRONT MTG,L;132.03400000000000000000;SUZUKI;NEW CELERIO POP 6AB;;0
11651M62S00;BRACKET, ENG MTG LH;119.00500000000000000000;SUZUKI;NEW CELERIO POP 6AB;;0
11651M69LA0;BRACKET, ENG MTG LH;192.57500000000000000000;SUZUKI;NEW CELERIO POP 6AB;;0
11651M72R00;BRACKET,ENG LH MTG;171.04600000000000000000;SUZUKI;NEW CELERIO POP 6AB;;0
11651M72R10;BRACKET,ENG MTG LH;171.04600000000000000000;SUZUKI;NEW CELERIO POP 6AB;;0
11651M76M20;"BRACKET, ENG LH MTG1 ";225.60500000000000000000;SUZUKI;NEW CELERIO POP 6AB;;0
11651M82R00;BRACKET ENG LH MTG;150.48500000000000000000;SUZUKI;NEW CELERIO POP 6AB;;0
11652-61M00-000;BRACKET,ENG LH MTG NO.2 AKK416;187.85000000000000000000;SUZUKI;NEW CELERIO POP 6AB;;0
11661-78R00-000;BRACKET,FR MTG FRM SIDE,R;144.97000000000000000000;SUZUKI;NEW CELERIO POP 6AB;;0
11671-78R00-000;BRACKET,FR MTG FRM SIDE,L;133.81900000000000000000;SUZUKI;NEW CELERIO POP 6AB;;0
11681-78R00-000;COVER,FRONT MTG;45.17200000000000000000;SUZUKI;NEW CELERIO POP 6AB;;0
11710-78R00-000;MOUNTING, ENG REAR;150.62100000000000000000;SUZUKI;NEW CELERIO POP 6AB;;0
11710M74LC0;MOUNTING ENG RR;249.46600000000000000000;SUZUKI;NEW CELERIO POP 6AB;;0
11710M76M00;MOUNTING, ENG RR;246.00900000000000000000;SUZUKI;NEW CELERIO POP 6AB;;0
11710M79M00;MOUNTING,ENG RR;248.45400000000000000000;SUZUKI;NEW CELERIO POP 6AB;;0
11710M82R00;MOUNTING ENG RR;235.98400000000000000000;SUZUKI;NEW CELERIO POP 6AB;;0
11719-58J00;BOLT;6.01200000000000000000;SUZUKI;NEW CIAZ;;0
11740-78R00-000;BRACKET, ENG RR MTG;198.94300000000000000000;SUZUKI;NEW CELERIO POP 6AB;;0
11740M74LA0;BRACKET ENG RR MTG NO;58.67800000000000000000;SUZUKI;NEW CELERIO POP 6AB;;0
11740M76M00;BRACKET COMPENG RR MTG;31.59900000000000000000;SUZUKI;NEW CELERIO POP 6AB;;0
11740M82R00;BRACKETENG MTG RR;66.98100000000000000000;SUZUKI;NEW CELERIO POP 6AB;;0
11740M83K00;BRACKET ENG RR MT;70.07900000000000000000;SUZUKI;NEW CELERIO POP 6AB;;0
11749M76M00;BRACKETENG RR MTG;241.09600000000000000000;SUZUKI;NEW CELERIO POP 6AB;;0
11751M74LA0;BRACKET, ENG RR MTG NO.2;195.95300000000000000000;SUZUKI;NEW CELERIO POP 6AB;;0
11751M82R00;BRACKET,ENG RR MTG NO.2;198.75000000000000000000;SUZUKI;NEW CELERIO POP 6AB;;0
11910-60R11-000;ROD,ENG RR TRQ APK416;988.18800000000000000000;SUZUKI;NEW CELERIO POP 6AB;;0
11910-61M01-000;ROD,ENG RR TRQ APK416;333.10500000000000000000;SUZUKI;NEW CELERIO POP 6AB;;0
11910M55R00;ROD COMP, ENG RR TRQ;190.06700000000000000000;SUZUKI;NEW CELERIO POP 6AB;;0
11910M62S00;ROD ENG RR TRQ;136.12300000000000000000;SUZUKI;NEW CELERIO POP 6AB;;0
11910M68P10;ROD, ENG RR TRQ;125.03000000000000000000;SUZUKI;NEW CELERIO POP 6AB;;0
11910M69R00;BRACKET ENGINE;101.02800000000000000000;SUZUKI;NEW CELERIO POP 6AB;;0
11910M72R00;ROD COMP,ENG RR TRQ;150.07500000000000000000;SUZUKI;NEW CELERIO POP 6AB;;0
11910M72R10;ROD COMP,ENG RR TRQ;193.46300000000000000000;SUZUKI;NEW CELERIO POP 6AB;;0
11930-54P20-000;BRACKET,ENG RR TRQ ROD,APK416;111.83700000000000000000;SUZUKI;NEW CELERIO POP 6AB;;0
11930-61M00-000;BRACKET,ENG RR TRQ ROD AKK416;182.19700000000000000000;SUZUKI;NEW CELERIO POP 6AB;;0
11930-68M00-000;BRACKET, ENGINE ROD APK416;93.47500000000000000000;SUZUKI;NEW CELERIO POP 6AB;;0
11941M68P00;BRACKET, ENG RR TRQ ROD;219.88100000000000000000;SUZUKI;NEW CELERIO POP 6AB;;0
11941M72R00;BRACKET,ENG RR TRQ ROD;154.21200000000000000000;SUZUKI;NEW CELERIO POP 6AB;;0
11941M72R10;BRACKET,ENG RR TRQ ROD;154.21200000000000000000;SUZUKI;NEW CELERIO POP 6AB;;0
12100-51810-0B0;BEARING SET,CONNROD BLACK(STD,T1.5);51.75600000000000000000;SUZUKI;NEW CELERIO POP 6AB;;0
12100-78860-000;PISTON SET;200.19100000000000000000;SUZUKI;NEW CELERIO POP 6AB;;0
12111M72R00;PISTON;140.87600000000000000000;SUZUKI;NEW CELERIO POP 6AB;;0
12111M76M00;PISTON;102.65900000000000000000;SUZUKI;NEW CELERIO POP 6AB;;0
12111M79M00;PISTON;128.64700000000000000000;SUZUKI;NEW CELERIO POP 6AB;;0
12111M81R10;PISTON;98.83000000000000000000;SUZUKI;NEW CELERIO POP 6AB;;0
12111M83P00;PISTON;123.02600000000000000000;SUZUKI;NEW CELERIO POP 6AB;;0
12140-68M11-000;RING SET,PISTON;201.40800000000000000000;SUZUKI;;;0
12140-78R00-000;RING SET,PISTON;157.19300000000000000000;SUZUKI;NEW CELERIO POP 6AB;;0
12140M68P00;RING SET, PISTON;160.14300000000000000000;SUZUKI;NEW CELERIO POP 6AB;;0
12140M68P10;RING SET,PISTON;152.91500000000000000000;SUZUKI;NEW CELERIO POP 6AB;;0
12140M72R00;RING SET,PISTON;160.14300000000000000000;SUZUKI;NEW CELERIO POP 6AB;;0
12140M83KA0;RING SET, PISTON;130.76000000000000000000;SUZUKI;NEW CELERIO POP 6AB;;0
12151M68K60;PIN,PISTON;21.12400000000000000000;SUZUKI;NEW BALENO 6AB;;0
12160-68M01-000;CONNRODAPK414;460.56500000000000000000;SUZUKI;NEW CELERIO POP 6AB;;0
12160-78R00-000;CONNROD ASSY;471.07200000000000000000;SUZUKI;NEW CELERIO POP 6AB;;0
12160M68K00;CONNROD ASSY;148.41900000000000000000;SUZUKI;NEW CELERIO POP 6AB;;0
12160M72R00;CONNROD ASSY;55.65800000000000000000;SUZUKI;NEW CELERIO POP 6AB;;0
12160M83K00;CONNROD ASSY;182.05000000000000000000;SUZUKI;NEW CELERIO POP 6AB;;0
12181M68K00-025;BEARING SETCONROD US;50.54300000000000000000;SUZUKI;NEW CELERIO POP 6AB;;0
12181M68K00-0A0;BEARING,CONNROD GREEN(STD,T:1.5);45.10500000000000000000;SUZUKI;NEW CELERIO POP 6AB;;0
12181M68K00-0B0;BEARING,CONNROD BLACK(STD,T:1.5);45.10500000000000000000;SUZUKI;NEW CELERIO POP 6AB;;0
12181M68K00-0C0;BEARING,CONNROD NON(STD,T:1.5);45.10500000000000000000;SUZUKI;NEW CELERIO POP 6AB;;0
12181M68K00-0D0;BEARING,CONNROD YELLOW(STD,T:1.5);45.10500000000000000000;SUZUKI;NEW CELERIO POP 6AB;;0
12181M68K00-0E0;BEARING,CONNROD BLUE(STD,T:1.5);45.10500000000000000000;SUZUKI;NEW CELERIO POP 6AB;;0
12221-78R00-000;CRANKSHAFT;2116.82900000000000000000;SUZUKI;NEW CELERIO POP 6AB;;0
12221M71M00;CRANKSHAFT;1128.25400000000000000000;SUZUKI;NEW CELERIO POP 6AB;;0
12221M72R00;"CRANKSHAFT ";1125.71100000000000000000;SUZUKI;;;0
12222-78R00-000;"PLATE SENSOR ";108.62400000000000000000;SUZUKI;NEW CELERIO POP 6AB;;0
12341M74L00-0A0;BEARING,CRANK UPR(STD,T:2.0);13.46200000000000000000;SUZUKI;NEW CELERIO POP 6AB;;0
12341M74L00-0AA;BEARING,CRANK UPR(US:0.25,T:2.125);27.78300000000000000000;SUZUKI;NEW CELERIO POP 6AB;;0
12341M74L00-0B0;BEARING,CRANK UPR(STD,T:2.0);13.32500000000000000000;SUZUKI;NEW CELERIO POP 6AB;;0
12341M74L00-0BA;BEARING,CRANK UPR(US:0.25,T:2.125);27.78300000000000000000;SUZUKI;NEW CELERIO POP 6AB;;0
12341M74L00-0C0;BEARING,CRANK UPR(STD,T:2.0);13.32500000000000000000;SUZUKI;NEW CELERIO POP 6AB;;0
12341M74L00-0CA;BEARING,CRANK UPR(US:0.25,T:2.125);27.78300000000000000000;SUZUKI;NEW CELERIO POP 6AB;;0
12341M74L00-0D0;BEARING,CRANK UPR(STD,T:2.0);13.32500000000000000000;SUZUKI;NEW CELERIO POP 6AB;;0
12341M74L00-0DA;BEARING,CRANK UPR(US:0.25,T:2.125);27.78300000000000000000;SUZUKI;NEW CELERIO POP 6AB;;0
12341M74L00-0E0;BEARING,CRANK UPR(STD,T:2.0);13.32500000000000000000;SUZUKI;NEW CELERIO POP 6AB;;0
12345M74L00-0A0;BEARING,CRANK LWR(STD,T:2.0);11.57600000000000000000;SUZUKI;NEW CELERIO POP 6AB;;0
12345M74L00-0AA;BEARING,CRANK LWR(US:0.25,T:2.125);26.53400000000000000000;SUZUKI;NEW CELERIO POP 6AB;;0
12345M74L00-0B0;BEARING,CRANK LWR(STD,T:2.0);11.57600000000000000000;SUZUKI;NEW CELERIO POP 6AB;;0
12345M74L00-0BA;BEARING,CRANK LWR(US:0.25,T:2.125);34.88900000000000000000;SUZUKI;NEW CELERIO POP 6AB;;0
12345M74L00-0C0;BEARING,CRANK LWR(STD,T:2.0);11.58100000000000000000;SUZUKI;NEW BALENO 6AB;;0
12345M74L00-0CA;BEARING,CRANK LWR(US:0.25,T:2.125);26.53400000000000000000;SUZUKI;NEW CELERIO POP 6AB;;0
12345M74L00-0D0;BEARING,CRANK LWR(STD,T:2.0);11.57600000000000000000;SUZUKI;NEW CELERIO POP 6AB;;0
12345M74L00-0DA;BEARING,CRANK LWR(US:0.25,T:2.125);26.53400000000000000000;SUZUKI;NEW CELERIO POP 6AB;;0
12345M74L00-0E0;BEARING,CRANK LWR(STD,T:2.0);11.57600000000000000000;SUZUKI;NEW CELERIO POP 6AB;;0
12345M74L00-0EA;BEARING,CRANK LWR(US:0.25,T:2.125,WHITE);26.53400000000000000000;SUZUKI;NEW CELERIO POP 6AB;;0
12351M58M00;BEARING,CRANK THRUST(STD,T:2.5);14.19300000000000000000;SUZUKI;NEW CELERIO POP 6AB;;0
12351M58M00-012;BEARING,CRANK THRUST US(US:0.125,T:2.563);13.49800000000000000000;SUZUKI;NEW CELERIO POP 6AB;;0
12610-81P00;CRANKSHAFT PULLY;301.50700000000000000000;SUZUKI;;;0
12610-81P00-000;PULLEY COMP,CRANKSHAFT;301.50700000000000000000;SUZUKI;;;0
12610M72R00;PULLEY COMP,CRANKSHAFT;531.36700000000000000000;SUZUKI;NEW CELERIO POP 6AB;;0
12611M68K00;PULLEY,CRANKSHAFT;89.61200000000000000000;SUZUKI;NEW CELERIO POP 6AB;;0
12620-67JG2-000;FLYWHEEL ASSY JB419D;2134.07838000000000000000;SUZUKI;NEW CELERIO POP 6AB;;0
12620M68K00;FLY WHEEL;1367.67605625000000000000;SUZUKI;NEW CELERIO POP 6AB;;0
12620M68K10;FLY WHEEL;1436.05900000000000000000;SUZUKI;NEW CELERIO POP 6AB;;0
12623M68K00;BEARING, INPUT SHAFT;71.99100000000000000000;SUZUKI;NEW CELERIO POP 6AB;;0
12740M58MA0;SPROCKET ASSY, CAMSHAFT TIMING;736.91600000000000000000;SUZUKI;NEW CELERIO POP 6AB;;0
12761-69L10-000;CHAIN,TIMING;289.70900000000000000000;SUZUKI;NEW CELERIO POP 6AB;;0
12761M58M00;CHAIN,TIMING;173.27900000000000000000;SUZUKI;NEW CELERIO POP 6AB;;0
12761M68K00;CHAIN,TIMING;83.90200000000000000000;SUZUKI;NEW CELERIO POP 6AB;;0
12761M70C20;BELT TIMING (MPFI);137.28300000000000000000;SUZUKI;NEW CELERIO POP 6AB;;0
12781M69G00;JETTIMING CHAIN;8.62700000000000000000;SUZUKI;NEW CELERIO POP 6AB;;0
12810M71C32;TENSIONER COMP,TIMING BELT;81.48500000000000000000;SUZUKI;NEW CELERIO POP 6AB;;0
12811-69L00-000;TENSIONER,TIMINGCHAIN;203.97800000000000000000;SUZUKI;NEW CELERIO POP 6AB;;0
12811M58M00;TENSIONER,TIMING CHAIN;151.11800000000000000000;SUZUKI;NEW CELERIO POP 6AB;;0
12811M77M00;TENSIONER,TIMINGCHAIN;75.63000000000000000000;SUZUKI;NEW CIAZ;;0
12831-68M00-000;ADJUSTER, TENSIONER APK414;351.82100000000000000000;SUZUKI;NEW CELERIO POP 6AB;;0
12831-69G10-000;ADJUSTER, TE;421.86300000000000000000;SUZUKI;NEW CELERIO POP 6AB;;0
12831-84MA0-000;ADJUSTERASSY,TENSIONER;289.70900000000000000000;SUZUKI;NEW CELERIO POP 6AB;;0
12831M66R00;ADJUSTER ASSY, TENSIONER;244.14000000000000000000;SUZUKI;NEW CELERIO POP 6AB;;0
12831M68K00;ADJUSTER ASSY, TENSIONER;244.13900000000000000000;SUZUKI;NEW CELERIO POP 6AB;;0
12891-69G00;TAPPET (T.5.50);47.81800000000000000000;SUZUKI;NEW CIAZ;;0
12911-54G70;"VALVE INTAKE ";208.12500000000000000000;SUZUKI;NEW CIAZ;;0
12911-68M00-000;VALVE,INTAKE APK414;133.30100000000000000000;SUZUKI;NEW CELERIO POP 6AB;;0
12911-71C00-000;VALVE,INTAKE;104.51200000000000000000;SUZUKI;NEW CELERIO POP 6AB;;0
12911-77M00-000;VALVE,INTAKE;145.36000000000000000000;SUZUKI;NEW CELERIO POP 6AB;;0
12911M58R00;VALVE,INTK;75.09000000000000000000;SUZUKI;NEW CELERIO POP 6AB;;0
12911M68PA0;VALVE,INTAKE;66.69800000000000000000;SUZUKI;NEW CELERIO POP 6AB;;0
12911M68PB0;VALVE,INTK;65.63900000000000000000;SUZUKI;NEW CELERIO POP 6AB;;0
12911M74L00;VALVE, INTAKE;37.87400000000000000000;SUZUKI;NEW CELERIO POP 6AB;;0
12915-54G50;"VALVE EXH ";208.62500000000000000000;SUZUKI;NEW CIAZ;;0
12915-68M00-000;VALVE,EXHAUST;170.88800000000000000000;SUZUKI;NEW CELERIO POP 6AB;;0
12915-71C50-000;VALVE,EXHAUST;161.86500000000000000000;SUZUKI;NEW CELERIO POP 6AB;;0
12915-77M00-000;VALVE,EXHAUST;145.36000000000000000000;SUZUKI;NEW CELERIO POP 6AB;;0
12915M58R00;VALVE,EXH;66.69600000000000000000;SUZUKI;NEW CELERIO POP 6AB;;0
12915M68PA0;VALVE,EXH;63.52200000000000000000;SUZUKI;NEW CELERIO POP 6AB;;0
12915M68PB1;VALVE EXH;65.63900000000000000000;SUZUKI;NEW CELERIO POP 6AB;;0
12915M74L00;VALVE, EXH;28.52700000000000000000;SUZUKI;NEW CELERIO POP 6AB;;0
12931M74L00;RETAINER, VALVE SPRING;11.42900000000000000000;SUZUKI;;;0
12932-24400;"COTTER VALVE ";13.76600000000000000000;SUZUKI;NEW CIAZ;;0
12933M51E00;SEAT ,VALVE SPRING;6.21800000000000000000;SUZUKI;NEW CIAZ;;0
12934-68M0-000;SEAL,VALVE STEM;12.37800000000000000000;SUZUKI;;;0
13110-61M00-000;MANIFOLD,INTAKE, AKK416;1516.90300000000000000000;SUZUKI;NEW CELERIO POP 6AB;;0
13110-78R00-000;MANIFOLD,INTK;1445.39700000000000000000;SUZUKI;NEW CELERIO POP 6AB;;0
13110M68P00;MANIFOLD, INT;381.88500000000000000000;SUZUKI;NEW CELERIO POP 6AB;;0
13110M72R00;MANIFOLD COMP,INTK;544.39900000000000000000;SUZUKI;NEW CELERIO POP 6AB;;0
13110M74L00;MANIFOLD, INT;460.45600000000000000000;SUZUKI;NEW CELERIO POP 6AB;;0
13110M76M00;MANIFOLD COMP,INTK;328.51000000000000000000;SUZUKI;NEW CELERIO POP 6AB;;0
13118-67LB0-000;GASKET,INTK MANF;78.30800000000000000000;SUZUKI;NEW CELERIO POP 6AB;;0
13118M62S00;GASKET, INTAKE MANIFOLD;9.47600000000000000000;SUZUKI;NEW CELERIO POP 6AB;;0
13118M68P00;GASKET, INTK MANF;10.75700000000000000000;SUZUKI;NEW CELERIO POP 6AB;;0
13118M74LA0;.GASKET, INTAKE MANIFOLD;70.44500000000000000000;SUZUKI;NEW CELERIO POP 6AB;;0
13118M76M00;GASKET, INTAKE MANIFOLD;40.95800000000000000000;SUZUKI;NEW CELERIO POP 6AB;;0
13119-54LA0-000;GASKET, INTK MANF;95.60300000000000000000;SUZUKI;NEW CELERIO POP 6AB;;0
13170-61MA0-000;COVER,ENGINE,APK416;526.25200000000000000000;SUZUKI;NEW CELERIO POP 6AB;;0
13171-78R00-000;PIPE, THROTTLE OUT;484.32200000000000000000;SUZUKI;NEW CELERIO POP 6AB;;0
13400-54P00-000;BODY, THROTT;1063.20900000000000000000;SUZUKI;NEW CELERIO POP 6AB;;0
13400-61MA0-000;BODY, THROTTLE APK416;856.72500000000000000000;SUZUKI;NEW CELERIO POP 6AB;;0
13400-81P00-000;BODYASSY,THROTTLE;1234.07100000000000000000;SUZUKI;NEW CELERIO POP 6AB;;0
13400M68P00;BODY ASSY, THROTTLE;778.88400000000000000000;SUZUKI;NEW CELERIO POP 6AB;;0
13400M68P10;BODY ASSY,THROTTLE;778.88400000000000000000;SUZUKI;NEW CELERIO POP 6AB;;0
13400M69R00;BODY ASSY, THROTTLE;541.63900000000000000000;SUZUKI;NEW CELERIO POP 6AB;;0
13400M72R00;BODY ASSY, THROTTLE;626.45700000000000000000;SUZUKI;NEW CELERIO POP 6AB;;0
13400M76M10;BODY ASSY,THROTTLE;676.53000000000000000000;SUZUKI;NEW CELERIO POP 6AB;;0
13400M79M10;BODY ASSY,THROTTLE;578.99000000000000000000;SUZUKI;NEW CELERIO POP 6AB;;0
13400M81R10;BODY ASSY,THROTTLE;805.71300000000000000000;SUZUKI;NEW CELERIO POP 6AB;;0
13421-54LA0-000;GASKET,THROTTLE BODY RW416;65.18800000000000000000;SUZUKI;NEW CELERIO POP 6AB;;0
13421M62S00;GASKET, THROTTLE BODY;11.30900000000000000000;SUZUKI;NEW CELERIO POP 6AB;;0
13421M68P00;GASKET, THROTTLE BODY;19.78200000000000000000;SUZUKI;NEW CELERIO POP 6AB;;0
13421M73K00;GASKET THROTTLE BODY;27.27700000000000000000;SUZUKI;NEW CELERIO POP 6AB;;0
13421M76M00;.GASKET,THROTTLE BODY;13.82500000000000000000;SUZUKI;NEW CELERIO POP 6AB;;0
13471-54LA0-000;ACTUATOR ASSY RW416 T3;498.00300000000000000000;SUZUKI;NEW CELERIO POP 6AB;;0
13491-61M00-000;HOSE,WTR THROT BODY INLET NO.1;78.92645000000000000000;SUZUKI;;;0
13491M76M01;HOSEWTR THROT BODY INLET;50.31300000000000000000;SUZUKI;;;0
13492-55L00-000;HOSE,WTR THROT BODY OUTLET;71.91907000000000000000;SUZUKI;;;0
13620-61MA0-000;COOLER,INTER APK416;1822.79200000000000000000;SUZUKI;NEW CELERIO POP 6AB;;0
13650-52G00-000;SENSOR DF40/50;365.44000000000000000000;SUZUKI;NEW CELERIO POP 6AB;;0
13650-56B00-000;SENSOR INL AIR TEMP DF60/70;322.81200000000000000000;SUZUKI;NEW CELERIO POP 6AB;;0
13650-73H00-000;SENSOR,WATER TEM JB420W;197.30200000000000000000;SUZUKI;NEW CELERIO POP 6AB;;0
13650M55K00;SENSOR, WATER TEMP;92.15900000000000000000;SUZUKI;NEW CELERIO POP 6AB;;0
13650M83KA0;SENSOR,INLET AIR TEMP;82.47500000000000000000;SUZUKI;NEW CELERIO POP 6AB;;0
13661-60R10-000;HOSE,INTER COOLER AKK416;307.24200000000000000000;SUZUKI;NEW CELERIO POP 6AB;;0
13662-61MA0-000;HOSE,INTER COOLER APK416;322.73100000000000000000;SUZUKI;NEW CELERIO POP 6AB;;0
13663-61MA0-000;HOSE,INTER COOLER APK416;233.68700000000000000000;SUZUKI;NEW CELERIO POP 6AB;;0
13700-61M00-000;CLEANER ASSY;747.20300000000000000000;SUZUKI;NEW CELERIO POP 6AB;;0
13700-61MA0-000;CLEANER ASSY,AIR APK416;543.74900000000000000000;SUZUKI;NEW CELERIO POP 6AB;;0
13700-78R00-000;CLEANER ASSY,AIR;742.00800000000000000000;SUZUKI;NEW CELERIO POP 6AB;;0
13700M62S00;CLEANER ASSY, AIR;124.91500000000000000000;SUZUKI;NEW CELERIO POP 6AB;;0
13700M67P00;CLEANER ASSY,AIR;232.84000000000000000000;SUZUKI;NEW CELERIO POP 6AB;;0
13700M68P02;CLEANER ASSY,AIR;227.01000000000000000000;SUZUKI;NEW CELERIO POP 6AB;;0
13700M72R00;CLEANER ASSY, AIR;228.66600000000000000000;SUZUKI;NEW CELERIO POP 6AB;;0
13700M74L00;CLEANER ASSY, AIR(K12-PETROL);263.77800000000000000000;SUZUKI;NEW CELERIO POP 6AB;;0
13700M81R10;CLEANER ASSY,AIR;312.90000000000000000000;SUZUKI;NEW CELERIO POP 6AB;;0
13723-84MB0-000;GROMMET, AIR CLNR;13.76000000000000000000;SUZUKI;NEW CELERIO POP 6AB;;0
13733M81R10;BRACKET,AIR CLEANER;59.17000000000000000000;SUZUKI;NEW CELERIO POP 6AB;;0
13733M83P00;BRAKET AIR FILTER;8.15500000000000000000;SUZUKI;NEW CELERIO POP 6AB;;0
13760M55R00;SHROUD, AIR INTAKE;88.03200000000000000000;SUZUKI;;;0
13760M56R00;SHROUD, AIR INTAKE;88.03200000000000000000;SUZUKI;;;0
13760M56R10;SHROUDAIR INTAKE;88.03200000000000000000;SUZUKI;NEW CELERIO POP 6AB;;0
13760M68P00;SHROUD AIR INTAKE;77.94700000000000000000;SUZUKI;NEW CELERIO POP 6AB;;0
13760M72R00;SHROUD,AIR INTAKE;38.33300000000000000000;SUZUKI;NEW CELERIO POP 6AB;;0
13765M68P00;TUBE D'AIR;38.88600000000000000000;SUZUKI;NEW CELERIO POP 6AB;;0
13765M72R01;PIPE,AIR SUCTION;33.11800000000000000000;SUZUKI;NEW CELERIO POP 6AB;;0
13765M74T20;PIPE,AIR CLEANER SUCTION;45.82600000000000000000;SUZUKI;NEW CELERIO POP 6AB;;0
13765M76M00;TUBE D'AIR;20.32900000000000000000;SUZUKI;NEW CELERIO POP 6AB;;0
13765M79M00;TUBE D'AIR;51.92700000000000000000;SUZUKI;NEW CELERIO POP 6AB;;0
13765M81R10;PIPE,AIR CLNR SUCT;59.85000000000000000000;SUZUKI;NEW CELERIO POP 6AB;;0
13766-60R00-000;HOSE, AIR SUCTION APK416;165.24200000000000000000;SUZUKI;NEW CELERIO POP 6AB;;0
13766-78R00-000;HOSE,AIR CLNR SUCT;299.73000000000000000000;SUZUKI;NEW CELERIO POP 6AB;;0
13766M55T10;HOSE,AIR CLNR SUCT;102.82900000000000000000;SUZUKI;NEW CELERIO POP 6AB;;0
13766M62S00;HOSE AIR CLEANER SUCT;67.73500000000000000000;SUZUKI;NEW CELERIO POP 6AB;;0
13766M76M01;HOSE AIR CLEANER SUCT;80.58500000000000000000;SUZUKI;NEW CELERIO POP 6AB;;0
13766M79M00;HOSE AIR CLEANER SUCT;51.80600000000000000000;SUZUKI;NEW CIAZ;;0
13766M81R10;HOSE,AIR CLNR SUCT;16.11100000000000000000;SUZUKI;NEW CELERIO POP 6AB;;0
13780-61M00-000;AIR CLEANER;94.23200000000000000000;SUZUKI;NEW CIAZ;;0
13780-68M00-000;AIR CLEANER APK414;104.84800000000000000000;SUZUKI;NEW CIAZ;;0
13780-78R00-000;ELEMENT, AIR CLEANER;88.16700000000000000000;SUZUKI;NEW CIAZ;;0
13780-81A00-000;ELEMENT, AIR CLEANER;105.79000000000000000000;SUZUKI;NEW CIAZ;;0
13780-83000-000;ELEMENT,AIR CLEANER;92.87100000000000000000;SUZUKI;NEW CELERIO POP 6AB;;0
13780M62S00;ELEMENT,AIR CLEANER;53.76300000000000000000;SUZUKI;NEW CIAZ;;0
13780M68P01;ELEMENT, AIR CLEANER;59.83600000000000000000;SUZUKI;NEW CELERIO POP 6AB;;1
13780M72R00;ELEMENT,AIR CLEANER;59.99000000000000000000;SUZUKI;NEW CIAZ;;0
13780M74L00;ELEMENT,AIR CLEANER;55.42700000000000000000;SUZUKI;NEW CIAZ;;0
13780M75T00;ELEMENT,AIR CLEANER;53.97300000000000000000;SUZUKI;NEW BALENO 6AB;;0
13780M76M00;ELEMENT,AIR CLEANER;47.47300000000000000000;SUZUKI;NEW CIAZ;;0
13780M77PA0;ELEMENT;53.40100000000000000000;SUZUKI;NEW CELERIO POP 6AB;;0
13780M81R10;ELEMENT,AIR CLEANER;52.04100000000000000000;SUZUKI;NEW CELERIO POP 6AB;;0
13825M74L00;JOINT, AIR INLET PIPE;18.22800000000000000000;SUZUKI;NEW CIAZ;;0
13870M74L00;PIPE AIR CLNR SUCT;145.86100000000000000000;SUZUKI;NEW CIAZ;;0
13877-77R00-000;COLLAR,AIR CLEANER;53.08100000000000000000;SUZUKI;NEW CIAZ;;0
13878-77R00-000;GROMMET,AIR CLEANER;49.24400000000000000000;SUZUKI;NEW CELERIO POP 6AB;;0
13881-78R00-000;HOSE,AIR CLNR OUT;162.63700000000000000000;SUZUKI;NEW CELERIO POP 6AB;;0
13881M76M00;HOSEAIR CLEANER OUTLET;51.14200000000000000000;SUZUKI;NEW CIAZ;;0
14110-61M12-H02;MANIFOLD,EXHAUST AKK416;5085.64300000000000000000;SUZUKI;NEW CELERIO POP 6AB;;0
14110-78R00-000;MANIFOLD, EXH;3762.08100000000000000000;SUZUKI;NEW CELERIO POP 6AB;;0
14110M55T00;MANIFOLD,EXH;8502.60100000000000000000;SUZUKI;NEW CELERIO POP 6AB;;0
14110M62S00;MANIFOLD COMP,EXH;4371.77900000000000000000;SUZUKI;NEW CIAZ;;0
14110M68P00;COLLECTEUR D'ECHAPPEMENT;2741.89500000000000000000;SUZUKI;NEW CELERIO POP 6AB;;0
14110M76M00;MANIFOLD, EXH;1748.60800000000000000000;SUZUKI;NEW CELERIO POP 6AB;;0
14110M79M00;MANIFOLD EXH;2255.20400000000000000000;SUZUKI;NEW CELERIO POP 6AB;;0
14110M81R50;MANIFOLD EXH;3681.21500000000000000000;SUZUKI;NEW BALENO 6AB;;0
14120-78R00-000;COVER,EXH MANF;233.63900000000000000000;SUZUKI;NEW CELERIO POP 6AB;;0
14140-71L00-000;GASKET,EXH MANF;107.73000000000000000000;SUZUKI;NEW CELERIO POP 6AB;;0
14140-79J00-000;GASKET RW416F;72.52900000000000000000;SUZUKI;NEW CELERIO POP 6AB;;0
14140M60M00;GASKET COMP,EXH MANF;46.86600000000000000000;SUZUKI;NEW CELERIO POP 6AB;;0
14140M68K10;GASKET COMP, EXH MANF;20.01300000000000000000;SUZUKI;NEW CELERIO POP 6AB;;0
14140M81R50;GASKETCOMP,EXHMANF;36.75000000000000000000;SUZUKI;NEW CELERIO POP 6AB;;0
14140M83K00;GASKET;35.75000000000000000000;SUZUKI;NEW CELERIO POP 6AB;;0
14140M83M00;GASKET COMP,EXH MANF;22.26600000000000000000;SUZUKI;NEW CELERIO POP 6AB;;0
14183-76A00-000;RING,SEAL EXH PIPE;75.28500000000000000000;SUZUKI;NEW CELERIO POP 6AB;;0
14183M69R00;RING,SEAL EXH PIPE-JOINT CATALYSEUR;86.77000000000000000000;SUZUKI;NEW CELERIO POP 6AB;;0
14183M74L00;RING SEAL EXH PIPE;85.96100000000000000000;SUZUKI;NEW CIAZ;;0
14190M55T50;PIPE, EXH;632.22500000000000000000;SUZUKI;NEW CELERIO POP 6AB;;0
14190M69R00;PIPE, EXH;571.42300000000000000000;SUZUKI;NEW CELERIO POP 6AB;;0
14190M77PB0;"PIPE EXH ";1869.41500000000000000000;SUZUKI;NEW CELERIO POP 6AB;;0
14233M68P00;INSULATOR SUB CHMBR HEAT;98.57700000000000000000;SUZUKI;NEW CELERIO POP 6AB;;0
14250-78R00-000;PIPE COMP,EXH NO.1;2337.80600000000000000000;SUZUKI;NEW CELERIO POP 6AB;;0
14250M55T50;PIPE,EXH CENTER;954.22200000000000000000;SUZUKI;NEW CIAZ;;0
14250M82R00;PIPE,EXH CENTER;1211.75500000000000000000;SUZUKI;NEW CELERIO POP 6AB;;0
14260-78R00-000;PIPE COMP,EXH CENTER;1207.67400000000000000000;SUZUKI;NEW CELERIO POP 6AB;;0
14300-61M01-000;MUFFLER AKK416;1263.99000000000000000000;SUZUKI;NEW CELERIO POP 6AB;;0
14300-78R00-000;MUFFLER;1118.11500000000000000000;SUZUKI;NEW CELERIO POP 6AB;;0
14300M55R00;MUFFLER COMP;843.67700000000000000000;SUZUKI;NEW CELERIO POP 6AB;;0
14300M55T50;MUFFLER;884.92700000000000000000;SUZUKI;NEW CELERIO POP 6AB;;0
14300M62S00;MUFFLER COMP;693.10500000000000000000;SUZUKI;NEW CELERIO POP 6AB;;0
14300M69R00;MUFFLER;674.92000000000000000000;SUZUKI;NEW CELERIO POP 6AB;;0
14300M76M01;MUFFLER;490.53900000000000000000;SUZUKI;NEW CELERIO POP 6AB;;0
14300M79M01;"MUFFLER ";1031.45400000000000000000;SUZUKI;NEW CELERIO POP 6AB;;0
14630-57K01-000;PIPE,MUFFLER TAIL;173.11600000000000000000;SUZUKI;NEW CELERIO POP 6AB;;0
15100-788D0-RXO;PUMP SET,FUEL;146.84800000000000000000;SUZUKI;NEW CELERIO POP 6AB;;0
15100-78R01-000;"PUMP ASSY FUEL ";2164.40400000000000000000;SUZUKI;NEW CIAZ;;0
15100-81A02-000;FUEL PUMP;1474.85800000000000000000;SUZUKI;NEW CELERIO POP 6AB;;0
15100M62S00;PUMP ASSY FUEL;732.41300000000000000000;SUZUKI;NEW CELERIO POP 6AB;;0
15100M68P00;PUMP ASSY,FUEL;896.94900000000000000000;SUZUKI;NEW CELERIO POP 6AB;;0
15100M68P02;PUMP ASSY,FUEL;896.94900000000000000000;SUZUKI;NEW CELERIO POP 6AB;;0
15100M69R01;PUMP ASSYFUEL;929.04200000000000000000;SUZUKI;NEW CELERIO POP 6AB;;0
15100M72R00;PUMP ASSY,FUEL;941.72100000000000000000;SUZUKI;NEW CELERIO POP 6AB;;0
15100M72R01;PUMP ASSYFUEL;941.72100000000000000000;SUZUKI;NEW CELERIO POP 6AB;;0
15100M76M00;PUMP ASSY,FUEL;791.66616637500000000000;SUZUKI;NEW CELERIO POP 6AB;;0
15100M76M02;PUMP ASSY,FUEL;831.24900000000000000000;SUZUKI;NEW CELERIO POP 6AB;;0
15100M77PB0;PUMP ASSY,FUEL;1922.31000000000000000000;SUZUKI;NEW CELERIO POP 6AB;;0
15100M79M00;PUMP ASSY, FUEL;791.66600000000000000000;SUZUKI;NEW CELERIO POP 6AB;;0
15100M79M01;PUMP ASSY, FUEL;831.24900000000000000000;SUZUKI;NEW CELERIO POP 6AB;;0
15100M82R00;PUMP ASSY, FUEL;668.68818975000000000000;SUZUKI;NEW CELERIO POP 6AB;;0
15100M82R01;PUMP ASSY, FUEL;803.46100000000000000000;SUZUKI;NEW CELERIO POP 6AB;;0
15100M83P01;PUMP ASSY, FUEL;746.83000000000000000000;SUZUKI;NEW CELERIO POP 6AB;;0
15140M62S00;FILTER, FUEL;68.95800000000000000000;SUZUKI;NEW CIAZ;;0
15140M76M00;.FILTER, FUEL;77.71800000000000000000;SUZUKI;NEW CIAZ;;0
15410M74L00;FILTER, FUEL;50.31200000000000000000;SUZUKI;NEW CIAZ;;0
15410M79M00;FILTER,FUEL;48.49900000000000000000;SUZUKI;NEW CIAZ;;0
15710-68M00-000;INJECTOR, FUEL APK414;690.59600000000000000000;SUZUKI;NEW CELERIO POP 6AB;;0
15710M72R00;INJECTOR ASSYFUEL;532.63400000000000000000;SUZUKI;NEW CELERIO POP 6AB;;0
15710M76M00;INJECTOR ASSY, FUEL;225.90700000000000000000;SUZUKI;NEW CIAZ;;0
15730-78R00-000;PIPE COMP,FUEL DELIVERY;363.06900000000000000000;SUZUKI;NEW CELERIO POP 6AB;;0
15730M76M00;"PIPE FUEL DELIVRY ";542.78900000000000000000;SUZUKI;NEW BALENO 6AB;;0
15730M81R10;PIPE COMP,FUEL DELIVERY;542.62300000000000000000;SUZUKI;NEW CIAZ;;0
15811-54P00;PIPE,FUEL FEED;271.41660000000000000000;SUZUKI;NEW CELERIO POP 6AB;;0
15811-54P00-000;PIPE,FUEL FEED APK416;284.98700000000000000000;SUZUKI;NEW CELERIO POP 6AB;;0
15811-77R00-000;PIPE,FUEL FEED;242.06700000000000000000;SUZUKI;NEW CELERIO POP 6AB;;0
15811M74L10;PIPE, FUEL FEED LH;110.49800000000000000000;SUZUKI;NEW CIAZ;;0
15811M76M00;PIPEFUEL;114.76000000000000000000;SUZUKI;NEW CIAZ;;0
15811M81R00;PIPE,FUEL FEED (LH);132.84900000000000000000;SUZUKI;NEW CELERIO POP 6AB;;0
15812-77R00-000;PIPE,FUEL(PUMP TO PIPE);170.18300000000000000000;SUZUKI;NEW CELERIO POP 6AB;;0
15815-78R00-000;HOSE,FUEL(PIPE TO ENG);209.89800000000000000000;SUZUKI;NEW CELERIO POP 6AB;;0
15815M76M00;HOSE FUEL (PIPE TO ENG);103.28300000000000000000;SUZUKI;NEW CIAZ;;0
15815M81R00;HOSE,FUEL(PIPE TO ENG);111.51900000000000000000;SUZUKI;;;0
15815M82R10;HOSE,FUEL(PIPE TO ENG;83.32400000000000000000;SUZUKI;;;0
15820-76J00;PIPE , FUEL;101.45500000000000000000;SUZUKI;NEW CELERIO POP 6AB;;0
15820M79M01;PIPETANK SIDE;339.35600000000000000000;SUZUKI;NEW CIAZ;;0
15860-76J00;PIPE , FUEL RTN;117.50200000000000000000;SUZUKI;NEW CELERIO POP 6AB;;0
15892M55R00;CLAMP, FUEL PIPE;6.11400000000000000000;SUZUKI;NEW CIAZ;;0
16100-61M01-000;PUMP,OIL AKK416;1264.57300000000000000000;SUZUKI;NEW CELERIO POP 6AB;;0
16100-62RA0-000;PUMP ASSY, OIL;1139.66000000000000000000;SUZUKI;NEW CELERIO POP 6AB;;0
16100-68M01-000;PUMP, OIL APK414;1319.38600000000000000000;SUZUKI;NEW CELERIO POP 6AB;;0
16100M62S00;PUMP ASSY,OIL;441.78900000000000000000;SUZUKI;NEW CELERIO POP 6AB;;0
16100M68P01;PUMP ASSY,OIL;405.02000000000000000000;SUZUKI;NEW CELERIO POP 6AB;;0
16100M72R00;PUMP ASSY,OIL;774.11900000000000000000;SUZUKI;NEW CELERIO POP 6AB;;0
16100M76M00;PUMP ASSY,OIL;440.79400000000000000000;SUZUKI;NEW CELERIO POP 6AB;;0
16100M81R10;PUMP ASSY,OIL;1152.01700000000000000000;SUZUKI;NEW CELERIO POP 6AB;;0
16100M83P00;PUMP ASSY,OIL;548.79500000000000000000;SUZUKI;NEW CELERIO POP 6AB;;0
16118M74LB0;O RING;3.65000000000000000000;SUZUKI;NEW CIAZ;;0
16118M81R10;O-RING,OCV;8.40000000000000000000;SUZUKI;NEW CIAZ;;0
165/80R14;PNEU 165/80R14;377.00000000000000000000;SUZUKI;;;0
16510-61A31-000;OIL FILTER;77.38900000000000000000;SUZUKI;NEW CIAZ;;0
16510-61A32-000;FILTER ASSY,OIL WAKO;77.38900000000000000000;SUZUKI;NEW CELERIO POP 6AB;;0
16510-62M00-000;FILTRE A HUILE;197.09000000000000000000;SUZUKI;NEW CELERIO POP 6AB;;0
16510-81420-000;OIL FILTER;48.17919000000000000000;SUZUKI;NEW CIAZ;;0
16510-81421-000;"OIL FILTER ";51.53800000000000000000;SUZUKI;NEW CIAZ;;0
16510-82703-000;FILTER ASSY, OIL TOKYO ROKI;58.42300000000000000000;SUZUKI;NEW CELERIO POP 6AB;;0
16510-84A11-000;OIL FILTER;78.03600000000000000000;SUZUKI;NEW CIAZ;;0
16510M65L10;OIL FILTER;25.60500000000000000000;SUZUKI;NEW CELERIO POP 6AB;;0
16510M65L20;FILTER ASSY OIL;25.60500000000000000000;SUZUKI;NEW BALENO 6AB;;0
16510M68K00;FILTER ASSY OIL;26.12640000000000000000;SUZUKI;NEW CIAZ;;0
16510M68K20;FILTER ASSY OIL;26.12600000000000000000;SUZUKI;NEW CIAZ;;0
16520M68P00;STRAINER,OIL PUMP;192.65800000000000000000;SUZUKI;NEW BALENO 6AB;;0
16550M55RA0;VALVE OIL CONTROL;748.14200000000000000000;SUZUKI;NEW CELERIO POP 6AB;;0
16550M81R10;VALVE COMP,OIL CONTROL;301.35000000000000000000;SUZUKI;NEW CELERIO POP 6AB;;0
16570M81R10;SENSOR COMP,OIL TEMP;210.91900000000000000000;SUZUKI;NEW BALENO 6AB;;0
16910-68M00-000;GAUGE,OIL LEVEL APK414;78.08500000000000000000;SUZUKI;NEW CELERIO POP 6AB;;0
16910M68PA1;GAUGE COMP,OIL LEVEL;19.15700000000000000000;SUZUKI;NEW CELERIO POP 6AB;;0
16920-50M01-000;CAP, OIL FILLER;81.86500000000000000000;SUZUKI;NEW CELERIO POP 6AB;;0
16920-83G00-000;CAP,OIL FILLER;83.71800000000000000000;SUZUKI;NEW CELERIO POP 6AB;;0
16920-83G02-000;CAP,OIL FILLER;35.17200000000000000000;SUZUKI;NEW CELERIO POP 6AB;;0
16920M68K00;CAP,OIL FILLER;14.99400000000000000000;SUZUKI;NEW CELERIO POP 6AB;;0
16920M83P00;CAP,OIL FILTER;22.48600000000000000000;SUZUKI;NEW CELERIO POP 6AB;;0
16920M83P10;CAP OIL FILTER;13.51400000000000000000;SUZUKI;NEW CELERIO POP 6AB;;0
17100-60R00-000;FAN,ENGINE COOLING APK414;1447.12000000000000000000;SUZUKI;NEW CELERIO POP 6AB;;0
17100-61M20-000;FAN ASSY, ENGINE COOLING;1788.97300000000000000000;SUZUKI;NEW BALENO 6AB;;0
17100M62S00;FAN ASSY;556.55400000000000000000;SUZUKI;NEW CELERIO POP 6AB;;0
17100M68P00;FAN ASSY, ENG CLG;788.60600000000000000000;SUZUKI;NEW CELERIO POP 6AB;;0
17100M71P00;FAN ASSY,ENGINE COOLING;624.44400000000000000000;SUZUKI;NEW CELERIO POP 6AB;;0
17100M72R00;FAN ASSY, COOLING;785.23400000000000000000;SUZUKI;NEW CELERIO POP 6AB;;0
17100M77PA0;FAN ASSY;545.65900000000000000000;SUZUKI;NEW CELERIO POP 6AB;;0
17100M79M02;FAN ASSY,ENGINE COOLING;775.58300000000000000000;SUZUKI;NEW CELERIO POP 6AB;;0
17100M79M03;FAN ASSY,ENGINE COOLING;814.36200000000000000000;SUZUKI;NEW CELERIO POP 6AB;;0
17100M81R00;FAN ASSY ENGINE CLG;605.98500000000000000000;SUZUKI;NEW BALENO 6AB;;0
17111M68P00;FAN COOLING;99.12200000000000000000;SUZUKI;NEW BALENO 6AB;;0
17111M74L00;FAN, COOLING;87.83100000000000000000;SUZUKI;NEW CIAZ;;0
17111M74T00;FAN, COOLING;264.74700000000000000000;SUZUKI;NEW CELERIO POP 6AB;;0
17111M76M00;FAN, COOLING;83.58900000000000000000;SUZUKI;NEW CELERIO POP 6AB;;0
17120-60R10-000;MOTOR ASSY,COOLING FAN APK41#;813.01800000000000000000;SUZUKI;NEW CELERIO POP 6AB;;0
17120-78R01-000;MOTOR ASSY,FAN;1099.15500000000000000000;SUZUKI;NEW CELERIO POP 6AB;;0
17120M74L00;MOTOR ASSY, COOLING FAN;329.20000000000000000000;SUZUKI;NEW CIAZ;;0
17120M76M00;MOTOR , FAN;286.29300000000000000000;SUZUKI;NEW CIAZ;;0
17120M85S01;MOTOR ASSY COOLING FAN;952.34000000000000000000;SUZUKI;NEW CELERIO POP 6AB;;0
17129-56F00-000;SCREW, RW420D;18.23900000000000000000;SUZUKI;NEW CELERIO POP 6AB;;0
17191M54T00;PLATE, HEAT SHIELD;71.36600000000000000000;SUZUKI;NEW CELERIO POP 6AB;;0
17211M76M00;COVER,RADIATOR UPR1;57.21900000000000000000;SUZUKI;NEW CELERIO POP 6AB;;0
17211M76M10;COVER,RADIATOR UPR1;42.93900000000000000000;SUZUKI;NEW CELERIO POP 6AB;;0
17212M76M00;COVER,RADIATOR LWR1;55.69400000000000000000;SUZUKI;NEW CELERIO POP 6AB;;0
17212M76M10;"COVER,RADIATOR LWR1 ";49.74400000000000000000;SUZUKI;NEW CELERIO POP 6AB;;0
17213M76M00;COVER,RADIATOR R;48.08100000000000000000;SUZUKI;NEW CELERIO POP 6AB;;0
17214M76M00;COVER,RADIATOR L;42.33600000000000000000;SUZUKI;NEW CIAZ;;0
17214M76M10;"COVER,RADIATOR ";35.46800000000000000000;SUZUKI;NEW CELERIO POP 6AB;;0
17400-69G04-000;PUMP SET,WATER RM413 RW416;572.60800000000000000000;SUZUKI;NEW CELERIO POP 6AB;;0
17400-69L02-000;PUMP, WATER AZG412/T3;468.90100000000000000000;SUZUKI;NEW CELERIO POP 6AB;;0
17400-69L04-000;PUMP ASSY,WATER;468.90100000000000000000;SUZUKI;NEW CELERIO POP 6AB;;0
17400M67L20;PUMP ASSY,WATER;258.30500000000000000000;SUZUKI;NEW CELERIO POP 6AB;;0
17400M67L21;PUMP ASSY,WATER;258.30500000000000000000;SUZUKI;NEW CELERIO POP 6AB;;0
17400M67L23;"WATER ASSY PUMP ";258.30500000000000000000;SUZUKI;NEW CELERIO POP 6AB;;0
17400M67L24;PUMP ASSY,WATER;275.22200000000000000000;SUZUKI;NEW CELERIO POP 6AB;;0
17400M83F04;PUMP ASSY WATER;262.96500000000000000000;SUZUKI;NEW CELERIO POP 6AB;;0
174120M6BPA0;CORE ASSY HTR;412.45600000000000000000;SUZUKI;NEW CIAZ;;0
17431M60A20;GASKET WATER PUMP;1.55500000000000000000;SUZUKI;NEW CELERIO POP 6AB;;0
17511-64J01-000;PULLEY,WATER PUMP JB416X;186.05000000000000000000;SUZUKI;NEW CELERIO POP 6AB;;0
17511-68M00-000;PULLEY,WATER PUMP;113.05100000000000000000;SUZUKI;NEW CELERIO POP 6AB;;0
17511M68PA0;PULLEY,WATER PUMP;91.35000000000000000000;SUZUKI;NEW CELERIO POP 6AB;;0
17521-61M00-000;BELT,WATER P;92.70700000000000000000;SUZUKI;NEW CELERIO POP 6AB;;0
17521-61MA0-000;BELT,WATER PUMP APK416;86.01100000000000000000;SUZUKI;NEW CIAZ;;0
17521-64J00-000;BELT,WATER PUMP 5PK835;46.86800000000000000000;SUZUKI;NEW CELERIO POP 6AB;;0
17521-78R00-000;BELT,WATER PUMP (5PK951;84.09900000000000000000;SUZUKI;NEW CELERIO POP 6AB;;0
17521-81P00-000;BELT,WATER PUMP 5PK913;85.90100000000000000000;SUZUKI;NEW CIAZ;;0
17521M68K50;BELT,WATER PUMP;68.11300000000000000000;SUZUKI;NEW CIAZ;;0
17521M68P00;BELT, WATER PUMP;94.01900000000000000000;SUZUKI;NEW CIAZ;;0
17521M68PA0;BELT, WATER PUMP;60.75600000000000000000;SUZUKI;NEW CIAZ;;0
17530-62R02;"PULLEY COMP BELT TENSIONER ";180.29700000000000000000;SUZUKI;NEW CELERIO POP 6AB;;0
17530-62R03-000;PULLEY COMP,BELT TENSIONER;180.29700000000000000000;SUZUKI;;;0
17530M62S00;"PULLY BELT TENSIONER ";175.86200000000000000000;SUZUKI;NEW CELERIO POP 6AB;;0
17540M81R10;TENSIONER ASSY,GEN BELT;367.24300000000000000000;SUZUKI;NEW CELERIO POP 6AB;;0
17540M81RA0;TENSIONER ASSY, GEN BELT;314.36300000000000000000;SUZUKI;NEW CELERIO POP 6AB;;0
17561M81R10;CAP,WTR THERMO;61.65600000000000000000;SUZUKI;NEW CELERIO POP 6AB;;0
17570-78R00-000;CAP,  WATER OUTLET;191.50800000000000000000;SUZUKI;NEW CELERIO POP 6AB;;0
17670-50G11-000;THERMOSTAT COMP,WTR;0.00000000000000000000;SUZUKI;;;0
17670-81AB1-000;THERMOSTAT,WTR 82 DEG;100.49000000000000000000;SUZUKI;NEW CELERIO POP 6AB;;0
17690M81R10;CASE COMP,THERMO;199.89400000000000000000;SUZUKI;NEW CIAZ;;0
17700-54P30-000;RADIATOR ASSY;1829.54875162500000000000;SUZUKI;NEW CIAZ;;0
17700-60R00-000;RADIATOR APK416;3127.13300000000000000000;SUZUKI;NEW CELERIO POP 6AB;;0
17700-61M20-000;RADIATOR AKK416 5MT E24/E71;1446.90100000000000000000;SUZUKI;NEW CIAZ;;0
17700-69T00-000;RADIATOR ASSY;0.00000000000000000000;SUZUKI;;;0
17700-78R00-000;"RADIATOR ASSY ";1776.34700000000000000000;SUZUKI;NEW CIAZ;;0
17700-78R10-000;RADIATOR ASSY;1986.14400000000000000000;SUZUKI;NEW CIAZ;;0
17700-80JB0-000;RADIATOR ASSY;1561.21000000000000000000;SUZUKI;NEW CIAZ;;0
17700-83002-000;RADIATOR ASSY;1588.69200000000000000000;SUZUKI;NEW CIAZ;;0
17700M72R10;RADIATOR ASSY;904.65800000000000000000;SUZUKI;NEW CIAZ;;0
17700M76M10;RADIATOR ASSY;574.66500000000000000000;SUZUKI;NEW BALENO 6AB;;0
17700M76T00;RADIATOR ASSY;1587.86900000000000000000;SUZUKI;NEW BALENO 6AB;;0
17760-77R00-000;SHROUD, FAN;382.78000000000000000000;SUZUKI;NEW CIAZ;;0
17760-78R10-000;SHROUD,FAN;278.85900000000000000000;SUZUKI;NEW CELERIO POP 6AB;;0
17760M76M00;SHROUD;163.21300000000000000000;SUZUKI;NEW CIAZ;;0
17830M81R00;PIPE COMP,WTR INLET;156.91900000000000000000;SUZUKI;NEW CIAZ;;0
17840-78R00-000;PIPE COMP,WATER OUTLET;425.70300000000000000000;SUZUKI;NEW CELERIO POP 6AB;;0
17852M74L00;HOSE, RADIATOR INLET;25.02500000000000000000;SUZUKI;NEW CIAZ;;0
17852M79M00;HOSE, RADIATOR INLET;66.07400000000000000000;SUZUKI;NEW CIAZ;;0
17852M81R00;HOSE,RDTR INLET;60.90000000000000000000;SUZUKI;NEW CIAZ;;0
17854M74L00;HOSE, RADIATOR OUTLET;58.08500000000000000000;SUZUKI;NEW CIAZ;;0
17854M74L00-000;HOSE RADIATOR OUTLET;0.00000000000000000000;SUZUKI;NEW CIAZ;;0
17854M76M00;HOSE,RDTR OUTLET;39.59600000000000000000;SUZUKI;NEW CIAZ;;0
17854M79M00;HOSE, RADIATOR OUTLET;49.36000000000000000000;SUZUKI;NEW CIAZ;;0
17854M81R00;HOSE,RDTR OUTLET;103.95000000000000000000;SUZUKI;NEW CIAZ;;0
17861M74L00;BRACKET, RADIATOR SUP UPP;16.55000000000000000000;SUZUKI;NEW CIAZ;;0
17861M76M00;BRACKET,RDTR SUPPORT UPPE;16.70500000000000000000;SUZUKI;NEW CIAZ;;0
17861M79M00;BRACKET,RADIATOR SUPPORT;19.17100000000000000000;SUZUKI;NEW CIAZ;;0
17862M76M00;BRACKET,RDTR SUPPORT UPPE;14.47700000000000000000;SUZUKI;NEW CIAZ;;0
17871M62S00;HOSE,HTR INLET;84.65200000000000000000;SUZUKI;;;0
17871M76M00;HOSE,HTR INLET;36.63400000000000000000;SUZUKI;NEW CIAZ;;0
17872M62S00;HOSE,HTR OUTLET;71.99400000000000000000;SUZUKI;;;0
17872M74L00;HOSE, HTR OUTLET;28.15600000000000000000;SUZUKI;NEW CIAZ;;0
17872M76M00;HOSE,HTR OUTLET;29.90600000000000000000;SUZUKI;NEW CIAZ;;0
17878M74L00;MOUNT, RADIATOR SUPPORT LOWE |;16.03000000000000000000;SUZUKI;NEW CIAZ;;0
17879M66R00;MOUNT,RADIATOR SUPPORT UPPER;6.45000000000000000000;SUZUKI;NEW CIAZ;;0
17879M76M00;MOUNT,RADIATOR SUPPORT UPPER|;22.10200000000000000000;SUZUKI;NEW CIAZ;;0
17879M79M50-000;MOUNTRADIATOR SUPPORT UPPER;19.52100000000000000000;SUZUKI;NEW CIAZ;;0
17880-78R00-000;PIPE,  HEATER;208.16300000000000000000;SUZUKI;NEW CELERIO POP 6AB;;0
17930M81P01;TANK ASSY,WATER RESERVE;100.40800000000000000000;SUZUKI;NEW CIAZ;;0
17931-60R00-000;TANK,WATER RESERVE APK416;107.92600000000000000000;SUZUKI;NEW CELERIO POP 6AB;;0
17931-61M10-000;TANK,WATER R;104.44000000000000000000;SUZUKI;NEW CELERIO POP 6AB;;0
17931-77R00-000;TANK, WATER RESERVE;256.08900000000000000000;SUZUKI;NEW CELERIO POP 6AB;;0
17931-80001-000;TANK,WATER RESERVE;52.21700000000000000000;SUZUKI;NEW CELERIO POP 6AB;;0
17931M68P00;TANK, WATER RESERVE;65.79500000000000000000;SUZUKI;NEW CELERIO POP 6AB;;0
17931M71P00;TANK,WATER RESERVE;50.84500000000000000000;SUZUKI;NEW CELERIO POP 6AB;;0
17931M79M00;TANK,WATER RESERVE;48.09500000000000000000;SUZUKI;NEW CELERIO POP 6AB;;0
17932-63J00-000;CAP, WATER TANK RS413 JB420W;36.17100000000000000000;SUZUKI;NEW CELERIO POP 6AB;;0
17932-76G00-000;CAP, WATER RESERVE TANK;38.46900000000000000000;SUZUKI;NEW CELERIO POP 6AB;;0
17932M76G00;CAP,WATER RESERVE TANK;12.26400000000000000000;SUZUKI;NEW CIAZ;;0
17932M76M00;.CAP,WATERRESERVERTANK;11.38900000000000000000;SUZUKI;NEW CELERIO POP 6AB;;0
17939-77R00-000;HOSE,RDTR TO RSVR TANK;64.49900000000000000000;SUZUKI;NEW CELERIO POP 6AB;;0
18118-60M00-000;VALVE,PCV;113.18926500000000000000;SUZUKI;NEW CELERIO POP 6AB;;0
18118-68M00-000;VALVE,PCV APK414;89.16606562500000000000;SUZUKI;NEW CELERIO POP 6AB;;0
18118-84MA0-000;VALVE PCV;94.80600000000000000000;SUZUKI;NEW CELERIO POP 6AB;;0
18130-68M03-RX0;PUMP ASSY,VACUUM;737.82600000000000000000;SUZUKI;NEW BALENO 6AB;;0
18213-54LB0-000;SENSOR,OXYGE;353.35500000000000000000;SUZUKI;NEW CELERIO POP 6AB;;0
18213-60RA0-000;SENSOR, OXIGEN APK414;361.29100000000000000000;SUZUKI;NEW CELERIO POP 6AB;;0
18213-60RB0-000;SENSOR, OXIGEN APK414 RR;371.78000000000000000000;SUZUKI;NEW CELERIO POP 6AB;;0
18213-61M00-000;SENSOR,OXYGE RR;433.11200000000000000000;SUZUKI;NEW CELERIO POP 6AB;;0
18213-78R00-000;SENSOR,OXYGEN;815.98200000000000000000;SUZUKI;NEW CELERIO POP 6AB;;0
18213-78R10-000;SENSOR,OXYGENRR;815.98200000000000000000;SUZUKI;NEW CELERIO POP 6AB;;0
18213M50RA0;SENSOR, OXYGEN;405.96300000000000000000;SUZUKI;NEW CELERIO POP 6AB;;0
18213M54T00;SENSOR,OXYGEN;503.92900000000000000000;SUZUKI;NEW CELERIO POP 6AB;;0
18213M62S00;SENSOR, OXYGEN;326.14500000000000000000;SUZUKI;NEW CELERIO POP 6AB;;0
18213M62S10;SENSOR, OXYGEN RR;328.43700000000000000000;SUZUKI;NEW CELERIO POP 6AB;;0
18213M68KB0;SENSOR,OXYGEN RR;270.53400000000000000000;SUZUKI;NEW CELERIO POP 6AB;;0
18213M68P00;SENSOR, OXYGEN;338.00400000000000000000;SUZUKI;NEW CELERIO POP 6AB;;0
18213M68P01;SENSOR,OXYGEN;338.00400000000000000000;SUZUKI;NEW CELERIO POP 6AB;;0
18213M68P10;SENSOR, OXYGEN RR;365.66400000000000000000;SUZUKI;NEW CELERIO POP 6AB;;0
18213M74L00;SENSOR, OXYGEN;357.50400000000000000000;SUZUKI;NEW CELERIO POP 6AB;;0
18213M76M00;SENSOR, OXYGEN;496.34600000000000000000;SUZUKI;NEW CELERIO POP 6AB;;0
18213M76M20;SENSOR, OXYGEN RR;374.51000000000000000000;SUZUKI;NEW CELERIO POP 6AB;;0
18213M81R50;SENSOR,OXYGEN;404.25000000000000000000;SUZUKI;NEW CELERIO POP 6AB;;0
18213M81R60;SENSOR,OXYGEN RR;310.48600000000000000000;SUZUKI;NEW CELERIO POP 6AB;;0
18351-77R00-000;PIPE, PURGE;169.20700000000000000000;SUZUKI;NEW CIAZ;;0
18351M76M10;PIPEEVAP;82.72900000000000000000;SUZUKI;NEW CIAZ;;0
18352-77R00-000;PIPE, PURGE (CSTR TO PIPE;144.07800000000000000000;SUZUKI;NEW CELERIO POP 6AB;;0
18530M81R10;PIPECOMP,EGR;207.90000000000000000000;SUZUKI;NEW CIAZ;;0
18560-69L00-000;CANISTER AZG412;208.87600000000000000000;SUZUKI;NEW CIAZ;;0
18560-77R00-000;CANISTER;422.82800000000000000000;SUZUKI;NEW CIAZ;;0
18560M66R00;CANISTER;113.70800000000000000000;SUZUKI;NEW CIAZ;;0
18560M81R00;CANISTERCOMP;174.30000000000000000000;SUZUKI;NEW CIAZ;;0
18560M83F00;CANISTER COMP E3;82.70800000000000000000;SUZUKI;NEW CIAZ;;0
18560M83F10;CANISTER;83.26900000000000000000;SUZUKI;NEW CIAZ;;0
18567-77R00-000;HOSE, CANISTER AIR SUCTION;52.04100000000000000000;SUZUKI;NEW CIAZ;;0
18571-77R00-000;PROTECTOR, CANISTER;135.00700000000000000000;SUZUKI;NEW CIAZ;;0
18590-78R00-000;SENSOR ASSY,PRESSURE;717.68200000000000000000;SUZUKI;NEW CELERIO POP 6AB;;0
18590M76M00;SENSOR, MAP;108.94700000000000000000;SUZUKI;NEW CIAZ;;0
18640M76M00;SENSOR ASSY,KNOCK;112.60000000000000000000;SUZUKI;NEW CIAZ;;0
18710M81R10;COOLER COMP,EGR;714.00000000000000000000;SUZUKI;NEW CIAZ;;0
195R15_AM;"TIRE 195/R/15 ";385.56570000000000000000;SUZUKI;NEW CELERIO POP 6AB;;0
20002-72R10;"TRANSMISSION ASSY AUTO ";13865.54600000000000000000;SUZUKI;NEW CIAZ;;0
20002-78R11-000;TRANSMISSION ASSY,AUTOMATIC;9773.06700000000000000000;SUZUKI;NEW CELERIO POP 6AB;;0
20009-54PL3;"AT TRANSMISSION ASSY ";7929.49100000000000000000;SUZUKI;NEW CELERIO POP 6AB;;0
20009-69TN0-000;"TRANSMISSION ASSY CVT ";16881.66600000000000000000;SUZUKI;;;0
20089M56RC0;TRANSMISSION ASSY;15672.27000000000000000000;SUZUKI;NEW CELERIO POP 6AB;;0
20089M62S10;"TRANSMISSION ASSY 5MT ";5041.52600000000000000000;SUZUKI;NEW CIAZ;;0
20089M83P00;YP8MC14 PET TM ABS;5750.90967150000000000000;SUZUKI;NEW CELERIO POP 6AB;;0
20708M79M20;SHAFT SET, FRONT DRIVE R;0.00000000000000000000;SUZUKI;NEW CELERIO POP 6AB;;0
22011M76M01;CLUTCH SET;496.19396000000000000000;SUZUKI;NEW BALENO 6AB;;0
22011M76M03;CLUTCH SET;600.71400000000000000000;SUZUKI;NEW CIAZ;;0
22011M78L00;CLUTCH SET;439.50100000000000000000;SUZUKI;NEW CELERIO POP 6AB;;0
22100-61M00-000;COVER ASSY,CLUTCH AKK416;316.97500000000000000000;SUZUKI;NEW CIAZ;;0
22100-78R00-000;"COVER ASSY,CLUTCH ";476.57700000000000000000;SUZUKI;NEW CIAZ;;0
22100-78R01-000;COVER ASSY,CLUTCH;476.57700000000000000000;SUZUKI;NEW CELERIO POP 6AB;;0
22100M60M00;COVER ASSY, CLUTCH;269.97800000000000000000;SUZUKI;NEW CELERIO POP 6AB;;0
22100M66R02;COVER ASSY CLUTCH;269.97800000000000000000;SUZUKI;NEW BALENO 6AB;;0
22100M66R20;COVER ASSY, CLUTCH;269.97800000000000000000;SUZUKI;NEW CIAZ;;0
22100M66R22;COVER ASSY, CLUTCH;269.97800000000000000000;SUZUKI;NEW CIAZ;;0
22100M67K40;COVER ASSY, CLUTCH;332.14500000000000000000;SUZUKI;NEW CIAZ;;0
22100M68P00;COVER ASSYCLUTCH;358.81900000000000000000;SUZUKI;NEW CIAZ;;0
22100M72R00;COVER ASSY, CLUTCH;350.70200000000000000000;SUZUKI;NEW CIAZ;;0
22100M76M00;COVER ASSY, CLUTCH;258.09700000000000000000;SUZUKI;NEW CIAZ;;0
22100M83K60;COVER ASSY, CLUTCH;164.82900000000000000000;SUZUKI;NEW CELERIO POP 6AB;;0
22400-61M01-000;DISC,CLUTCH AKK416;458.57300000000000000000;SUZUKI;NEW CIAZ;;0
22400-78R00-000;"DISC, CLUTCH ";451.72300000000000000000;SUZUKI;NEW CIAZ;;0
22400M60M20;DISC,CLUTCH;253.98500000000000000000;SUZUKI;NEW CIAZ;;0
22400M66R00;DISC, CLUTCH;253.86500000000000000000;SUZUKI;NEW CIAZ;;0
22400M68P20;DISC, CLUTCH;331.27200000000000000000;SUZUKI;NEW CIAZ;;0
22400M72R00;DISC CLUTCH;301.82500000000000000000;SUZUKI;NEW CIAZ;;0
22400M76M01;DISC, CLUTCH;230.00000000000000000000;SUZUKI;NEW CIAZ;;0
22400M76M03;DISC COMP CLUTCH;302.40000000000000000000;SUZUKI;NEW CELERIO POP 6AB;;0
22400M76M22;DISC CLUTCH;301.90100000000000000000;SUZUKI;NEW CIAZ;;0
22400M81R00;DISCCOMP,CLUTCH;389.81500000000000000000;SUZUKI;NEW CELERIO POP 6AB;;0
22400M83K02;DISC CLUTCH;277.18500000000000000000;SUZUKI;NEW CIAZ;;0
22400M83K03;DISC, CLUTCH;277.18500000000000000000;SUZUKI;;;0
22620-73KR1-000;PLATE,T/C DRIVE;929.00300000000000000000;SUZUKI;NEW CELERIO POP 6AB;;0
22620M68PJ0;PLATE, T/C DRIVE;314.26900000000000000000;SUZUKI;NEW CELERIO POP 6AB;;0
22710-77M10-000;CONVERTER, TORQUE;2829.69100000000000000000;SUZUKI;NEW CELERIO POP 6AB;;0
22710-78R10-000;CONVERTER COMP,TORQUE;2829.69200000000000000000;SUZUKI;NEW CELERIO POP 6AB;;0
22800-76J11-000;PUMP ASSY,OIL;1150.41700000000000000000;SUZUKI;NEW CIAZ;;0
22820M81RE0;ACCUMULATOR;769.08800000000000000000;SUZUKI;NEW BALENO 6AB;;0
22860-66HT0-000;RING SET,OIL PUMP SEAL;64.02700000000000000000;SUZUKI;NEW CELERIO POP 6AB;;0
22860-77MT0;"RING SET OIL PUMP SEAL ";61.54480000000000000000;SUZUKI;NEW CELERIO POP 6AB;;0
22881-79C10-000;SEAL,OIL PUMP OIL;48.10900000000000000000;SUZUKI;NEW CELERIO POP 6AB;;0
2290TM66RE0;TANK SET, OIL;245.96600000000000000000;SUZUKI;NEW BALENO 6AB;;0
23100M55RF3;ACTUATOR ASSY;6671.54100000000000000000;SUZUKI;NEW CIAZ;;0
23100M55RF5;ACTUATOR ASSY;6671.54100000000000000000;SUZUKI;NEW CIAZ;;0
23100M55RF6;ACTUATOR ASSY;6738.25600000000000000000;SUZUKI;NEW CELERIO POP 6AB;;0
23100M76MF4;ACTUATOR ASSY;4209.33100000000000000000;SUZUKI;NEW CELERIO POP 6AB;;0
23100M76MF5;ACTUATOR ASSY;4419.79800000000000000000;SUZUKI;NEW CELERIO POP 6AB;;0
23100M81RE5;ACTUATOR ASSY;8384.89300000000000000000;SUZUKI;NEW CIAZ;;0
23211-77R00-000;FORK,CLUTCH RELEASE;180.11200000000000000000;SUZUKI;NEW CELERIO POP 6AB;;0
23231-64PG0-000;CLIP,CLUTCH RELEASE BRG;34.75200000000000000000;SUZUKI;NEW CELERIO POP 6AB;;0
23231M77P00;CLIP,CLUTCH RELEASE BRG;55.09400000000000000000;SUZUKI;NEW CELERIO POP 6AB;;0
23241-50F00-000;CLIP,CLUTCH RELEASE FORK;28.88100000000000000000;SUZUKI;NEW CELERIO POP 6AB;;0
23265-64P20-000;"BEARING CLUTCH ";341.51500000000000000000;SUZUKI;NEW CELERIO POP 6AB;;0
23265-81A40-000;"BEARING,CLUTCH RELEASE ";325.25210812500000000000;SUZUKI;;;0
23265M77P00;BEARING,CLUTCH RELEASE;114.01000000000000000000;SUZUKI;NEW CELERIO POP 6AB;;0
23265M79F00;BEARING,CLUTCH RELEASE;151.30300000000000000000;SUZUKI;NEW CELERIO POP 6AB;;0
23265M79F40;BEARING, CLUTCH RELEASE;144.09800000000000000000;SUZUKI;NEW CELERIO POP 6AB;;0
23265M79F41;BEARING, CLUTCH RELEASE;144.09800000000000000000;SUZUKI;NEW CELERIO POP 6AB;;0
23265M79F80;BEARING, CLUTCH RELEASE;151.30300000000000000000;SUZUKI;NEW CELERIO POP 6AB;;0
23266M68P00;ARM,CLUTCH RELEASE;52.16900000000000000000;SUZUKI;NEW CELERIO POP 6AB;;0
23268-50F01-000;BOOT,CLUTCH RELEASE FORK;28.02100000000000000000;SUZUKI;NEW CELERIO POP 6AB;;0
23269M76M00;SPRING,RELEASE SHAFT RETURN;17.31500000000000000000;SUZUKI;;;0
23710M62S01;CABLE ASSY,CLUTCH LH;87.77300000000000000000;SUZUKI;NEW CELERIO POP 6AB;;0
23710M74L00;CABLE ASSY, CLUTCH LH;181.22300000000000000000;SUZUKI;NEW CELERIO POP 6AB;;0
23710M76M40;CABLE ASSY,CLUTCH LH;84.28900000000000000000;SUZUKI;NEW CELERIO POP 6AB;;0
23710M77P60;CABLE ASSY,CLUTCH LH;68.69500000000000000000;SUZUKI;NEW CELERIO POP 6AB;;0
23710M81R00;CABLE ASSY,CLUTCH LH;172.53700000000000000000;SUZUKI;NEW CELERIO POP 6AB;;0
23810-54P00-000;CYLINDER,CLUTCH MASTER APK416;361.43946562500000000000;SUZUKI;NEW CELERIO POP 6AB;;0
23810-78R00-000;CYLINDER ASSY,CLUTCH MASTER;498.30000000000000000000;SUZUKI;NEW CELERIO POP 6AB;;0
23810M55T00;CYLINDER ASSY,CLUTCH MASTER;395.41700000000000000000;SUZUKI;NEW CELERIO POP 6AB;;0
23810M68P02;CYLINDER ASSY,CLUTCH MASTER;354.46600000000000000000;SUZUKI;NEW CELERIO POP 6AB;;0
23810M68P22;CYLINDER ASSYCLUTCH MASTER;354.46600000000000000000;SUZUKI;NEW CELERIO POP 6AB;;0
23810M79M01;CYLINDER ASSY, CLUTCH MASTER;201.13000000000000000000;SUZUKI;NEW CELERIO POP 6AB;;0
23820-77R00-000;CYLINDER ASSY,CLUTCH OPERATING;368.61905587500000000000;SUZUKI;NEW CELERIO POP 6AB;;0
23820-77R01-000;CYLINDER ASSY,CLUTCH OPERATING;387.05000000000000000000;SUZUKI;NEW CELERIO POP 6AB;;0
23820-79J00-000;CYLINDER ASSY, CLUTCH RW416F;337.85400000000000000000;SUZUKI;NEW CELERIO POP 6AB;;0
23820M68P00;CYLINDER ASSY,CLUTCH OPERATIN;373.22500000000000000000;SUZUKI;NEW BALENO 6AB;;0
23820M74T00;CYLINDER ASSY,CLUTCH OPERATING;325.93400000000000000000;SUZUKI;;;0
23820M79M00;CYLINDER ASSY, CLUTCH;325.93400000000000000000;SUZUKI;NEW CELERIO POP 6AB;;0
23820M79M01;CYLINDER ASSY, CLUTCH;325.93400000000000000000;SUZUKI;NEW CELERIO POP 6AB;;0
23830M55T40;PIPE,CLUTCH OIL LH;137.46600000000000000000;SUZUKI;NEW CELERIO POP 6AB;;0
23830M79M00;PIPE, CLUTCH OIL LH;295.67300000000000000000;SUZUKI;NEW CIAZ;;0
23830M79M01;PIPE COMP,CLUTCH OIL LH;166.55100000000000000000;SUZUKI;NEW CELERIO POP 6AB;;0
23856M79M00;JOINT, CLUTCH OIL;298.22800000000000000000;SUZUKI;NEW CIAZ;;0
23871M68L00;BRACKET, CLUTCH OIL HOSE;15.72900000000000000000;SUZUKI;NEW CELERIO POP 6AB;;0
24114M76M80;GEAR, INPUT SHAFT 5TH;188.49600000000000000000;SUZUKI;NEW CELERIO POP 6AB;;0
24131M55KD0;SHAFT, TRANSMISSION COUNTER;408.75739000000000000000;SUZUKI;NEW CIAZ;;0
24155M76M00;BEARING,INPUT SHAFT R;62.33200000000000000000;SUZUKI;NEW CIAZ;;0
24165M76M00;BEARING,INPUT SHAFT,L;86.18100000000000000000;SUZUKI;NEW CIAZ;;0
24175M68K00;BEARING COUNTERSHAFT, R;48.75800000000000000000;SUZUKI;NEW BALENO 6AB;;0
24175M68K20;BEARING COUNTERSHAFT,R ;48.75800000000000000000;SUZUKI;NEW BALENO 6AB;;0
24175M68K40;BEARING COUNTERSHAFT,R;51.19600000000000000000;SUZUKI;NEW BALENO 6AB;;0
24185M76M00;BEARING,COUNTERSHAFT,L;62.06900000000000000000;SUZUKI;NEW CIAZ;;0
24283M76M00;BEARING,3RD & 4TH GEAR NDL;55.39800000000000000000;SUZUKI;NEW CELERIO POP 6AB;;0
24283M86J20;BEARING, 3RD GEAR NEEDLE;88.01100000000000000000;SUZUKI;NEW CELERIO POP 6AB;;0
24285M68K00;BEARING 5TH GEAR NDL.;24.62300000000000000000;SUZUKI;NEW CELERIO POP 6AB;;0
24285M76M00;BEARING,5THGEARNEEDLE;61.95000000000000000000;SUZUKI;NEW CELERIO POP 6AB;;0
24285M79MA0;BEARING,5TH GEAR NEEDLE;59.62400000000000000000;SUZUKI;NEW CIAZ;;0
24311M86JA0;GEAR,CTSHFT 1ST;241.01600000000000000000;SUZUKI;NEW CELERIO POP 6AB;;0
24320-77R00;"GEAR, COUNTER SHAFT 2ND ";536.40100000000000000000;SUZUKI;NEW CELERIO POP 6AB;;0
24320-77R00-000;GEAR COMP,COUNTERSHAFT 2ND;536.40100000000000000000;SUZUKI;;;0
24321M60M01;GEAR COUNTERSHAFT 2ND;281.20700000000000000000;SUZUKI;;;0
24336M76M20;SPACER,3RD & 4TH GEAR;17.24300000000000000000;SUZUKI;NEW CELERIO POP 6AB;;0
24341M55KA0;GEAR,COUNTERSHAFT 4TH;178.53700000000000000000;SUZUKI;NEW CIAZ;;0
24341M76M00;GEAR,COUNTERSHAFT 4TH;250.93400000000000000000;SUZUKI;NEW CIAZ;;0
24351M55KD0;GEAR, COUNTERSHAFT 5TH;266.01800000000000000000;SUZUKI;NEW CIAZ;;0
24351M76M00;GEAR,COUNTERSHAFT 5TH;334.01600000000000000000;SUZUKI;NEW CIAZ;;0
24381M68K00;BEARING,1ST GEAR NDL;136.58800000000000000000;SUZUKI;NEW CELERIO POP 6AB;;0
24381M68K20;BEARING 1ST NEEDLE;136.58800000000000000000;SUZUKI;NEW CELERIO POP 6AB;;0
24381M76M00;BEARING,1STGEARNDL;61.95000000000000000000;SUZUKI;NEW CIAZ;;0
24382M68K00;BEARING, 2ND GEAR NEEDLE;29.89400000000000000000;SUZUKI;NEW CELERIO POP 6AB;;0
24382M76M00;BEARING,2NDGEARNDL;61.95000000000000000000;SUZUKI;NEW CELERIO POP 6AB;;0
24385M76M00;RING COUNTERSHAFT BRG SNAP;5.09700000000000000000;SUZUKI;NEW CELERIO POP 6AB;;0
24391M76M00;CIRCLIP,COUNTERSHAFT BRG,R;2.84600000000000000000;SUZUKI;NEW CELERIO POP 6AB;;0
24392M76M00-230;CIRCLIP,CTSHFT 5TH GR T2.30;5.09500000000000000000;SUZUKI;NEW CELERIO POP 6AB;;0
24392M76M00-235;CIRCLIP,CTSHFT 5TH GR T2.35;5.06100000000000000000;SUZUKI;NEW CELERIO POP 6AB;;0
24392M76M00-240;CIRCLIP,CTSHFT 5TH GR T2.40;5.06100000000000000000;SUZUKI;NEW CELERIO POP 6AB;;0
24392M76M20-215;CIRCLIP,CTSHFT 5TH GR T2.15;5.09500000000000000000;SUZUKI;NEW CELERIO POP 6AB;;0
24392M76M20-220;CIRCLIP,CTSHFT 5TH GR T2.20;5.33400000000000000000;SUZUKI;NEW CELERIO POP 6AB;;0
24392M76M20-225;CIRCLIP,CTSHFT 5TH GR T2.25;5.06100000000000000000;SUZUKI;NEW CELERIO POP 6AB;;0
24393M76M00;CIRCLIPCOUNTERSHAFT BRGL;11.41900000000000000000;SUZUKI;NEW CELERIO POP 6AB;;0
24400-77R00;RING, 2ND GEAR SYNC;569.80700000000000000000;SUZUKI;;;0
24400-77R00-000;HUB ASSY,LOW SPEED SYNC;569.80700000000000000000;SUZUKI;;;0
24402-77R00;RING, 2ND GEAR SYNC;131.07700000000000000000;SUZUKI;NEW CELERIO POP 6AB;;0
24402-77R00-000;RING COMP,2ND GEAR SYNC;131.07700000000000000000;SUZUKI;NEW CELERIO POP 6AB;;0
24402M76M00;RING, 2ND GEAR SYNC;152.30800000000000000000;SUZUKI;NEW CELERIO POP 6AB;;0
24410-72J41-000;HUB ASSY,HIGH SPEED SYNC;360.13600000000000000000;SUZUKI;NEW CELERIO POP 6AB;;0
24410M68K20;HUB ASSY,HIGH SPEED SYNC;339.01100000000000000000;SUZUKI;NEW CELERIO POP 6AB;;0
24410M68KA0;HUB ASSY,HIGH SPEED SYNC;227.23831462500000000000;SUZUKI;NEW CELERIO POP 6AB;;0
24410M74LB0;HUB ASSYHIGH SPEED SYNC;580.36200000000000000000;SUZUKI;NEW CELERIO POP 6AB;;0
24412M76M20;HUB,HIGH SPEED SYNC;89.19800000000000000000;SUZUKI;NEW CELERIO POP 6AB;;0
24413M76M20;HUB,5TH SPEED SYNC;48.86700000000000000000;SUZUKI;NEW CELERIO POP 6AB;;0
24415M67K00;PLATE, 5TH SYNC HUB;17.52600000000000000000;SUZUKI;NEW CELERIO POP 6AB;;0
24415M76M00;PLATE,5TH SYNC HUB;16.49600000000000000000;SUZUKI;NEW CELERIO POP 6AB;;0
24420M67K00;HUB ASSY, 5TH SPEED SYNC;289.22300000000000000000;SUZUKI;NEW CELERIO POP 6AB;;0
24420M72J20;HUB ASSY,5TH SPEED SYNC;377.84500000000000000000;SUZUKI;NEW CELERIO POP 6AB;;0
24420M79MB0;HUB ASSY,5TH SPEED SYNC;433.21700000000000000000;SUZUKI;NEW CELERIO POP 6AB;;0
24421M76M00;SLEEVE,LOW SPEED SYNC;309.70000000000000000000;SUZUKI;NEW CELERIO POP 6AB;;0
24423M76M01;SLEEVE, 5TH SPEED SYNC;169.06300000000000000000;SUZUKI;NEW CELERIO POP 6AB;;0
24430M74L00;RING ASSY,2ND GEAR SYNC;430.38500000000000000000;SUZUKI;NEW CIAZ;;0
24431-63B20-000;RING,2ND GEAR SYNC;74.33200000000000000000;SUZUKI;NEW CELERIO POP 6AB;;0
24431M67K02;RING,1ST GEAR SYNC;67.51700000000000000000;SUZUKI;NEW CELERIO POP 6AB;;0
24431M76M00;RING,1STGEARSYNC;93.47600000000000000000;SUZUKI;NEW CELERIO POP 6AB;;0
24432-76J00-000;RING,HIGH SPEED SYNC;114.83700000000000000000;SUZUKI;NEW CELERIO POP 6AB;;0
24432-84041-000;RING,5TH SPEED SYNC;77.27700000000000000000;SUZUKI;NEW CELERIO POP 6AB;;0
24432M67K02;RING,HIGH SPEED SYNC;60.27200000000000000000;SUZUKI;NEW CELERIO POP 6AB;;0
24432M86J00;RING,HIGH SPEED SYNC;121.24600000000000000000;SUZUKI;NEW CELERIO POP 6AB;;0
24435-76J00-000;RING,5TH SPEED SYNC;73.59700000000000000000;SUZUKI;NEW CELERIO POP 6AB;;0
24435M76M00;RING,5THGEARSYNC;107.64000000000000000000;SUZUKI;NEW CELERIO POP 6AB;;0
24435M79MA0;RING,5TH SPEED SYNC;172.70200000000000000000;SUZUKI;NEW CELERIO POP 6AB;;0
24436-76G00-000;SPRING,SYNC RING LOW;31.83000000000000000000;SUZUKI;;;0
24441-60B00;SPRING,LOW SPEED SYNC;17.41700000000000000000;SUZUKI;;;0
24441-60B00-000;SPRING,LOW SPEED SYNC;17.41700000000000000000;SUZUKI;NEW CELERIO POP 6AB;;0
24451M76M00;CIRCLIP,LOW SPEED SYNC HUB;5.46000000000000000000;SUZUKI;NEW CELERIO POP 6AB;;0
24452M76M00;CIRCLIP,HIGH SPEED SYNC HUB;3.76300000000000000000;SUZUKI;NEW CELERIO POP 6AB;;0
24471-60B00-000;KEY,LOW SPEED SYNCHRONIZER;13.65600000000000000000;SUZUKI;NEW CELERIO POP 6AB;;0
24471M76M00;KEY,SYNCHRONIZER;45.52600000000000000000;SUZUKI;NEW CELERIO POP 6AB;;0
24711M76M00;CASE,TRANSAXLE R;1372.42600000000000000000;SUZUKI;NEW CIAZ;;0
24721-78MT0-000;PLUG SET,DRAIN NO.1;53.05500000000000000000;SUZUKI;NEW CELERIO POP 6AB;;0
24722-78MT0-000;PLUG SET,DRAIN NO.2;29.24100000000000000000;SUZUKI;NEW CIAZ;;0
24726M76M00;PLUG,TRANSAXLE CASE;13.23000000000000000000;SUZUKI;NEW CELERIO POP 6AB;;0
24760-78RT0-000;PAN SET,T/M OIL;340.23800000000000000000;SUZUKI;NEW CELERIO POP 6AB;;0
24770-78R20-000;HOSE ASSY,T/M BREATHER;42.50700000000000000000;SUZUKI;NEW CELERIO POP 6AB;;0
24771-78R10-000;TUBE COMP,T/M OIL FILLER;69.61000000000000000000;SUZUKI;NEW CELERIO POP 6AB;;0
24777-78MT0-000;COOLER, OIL APK416;1206.86475301875000000000;SUZUKI;NEW CELERIO POP 6AB;;0
24780-83010-000;SEAL,EXTENSION CASE OIL;58.10600000000000000000;SUZUKI;NEW CELERIO POP 6AB;;0
24784-77M10-000;GASKET, T/M OIL PAN;110.41600000000000000000;SUZUKI;NEW CIAZ;;0
24824-77M10-000;PLUG, T/M OIL CHECK;26.80200000000000000000;SUZUKI;NEW CELERIO POP 6AB;;0
24830-77R10-000;GAUGE ASSY,T/M OIL LEVEL;49.52200000000000000000;SUZUKI;NEW CELERIO POP 6AB;;0
24921-52RJ0-000;COOLER COMP,CVT OIL;0.00000000000000000000;SUZUKI;;;0
25010M50R01;SHAFT ASSYGEAR SHIFT & SELECT;848.40500000000000000000;SUZUKI;NEW CELERIO POP 6AB;;0
25010M58R21;SHAFT ASSY GEAR SHIFT & SELECT;541.39400000000000000000;SUZUKI;NEW CELERIO POP 6AB;;0
25010M66RE2;SHAFT ASSY GEAR SHIFT & SELECT;821.10000000000000000000;SUZUKI;NEW CELERIO POP 6AB;;0
25010M68P41;SHAFT ASSY, GEAR SHIFT &;444.05100000000000000000;SUZUKI;NEW CELERIO POP 6AB;;0
25010M74L01;SHAFT ASSY GEAR SHIFT;721.62200000000000000000;SUZUKI;NEW CELERIO POP 6AB;;0
25010M74L01-000;SHAFT ASSY GEAR SHIFT/SE;0.00000000000000000000;SUZUKI;NEW CELERIO POP 6AB;;0
25010M76M21;SHAFT ASSY GEAR SHIFT & SELECT;464.10000000000000000000;SUZUKI;NEW CELERIO POP 6AB;;0
25200-76J00-000;LEVER S/ASSY,REVERSE SHIFT;91.74800000000000000000;SUZUKI;NEW CELERIO POP 6AB;;0
25210-76J01-000;FORK ASSY,LOW SPEED GEAR SHIFT;189.72600000000000000000;SUZUKI;NEW CELERIO POP 6AB;;0
25220-76J02-000;FORK ASSY,HIGH SPEED GR SHIFT;204.79700000000000000000;SUZUKI;NEW CELERIO POP 6AB;;0
25230-76J01-000;FORK ASSY,5TH&REV GEAR SHIFT;222.38400000000000000000;SUZUKI;NEW CELERIO POP 6AB;;0
25250M53M00;LOCATING,REVSHIFT;6.30000000000000000000;SUZUKI;NEW CELERIO POP 6AB;;0
25401M86JB0;SHAFT COMP,LOW SPEED GEAR SHF;269.52500000000000000000;SUZUKI;NEW CELERIO POP 6AB;;0
25402M76M00;SHAFT COMP,HIGH SPEED GEAR SHF;202.67600000000000000000;SUZUKI;NEW CELERIO POP 6AB;;0
25410-76J00-000;SHAFT,LOW SPEED GEAR SHF;175.85700000000000000000;SUZUKI;NEW CELERIO POP 6AB;;0
25574M76MF0;O-RING,GUIDE CASE;10.05100000000000000000;SUZUKI;NEW CELERIO POP 6AB;;0
26130-77M 10-000;SENSOR,SPEED OUTPUT;313.87200000000000000000;SUZUKI;NEW CELERIO POP 6AB;;0
26130-77M10-000;SENSOR,SPEED OUTPUT;551.60610750000000000000;SUZUKI;NEW CELERIO POP 6AB;;0
26132-78M10-000;SENSOR, SPEED OUTPUT APK416;455.43300000000000000000;SUZUKI;NEW CELERIO POP 6AB;;0
26141-66H10-000;SENSOR,INPUT SPEED;101.79600000000000000000;SUZUKI;NEW CELERIO POP 6AB;;0
26143-77M10-000;SENSOR,SPEED INPUT;579.18600000000000000000;SUZUKI;NEW CELERIO POP 6AB;;0
2641TM76ME0;ANCHOR SET,CLUTCH ACTUATOR;16.53200000000000000000;SUZUKI;NEW CELERIO POP 6AB;;0
26445-68P10-000;STRAINER, OIL;229.47600000000000000000;SUZUKI;NEW CELERIO POP 6AB;;0
26445-77M10-000;STRAINER ASSY,OIL;256.89200000000000000000;SUZUKI;NEW CELERIO POP 6AB;;0
26445-78M10-000;"STRAINER, OIL ";208.08300000000000000000;SUZUKI;NEW CELERIO POP 6AB;;0
26500-60M10-000;BODY ASSY, T/M VALVE;4759.51900000000000000000;SUZUKI;NEW CELERIO POP 6AB;;0
26545-54J10-000;O-RING,STRAINER;13.73300000000000000000;SUZUKI;NEW CELERIO POP 6AB;;0
26570-76J10-000;STRAINER,T/M OIL;299.95200000000000000000;SUZUKI;NEW CELERIO POP 6AB;;0
27100-54P01-000;SHAFT,PROPELLER APK;3528.84300000000000000000;SUZUKI;NEW CELERIO POP 6AB;;0
27101-77R00-000;SHAFTASSY,PROPELLERNO.1;1253.13700000000000000000;SUZUKI;NEW CELERIO POP 6AB;;0
27101-83002-000;SHAFT ASSY,PROPELLER;1091.02900000000000000000;SUZUKI;NEW CELERIO POP 6AB;;0
27102-77R00-000;SHAFTASSY,PROPELLERNO.2;1350.14600000000000000000;SUZUKI;NEW CELERIO POP 6AB;;0
27102-83002-000;SHAFT ASSY,PROPELLER;1425.99400000000000000000;SUZUKI;NEW CELERIO POP 6AB;;0
27102M77PA0;SHAFT ASSY,REAR PROPELLER;637.65200000000000000000;SUZUKI;NEW CELERIO POP 6AB;;0
27103-77R00-000;SHAFTASSY,PROPELLERNO.3;1494.42900000000000000000;SUZUKI;NEW CELERIO POP 6AB;;0
27103-82C01-000;SHAFT ASSY,PROPELLER;1871.61800000000000000000;SUZUKI;NEW CELERIO POP 6AB;;0
27110-83C00-000;FLANGE,UNIVERSAL JOINT;223.32600000000000000000;SUZUKI;NEW CELERIO POP 6AB;;0
27300-54P10-000;GEAR ASSY,DIFFERENTIAL;9285.11000000000000000000;SUZUKI;;;0
27300-77880-000;BEVEL PINION & GEAR SET;1801.56900000000000000000;SUZUKI;NEW CELERIO POP 6AB;;0
27300-77890-000;BEVEL PINION & GEAR SET;1801.56900000000000000000;SUZUKI;NEW CELERIO POP 6AB;;0
27301-77810;BEVEL PINION 1 GEAR SET;2362.50000000000000000000;SUZUKI;NEW CELERIO POP 6AB;;0
27301-77810-000;BEVEL PINION & GEAR SET;1801.56900000000000000000;SUZUKI;NEW CELERIO POP 6AB;;0
27301-77820-000;BEVEL PINION & GEAR SET;1801.56900000000000000000;SUZUKI;NEW CELERIO POP 6AB;;0
27331-76A21-000;PINION,DIFFERENTIAL;133.35300000000000000000;SUZUKI;NEW CELERIO POP 6AB;;0
27331-83020-000;PINION,DIFFERENTIAL;133.66500000000000000000;SUZUKI;NEW CELERIO POP 6AB;;0
27341-76A22-000;GEAR,DIFF;180.31900000000000000000;SUZUKI;NEW CELERIO POP 6AB;;0
27341-83000-000;GEAR,DIFF;180.31900000000000000000;SUZUKI;NEW CELERIO POP 6AB;;0
27351-64B40-000;SHAFT,DIFF PINION;67.33300000000000000000;SUZUKI;NEW CELERIO POP 6AB;;0
27411-81A60-000;CASE,DIFF;517.98300000000000000000;SUZUKI;NEW CELERIO POP 6AB;;0
27411-83000;CASE DIFF;698.04840000000000000000;SUZUKI;NEW CELERIO POP 6AB;;0
27411-83000-000;CASE,DIFF,L;696.37300000000000000000;SUZUKI;NEW CELERIO POP 6AB;;0
27421-77R00-000;CASE,DIFF,R;247.38600000000000000000;SUZUKI;NEW CELERIO POP 6AB;;0
27431M74L00;SEAL, DIFFERENTIAL SIDE RH;54.88000000000000000000;SUZUKI;NEW CELERIO POP 6AB;;0
27431M74L00-01;"PARE HUILE ";30.02328000000000000000;SUZUKI;NEW CELERIO POP 6AB;;0
27431M74L00-ADP;PARE A HUILE DIFFERENTIEL;45.91251000000000000000;SUZUKI;NEW CELERIO POP 6AB;;0
27431M74LA0;SEAL, DIFF SIDE OIL RH;54.88000000000000000000;SUZUKI;NEW CELERIO POP 6AB;;0
27431M74LB0;SEAL, DIFF SIDE OIL RH;51.72900000000000000000;SUZUKI;NEW CELERIO POP 6AB;;0
27432-54LA0-000;SEAL,DIFF SIDE OIL RW416 T3;100.01500000000000000000;SUZUKI;NEW CELERIO POP 6AB;;0
27432M74L00;SEAL, DIFFERENTIAL SIDE LH;45.40800000000000000000;SUZUKI;NEW CELERIO POP 6AB;;0
27432M74LA0;SEAL, DIFF SIDE OIL LH;43.24600000000000000000;SUZUKI;NEW CIAZ;;0
27432M74LB0;SEAL,DIFF SIDE OIL LH;45.40800000000000000000;SUZUKI;NEW CIAZ;;0
2743M74LA0-ADP;PARE HUILE HTC7R;48.77901000000000000000;SUZUKI;NEW CELERIO POP 6AB;;0
27450-81A60-000;CARRIER ASSY,DIFF;753.95800000000000000000;SUZUKI;NEW CELERIO POP 6AB;;0
27450-83000-000;CARRIER ASSY,DIFF;746.97300000000000000000;SUZUKI;NEW CELERIO POP 6AB;;0
27453-63J00-245;SHIM, DIFF SIDE (T:245);19.95800000000000000000;SUZUKI;NEW CELERIO POP 6AB;;0
27453-78MT0-000;SHIM SET,DIFF SIDE BRG;784.57100000000000000000;SUZUKI;;;0
27481-54P10-000;RACE,TAPER ROLLER BRG OUTER;174.34900000000000000000;SUZUKI;;;0
27811-54P20-000;SHAFT,DRIVE INTERMEDIATE;0.00000000000000000000;SUZUKI;;;0
27831M79M10;.BEARING, DRIVE INTERMEDI;62.11700000000000000000;SUZUKI;NEW CIAZ;;0
27991M79G00;PLUG;1.33600000000000000000;SUZUKI;NEW CELERIO POP 6AB;;0
28001M76T10;SET,CABLE ASSY;139.80600000000000000000;SUZUKI;;;0
28100-77R71-HWB;SELECTOR ASSY,MANUAL;729.74600000000000000000;SUZUKI;NEW CELERIO POP 6AB;;0
28100-80T70-HWB;SELECTOR ASSY,MANUAL;1106.94200000000000000000;SUZUKI;NEW CELERIO POP 6AB;;0
28100M55R00;LEVER ASSY, GEAR SHF CONT;605.05200000000000000000;SUZUKI;NEW CELERIO POP 6AB;;0
28100M55R20;LEVER ASSY, GEAR SHF CONT;533.82400000000000000000;SUZUKI;NEW CELERIO POP 6AB;;0
28100M55T00;LEVER ASSY,GEAR SHF CONT;363.53600000000000000000;SUZUKI;NEW CELERIO POP 6AB;;0
28100M55T00-C48;LEVER ASSY,GEAR SHF CONT;381.71300000000000000000;SUZUKI;NEW CELERIO POP 6AB;;0
28100M55T70-HLF;SELECTOR ASSY,MANUAL;1264.74200000000000000000;SUZUKI;NEW CELERIO POP 6AB;;0
28100M74L00;LEVER ASSY, GEAR SHF CONT;283.40500000000000000000;SUZUKI;NEW CIAZ;;0
28100M81R00;LEVER ASSY,GEAR SHF CONT;210.00000000000000000000;SUZUKI;NEW CELERIO POP 6AB;;0
28100M81R00-CVH;LEVER ASSY,GEAR SHF CONT;573.52900000000000000000;SUZUKI;NEW CELERIO POP 6AB;;0
28100M81RR0;SELECTOR ASSY,MANUAL;1110.00000000000000000000;SUZUKI;NEW CELERIO POP 6AB;;0
28100M81RR0-B6L;SELECTOR ASSY,MANUAL;849.30800000000000000000;SUZUKI;NEW CELERIO POP 6AB;;0
28100M82R70-C48;"SELECTOR ASSY CHROME/BLACK ";1317.41890000000000000000;SUZUKI;NEW CELERIO POP 6AB;;0
28100M82R71-C48;SELECTOR ASSYMANUAL;1511.43700000000000000000;SUZUKI;NEW CELERIO POP 6AB;;0
28101-77R00-000;LEVER COMP,GEAR SHIFT CONTROL;548.97500000000000000000;SUZUKI;NEW CELERIO POP 6AB;;0
28110M56RP1;LEVER ASSY SELECT;296.95600000000000000000;SUZUKI;NEW CIAZ;;0
28110M76MP0;LEVER ASSY, SELECT;1235.00500000000000000000;SUZUKI;NEW CIAZ;;0
28113-54P20-C48;KNOB,GEAR SHIFT CONT LEVER(CHROME/BLACK);173.12600000000000000000;SUZUKI;;;0
28113-79M41-C48;KNOB,GR SHF CONT LEVER(CHROME);110.53900000000000000000;SUZUKI;NEW CELERIO POP 6AB;;0
28113M55R00-CVH;KNOB, GEAR SHIFT CONT LEVER;42.63800000000000000000;SUZUKI;NEW CELERIO POP 6AB;;0
28113M67K21-GJL;KNOB, CONTROL LEVER (BLACK);0.00000000000000000000;SUZUKI;;;0
28113M69R00;KNOB,GEAR SHIFT CONT LEVER;110.00000000000000000000;SUZUKI;NEW CELERIO POP 6AB;;0
28113M69R00-CVH;KNOB,GEAR SHIFT CONT LEVER;46.93100000000000000000;SUZUKI;NEW CELERIO POP 6AB;;0
28113M76M21-GJL;KNOB,GEAR SHIFT CONT LEVER;51.61800000000000000000;SUZUKI;NEW CELERIO POP 6AB;;0
28113M79M01-C48;KNOB, GEAR SHIFT CONT LEVER;94.39605000000000000000;SUZUKI;NEW CELERIO POP 6AB;;0
28130-61M00-5PK;BOOT,SHIFT LEVER(BLACK);256.72200000000000000000;SUZUKI;;;0
28130M55R00-5PK;BOOT, SHIFT LEVER;74.78300000000000000000;SUZUKI;NEW CELERIO POP 6AB;;0
28130M62S01-5PK;BOOT COMPSHIFT LEVER;79.95600000000000000000;SUZUKI;NEW CELERIO POP 6AB;;0
28130M81R00;BOOT COMP,SHIFT LEVER;90.00000000000000000000;SUZUKI;NEW CELERIO POP 6AB;;0
28130M81R00-5PK;BOOT COMP,SHIFT LEVER;82.33600000000000000000;SUZUKI;NEW CELERIO POP 6AB;;0
28138-77R00-5PK;BOOT,GEARSHFLEVERNO.3;132.14000000000000000000;SUZUKI;NEW CIAZ;;0
28151M76MP0-5PK;INDICATOR SELECT LEVER;138.16500000000000000000;SUZUKI;NEW CELERIO POP 6AB;;0
28154M79JP0;COVER,UPR;61.99900000000000000000;SUZUKI;NEW CIAZ;;0
28157M55T10-5PK;CAP,SHIFT LOCK RELEASE(BLACK);55.36500000000000000000;SUZUKI;;;0
28210M55T10;CABLE ASSY,SELECT;326.70100000000000000000;SUZUKI;NEW CIAZ;;0
28260-77R10-000;ROD COMP,MANUAL SELECT;59.69100000000000000000;SUZUKI;NEW CELERIO POP 6AB;;0
28300-61M00-000;CABLE,SHIFT&SELECT CONT,APK416;587.16000000000000000000;SUZUKI;NEW CELERIO POP 6AB;;0
28300M55R41;CABLE SELECTEUR DE VITESSE;285.50009250000000000000;SUZUKI;NEW CELERIO POP 6AB;;0
28300M55R42;CABLE SELECTEUR DE VITESSE;310.73500000000000000000;SUZUKI;NEW CELERIO POP 6AB;;0
28300M62S00;CABLE ASSY, SHIFT & SELECT;220.95200000000000000000;SUZUKI;NEW CELERIO POP 6AB;;0
28300M68P01;CABLE ASSY, SHIFT & SELECT;298.76002206750000000000;SUZUKI;NEW CELERIO POP 6AB;;0
28300M72R00;CABLE ASSY,SHIFT & SELECT CONT;232.91800000000000000000;SUZUKI;NEW CELERIO POP 6AB;;0
28300M72R60;CABLE ASSY,SHIFT & SELECT CONT;272.89500000000000000000;SUZUKI;NEW CELERIO POP 6AB;;0
28300M74L00;CABLE, SHIFT/SELECT CONTR;270.37710000000000000000;SUZUKI;NEW CELERIO POP 6AB;;0
28300M74L01;CABLE, SHIFT/SELECT CONTR;283.89600000000000000000;SUZUKI;NEW CELERIO POP 6AB;;0
28300M76M00;CABLE ASSY,SHIFT & SELECT CONT|;258.26845275000000000000;SUZUKI;NEW BALENO 6AB;;0
28300M76M01;CABLE ASSY,SHIFT & SELECT CONT;271.18100000000000000000;SUZUKI;NEW CELERIO POP 6AB;;0
28300M79M00;CABLE ASSY,SHIFT & SELECT CONT|;264.52194300000000000000;SUZUKI;NEW CELERIO POP 6AB;;0
28300M79M01;CABLE ASSY,SHIFT & SELECT CONT;529.43100000000000000000;SUZUKI;NEW CELERIO POP 6AB;;0
28300M81R00;CABLE ASSY,SHIFT & SELECT CONT;299.25000000000000000000;SUZUKI;NEW CELERIO POP 6AB;;0
28393M55RP0;GROMMET,SELECT CABLE;35.47800000000000000000;SUZUKI;NEW CIAZ;;0
28551-77R30-000;CABLE COMP,KEY INTERLOCK;104.91100000000000000000;SUZUKI;NEW CELERIO POP 6AB;;0
29000-54P21-000;TRANSFER ASSY;9612.59600000000000000000;SUZUKI;;;0
29009-84861-000;"TRANSFER SET ";12988.21600000000000000000;SUZUKI;NEW BALENO 6AB;;0
29009-84862-000;TRANSFER SET;8407.63500000000000000000;SUZUKI;;;0
29111-54P20-000;GEAR,REDUCTION DRIVE;0.00000000000000000000;SUZUKI;;;0
29200-78R30-000;SET,TRANSFER CHAIN;893.98300000000000000000;SUZUKI;NEW CELERIO POP 6AB;;0
29302-77R03-5PK;BOOT COMP,T/F GEAR SHF LEVER;178.37000000000000000000;SUZUKI;NEW CELERIO POP 6AB;;0
29340-77R00-000;LEVER,T/F GEAR SHIFT CONT;659.51300000000000000000;SUZUKI;NEW CELERIO POP 6AB;;0
29390-77R00-000;BODY COMP,T/F GEAR SHIFT KNOB;91.74800000000000000000;SUZUKI;NEW CELERIO POP 6AB;;0
29621-77R00-000;BRACKET,T/F MOUNTING,L;234.94500000000000000000;SUZUKI;NEW CELERIO POP 6AB;;0
29631-77R00-000;BRACKET,T/F MOUNTING,R;257.55600000000000000000;SUZUKI;NEW CELERIO POP 6AB;;0
29941-77R00-000;PLUG;18.76600000000000000000;SUZUKI;NEW CIAZ;;0
29972-80060-000;SEAL,OIL;48.78800000000000000000;SUZUKI;NEW CELERIO POP 6AB;;0
29982-84A60-000;BEARING;278.20300000000000000000;SUZUKI;NEW CELERIO POP 6AB;;0
29987-84A00-000;BEARING;180.62600000000000000000;SUZUKI;NEW CELERIO POP 6AB;;0
29988-77R00-000;BEARING;255.51200000000000000000;SUZUKI;NEW CELERIO POP 6AB;;0
31100M76M00;MOTOR ASSY,STARTING;582.19855000000000000000;SUZUKI;NEW CIAZ;;0
31100M76M10;MOTOR ASSY,STARTING;611.30800000000000000000;SUZUKI;NEW CIAZ;;0
31100M79M10;MOTOR ASSY,STARTING;1200.35900000000000000000;SUZUKI;NEW CIAZ;;0
31100M81R00;MOTOR ASSY,STARTING;1722.00000000000000000000;SUZUKI;NEW CIAZ;;0
31400M76M00;GENERATOR ASSY;1048.27800000000000000000;SUZUKI;NEW CIAZ;;0
31400M79M00;GENERATOR ASSY;1141.05591000000000000000;SUZUKI;NEW CIAZ;;0
31400M79M01;GENERATOR ASSY;1198.10900000000000000000;SUZUKI;NEW CELERIO POP 6AB;;0
31400M81R00;GENERATOR ASSY;1665.14500000000000000000;SUZUKI;NEW CELERIO POP 6AB;;0
31621M76M00;RECTIFIER BRIDGE ASSY;379.22200000000000000000;SUZUKI;NEW CIAZ;;0
31656M79M00;.HOLDER SUB-ASSY, BRUSH;82.76700000000000000000;SUZUKI;NEW CIAZ;;0
31656M79M10;.HOLDER SUB-ASSY, BRUSH;97.34900000000000000000;SUZUKI;NEW CIAZ;;0
32500M76M00;.REGULATOR ASSY WITH BRUSHES;255.58300000000000000000;SUZUKI;NEW CIAZ;;0
32500M81R00;REGULATOR ASSY WITH BRUSHS;477.75000000000000000000;SUZUKI;NEW CIAZ;;0
32F R134A;"GAZ CLIMATISEUR ";0.04600000000000000000;SUZUKI;NEW CELERIO POP 6AB;;0
33100-65D00-000;SENSOR ASSY CAM ANGLE;721.54800000000000000000;SUZUKI;NEW CELERIO POP 6AB;;0
33200-77E00-000;SENSOR ASSY POSITION;302.47800000000000000000;SUZUKI;NEW CELERIO POP 6AB;;0
33400-78R00-000;COIL ASSY,IGNITION;695.02400000000000000000;SUZUKI;NEW CELERIO POP 6AB;;0
33400-78R01-000;COIL ASSY,IGNITION;474.81300000000000000000;SUZUKI;NEW CELERIO POP 6AB;;0
33400M68P12;COIL ASSY IGNITION;216.36200000000000000000;SUZUKI;NEW CELERIO POP 6AB;;0
33400M68P20;COIL ASSY,IGNITION;182.54300000000000000000;SUZUKI;;;0
33400M81R00;COIL ASSY,IGNITION;302.54800000000000000000;SUZUKI;NEW CELERIO POP 6AB;;0
33705-80G00-000;CORD SET,HIGH TENSION;192.31400000000000000000;SUZUKI;NEW CELERIO POP 6AB;;0
33850M74L00;CABLE,BTRY GND;109.30000000000000000000;SUZUKI;NEW CIAZ;;0
33850M76M00;CABLE,BTRY GND;154.37400000000000000000;SUZUKI;NEW CIAZ;;0
33850M79M20;CABLE,BTRY GND;136.73700000000000000000;SUZUKI;NEW CIAZ;;0
33850M79M20-000;CABLE BATTERY GROUND;58.21200000000000000000;SUZUKI;NEW CIAZ;;0
33880M81R10;CABLE SET,BTRY GND;273.81900000000000000000;SUZUKI;NEW CIAZ;;0
33910-57L00-000;"BASE ASSY EPI CONT ";5638.68000000000000000000;SUZUKI;NEW CIAZ;;0
33910-78R00-000;BASE ASSY,EPI CONT;5860.31300000000000000000;SUZUKI;NEW CELERIO POP 6AB;;0
33920-76JD1;CONTROLLER FUEL INJECTION;3080.51400000000000000000;SUZUKI;NEW CIAZ;;0
33920M55RD0;"CONTROLLER ASSY EPI ";1475.83300000000000000000;SUZUKI;NEW CELERIO POP 6AB;;0
33920M55RD1;"CONTROLLER ASSY EPI ";1549.62500000000000000000;SUZUKI;NEW CELERIO POP 6AB;;0
33920M55TA0;CONTROLLER ASSY,EPI;1943.80600000000000000000;SUZUKI;NEW CIAZ;;0
33920M79M40;CONTROLLER ASSY,EPI-A/C;1089.96400000000000000000;SUZUKI;NEW CIAZ;;0
33920M81R02;CONTROLLERASSY,EPI;1617.85200000000000000000;SUZUKI;NEW CELERIO POP 6AB;;0
33920M81R03;CONTROLLERASSY,EPI;1698.74500000000000000000;SUZUKI;NEW CELERIO POP 6AB;;0
33920M81R04;CONTROLLER ASSYEPI;1698.74500000000000000000;SUZUKI;NEW CELERIO POP 6AB;;0
33920M82R30;CONTROLLER ASSY,EPI;1856.22300000000000000000;SUZUKI;NEW CELERIO POP 6AB;;0
33924M81R00;BRACKET,EPI CONT;17.62500000000000000000;SUZUKI;NEW CELERIO POP 6AB;;0
33970-78R00-000;CONTROLLER ASSY, IMM;845.65400000000000000000;SUZUKI;NEW CELERIO POP 6AB;;0
33970-80G01;CONTROLLER ASSY IMMOBILIZER;2415.16000000000000000000;SUZUKI;NEW CELERIO POP 6AB;;0
33970M76M01;CONTROLLER ASSY,IMM;202.89500000000000000000;SUZUKI;NEW CIAZ;;0
33973-81A00;WIRE IMMOBILIZER;146.51800000000000000000;SUZUKI;NEW CELERIO POP 6AB;;0
34100-77RJ0-000;SPEEDOMETER ASSY,COMB;2416.78600000000000000000;SUZUKI;NEW CELERIO POP 6AB;;0
34100-77RM0-000;SPEEDOMETER ASSY,COMB;1921.86200000000000000000;SUZUKI;NEW CELERIO POP 6AB;;0
34100M54T80;SPEEDOMETER ASSY,COMB;815.25000000000000000000;SUZUKI;NEW CELERIO POP 6AB;;0
34100M55RL0;SPEEDOMETER ASSY, COMB;1320.53900000000000000000;SUZUKI;NEW CELERIO POP 6AB;;0
34100M55RM0;SPEEDOMETER ASSY, COMB;792.35600000000000000000;SUZUKI;NEW CELERIO POP 6AB;;0
34100M56RL1;SPEEDOMETER ASSY, COMB;1043.00100000000000000000;SUZUKI;NEW CELERIO POP 6AB;;0
34100M56RM1;SPEEDOMETER ASSY, COMB;1562.21100000000000000000;SUZUKI;NEW CELERIO POP 6AB;;0
34100M62SE0;SPEEDOMETER ASSY,COMB;777.50800000000000000000;SUZUKI;NEW CELERIO POP 6AB;;0
34100M68T80;SPEEDOMETER ASSY,COMB;5375.21000000000000000000;SUZUKI;NEW CELERIO POP 6AB;;0
34100M74T60;SPEEDOMETER ASSY,COMB;1721.72000000000000000000;SUZUKI;NEW CELERIO POP 6AB;;0
34100M74TD0;SPEEDOMETER ASSY,COMB;2837.36500000000000000000;SUZUKI;NEW CELERIO POP 6AB;;0
34100M76MG1;SPEEDOMETER ASSY,COMB;734.54200000000000000000;SUZUKI;NEW CELERIO POP 6AB;;0
34100M79MR1;SPEEDOMETER ASSY;775.86400000000000000000;SUZUKI;NEW CELERIO POP 6AB;;0
34100M81RE0;SPEEDO METER;882.30900000000000000000;SUZUKI;NEW CELERIO POP 6AB;;0
34100M81RR0;SPEEDOMETER ASSY, COMB;926.42400000000000000000;SUZUKI;NEW CELERIO POP 6AB;;0
34100M82R61;SPEEDOMETER ASSY,COMB;1622.22300000000000000000;SUZUKI;NEW CELERIO POP 6AB;;0
34100M83P41;SPEEDOMETER ASSY (KILO);837.22600000000000000000;SUZUKI;NEW CELERIO POP 6AB;;0
34101M54T50;SPEEDOMETER ASSY,COMB;1900.50000000000000000000;SUZUKI;NEW CELERIO POP 6AB;;0
34101M68T50;SPEEDOMETER ASSY,COMB;1286.23700000000000000000;SUZUKI;NEW CELERIO POP 6AB;;0
34101M76M61;SPEEDOMETER ASSY,COMB;649.68400000000000000000;SUZUKI;NEW CELERIO POP 6AB;;0
34102M68PL1;SPEEDOMETER ASSY, COMB (KILO);848.45500000000000000000;SUZUKI;NEW CELERIO POP 6AB;;0
34105M52R10;VISOR, SPEEDOMETER;129.53300000000000000000;SUZUKI;NEW CELERIO POP 6AB;;0
34106M82RJ0;SPEEDOMETER ASSY;2547.17700000000000000000;SUZUKI;NEW CELERIO POP 6AB;;0
34106M82RM1;SPEEDOMETER ASSY,COMB;1190.56600000000000000000;SUZUKI;NEW CELERIO POP 6AB;;0
34107M68P61;SPEEDOMETER ASSY, COMB (KILO);2021.22700000000000000000;SUZUKI;NEW CELERIO POP 6AB;;0
34112-54P00-000;GLASS, SPEEDOMETER APK416;351.53800000000000000000;SUZUKI;NEW CELERIO POP 6AB;;0
34112M55R00;.GLASS,SPEEDOMETER;57.63200000000000000000;SUZUKI;NEW CELERIO POP 6AB;;0
34112M55R10;.GLASS,SPEEDOMETER;58.65900000000000000000;SUZUKI;NEW CELERIO POP 6AB;;0
34112M56RA0;.GLASS,SPEEDOMETER;90.36000000000000000000;SUZUKI;NEW CELERIO POP 6AB;;0
34112M68P00;.GLASS,SPEEDOMETER;35.26800000000000000000;SUZUKI;NEW CELERIO POP 6AB;;0
34112M74L00;.GLASS,SPEEDOMETER;98.80000000000000000000;SUZUKI;NEW CELERIO POP 6AB;;0
34112M76M00;.GLASS,SPEEDOMETER;75.03100000000000000000;SUZUKI;NEW CELERIO POP 6AB;;0
34112M79M00;.GLASS,SPEEDOMETER;53.26600000000000000000;SUZUKI;NEW CELERIO POP 6AB;;0
34112M82R00;.GLASS,SPEEDOMETER;70.07300000000000000000;SUZUKI;NEW CELERIO POP 6AB;;0
34201M50UF0;SPEEDOMETER ASSY COMB;1520.93400000000000000000;SUZUKI;;;0
34560M55T10-5PK;DISPLAY ASSY,HEAD UP;4370.69100000000000000000;SUZUKI;NEW CIAZ;;0
34810M62S00;GAUGE, FUEL LEVEL;176.23700000000000000000;SUZUKI;NEW CELERIO POP 6AB;;0
34810M66R00;GAUGE ASSY, FUEL LEVEL;144.90000000000000000000;SUZUKI;NEW CELERIO POP 6AB;;0
34810M73R00;GAUGE ASSY, FUEL LEVEL;171.22600000000000000000;SUZUKI;NEW CELERIO POP 6AB;;0
34810M75JA0;GAUGE ASSY, FUEL LEVEL;163.54600000000000000000;SUZUKI;NEW CELERIO POP 6AB;;0
34810M76M00;GAUGE, FUEL LEVEL;196.78300000000000000000;SUZUKI;NEW CELERIO POP 6AB;;0
35100-85C10-COR;PHARE D H4;1371.82000000000000000000;SUZUKI;NEW CELERIO POP 6AB;;0
35100M74TB0;HEADLAMP ASSY,R;1263.54900000000000000000;SUZUKI;NEW CELERIO POP 6AB;;0
35100M75T01;HEADLAMP ASSY,RH;717.41700000000000000000;SUZUKI;NEW BALENO 6AB;;0
35100M75T50;HEADLAMP ASSY,R;2671.94200000000000000000;SUZUKI;NEW BALENO 6AB;;0
35100M76T11;HEADLAMP ASSY R;2141.29900000000000000000;SUZUKI;;;0
35120-54P50-000;UNIT HEAD LAMP RH;4462.36800000000000000000;SUZUKI;NEW CIAZ;;0
35120-61M11-000;UNIT HEAD LAMP RH;1169.20125000000000000000;SUZUKI;NEW CELERIO POP 6AB;;0
35120-77R10-000;"HEADLAMP ASSY,R ";1567.47700000000000000000;SUZUKI;NEW CELERIO POP 6AB;;0
35120-80J51-000;UNIT, HEADLAMP LH;917.26200000000000000000;SUZUKI;NEW CELERIO POP 6AB;;0
35120-81A71-000;UNIT, HEADLAMP SN413V-3,4;997.82760262500000000000;SUZUKI;NEW CELERIO POP 6AB;;0
35120M79G20-000;UNIT HEAD LAMP RH;0.00000000000000000000;SUZUKI;NEW CIAZ;;0
35121M55T10;UNIT, HEADLAMP RH;1123.24600000000000000000;SUZUKI;NEW CELERIO POP 6AB;;0
35121M55T50;UNIT, HEADLAMP RH;2801.91600000000000000000;SUZUKI;NEW CELERIO POP 6AB;;0
35121M55T51;UNIT HEADLAMP RH;2801.91600000000000000000;SUZUKI;NEW CELERIO POP 6AB;;0
35121M62S30;UNIT HEAD LAMP RH;619.48500000000000000000;SUZUKI;NEW CIAZ;;0
35121M68P32;UNIT HEADLAMP RH;3278.54100000000000000000;SUZUKI;NEW CIAZ;;0
35121M72R20;UNIT, HEADLAMP RH;1264.53000000000000000000;SUZUKI;NEW CIAZ;;0
35121M72R21;UNIT HEADLAMP RH;1264.53000000000000000000;SUZUKI;NEW CELERIO POP 6AB;;0
35121M74L11;UNIT,HEADLAMP RH;766.24200000000000000000;SUZUKI;NEW CELERIO POP 6AB;;0
35121M74L11-000;UNITHEADLAMP RH;0.00000000000000000000;SUZUKI;NEW CIAZ;;0
35121M74L21-000;UNIT HEADLAMP RH;0.00000000000000000000;SUZUKI;NEW CIAZ;;0
35121M76M00-000;HEAD LAMP UNIT RH;0.00000000000000000000;SUZUKI;NEW BALENO 6AB;;0
35121M76M50;HEADLAMP ASSY,R;618.28200000000000000000;SUZUKI;NEW CIAZ;;0
35121M77P30;UNIT HEAD LAMP, RH;476.64900000000000000000;SUZUKI;NEW CELERIO POP 6AB;;0
35121M79M10;UNIT,HEADLAMP RH;910.61097750000000000000;SUZUKI;NEW CELERIO POP 6AB;;0
35121M81R30;UNIT HEADLAMP;640.88400000000000000000;SUZUKI;NEW CELERIO POP 6AB;;0
35121M82R10;UNIT,HEADLAMP RH;3238.80700000000000000000;SUZUKI;NEW CELERIO POP 6AB;;0
35125M79F00;CACHE LAMPE;11.29000000000000000000;SUZUKI;NEW CIAZ;;0
35125M79G00;CACHE LAMPE;26.65600000000000000000;SUZUKI;NEW CIAZ;;0
35153M59K20;GROMMET, REAR COMB LAMP, UPPER;10.52800000000000000000;SUZUKI;;;0
35158M79M00;WIRE ASSY;85.87200000000000000000;SUZUKI;NEW CIAZ;;0
35300M74TB0;HEADLAMP ASSY,L;1263.31000000000000000000;SUZUKI;NEW CELERIO POP 6AB;;0
35300M75T01;HEADLAMP ASSY,LH;717.41700000000000000000;SUZUKI;NEW BALENO 6AB;;0
35300M75T50;HEADLAMP ASSY,L;2671.94200000000000000000;SUZUKI;NEW BALENO 6AB;;0
35300M76T11;HEADLAMP ASSY L;2141.29900000000000000000;SUZUKI;NEW CELERIO POP 6AB;;0
35320-54P50-000;UNIT, HEADLAMP LH;4462.36800000000000000000;SUZUKI;NEW CIAZ;;0
35320-61M11-000;"HEAD LAMP G ";1273.13000000000000000000;SUZUKI;NEW CELERIO POP 6AB;;0
35320-77R10-000;"HEADLAMP ASSY,L ";1633.11800000000000000000;SUZUKI;NEW CELERIO POP 6AB;;0
35320-80J51-000;UNIT, HEADLAMP RH;917.26200000000000000000;SUZUKI;NEW CELERIO POP 6AB;;0
35321M50SB0;UNIT, HEADLAMP LH;2292.56200000000000000000;SUZUKI;NEW CELERIO POP 6AB;;0
35321M55T10;UNIT, HEADLAMP LH;1123.24600000000000000000;SUZUKI;NEW CELERIO POP 6AB;;0
35321M68P10;UNIT, HEADLAMP LH;1096.99800000000000000000;SUZUKI;NEW CIAZ;;0
35321M72R20;UNIT, HEADLAMP LH;1264.53000000000000000000;SUZUKI;NEW CIAZ;;0
35321M72R21;UNIT HEADLAMP LH;1264.53000000000000000000;SUZUKI;NEW CELERIO POP 6AB;;0
35321M74L11;UNIT,HEADLAMP LH;766.24200000000000000000;SUZUKI;NEW CELERIO POP 6AB;;0
35321M74L21-000;UNIT HEADLAMP LH;339.59426000000000000000;SUZUKI;NEW CIAZ;;0
35321M76M50;HEADLAMP ASSY,L;618.28200000000000000000;SUZUKI;NEW CIAZ;;0
35321M76M50-000;HEADLAMP ASSYL;0.00000000000000000000;SUZUKI;NEW CIAZ;;0
35321M79M00-000;UNITHEADLAMP LH;0.00000000000000000000;SUZUKI;NEW CIAZ;;0
35321M79M10;UNIT,HEADLAMP LH;913.85464275000000000000;SUZUKI;NEW CELERIO POP 6AB;;0
35321M79M10-000;UNITHEADLAMP LH;0.00000000000000000000;SUZUKI;NEW CIAZ;;0
35321M82R10;UNIT,HEADLAMP LH;3232.37800000000000000000;SUZUKI;NEW CELERIO POP 6AB;;0
35500-54P00-000;LAMP, FOG AND DRL APK416;511.39000000000000000000;SUZUKI;NEW CIAZ;;0
35500M63J05;LAMP ASSY FOG;390.05800000000000000000;SUZUKI;NEW CELERIO POP 6AB;;0
35500M66R00;LAMP ASSY,FOG;185.69300000000000000000;SUZUKI;NEW CIAZ;;0
35500M85S01;LAMP ASSY FOG;439.25900000000000000000;SUZUKI;NEW CELERIO POP 6AB;;0
35501M55R00;LAMP ASSY, FR FOG;158.55100000000000000000;SUZUKI;NEW CELERIO POP 6AB;;0
35602M76T00;LAMP ASSY,FRONT COMB,L;1720.65600000000000000000;SUZUKI;NEW CELERIO POP 6AB;;0
35610-77R00-000;"LAMP ASSY,FR TURN SIG,R ";281.41700000000000000000;SUZUKI;NEW CIAZ;;0
35630-77R00-000;LAMP UNIT,FR TURN SIG,LH;243.25200000000000000000;SUZUKI;NEW CIAZ;;0
35650-54P00-000;LAMP UNIT, RR COMB RH;1207.27700000000000000000;SUZUKI;NEW CIAZ;;0
35650-54P00-COR;LAMP UNIT, RR COMB RH;837.12500000000000000000;SUZUKI;NEW CIAZ;;0
35650-72K00-000;LAMP UNIT RR COMB RH;802.88460000000000000000;SUZUKI;;;0
35650-77R00-000;"LAMP ASSY,RR COMB,R ";511.88800000000000000000;SUZUKI;NEW CIAZ;;0
35650M55RA0;FEU AR D;676.58900000000000000000;SUZUKI;NEW CIAZ;;0
35650M55T10;LAMP UNIT, RR COMBINATION RH;694.56500000000000000000;SUZUKI;NEW CELERIO POP 6AB;;0
35650M55T20;UNIT LAMP,REAR COMB,RH;878.06900000000000000000;SUZUKI;NEW CELERIO POP 6AB;;0
35650M68P01;LAMP UNIT, RR COMB RH;463.01600000000000000000;SUZUKI;NEW CIAZ;;0
35650M68P21;LAMP UNIT, RR COMB RH;705.35700000000000000000;SUZUKI;NEW CIAZ;;0
35650M74L00;LAMP UNIT, RR COMB RH;377.53700000000000000000;SUZUKI;NEW CIAZ;;0
35650M74L00-000;LAMP UNIT RR COMB RH;274.63275000000000000000;SUZUKI;NEW CIAZ;;0
35650M74L00-COR;LAMP UNIT RR COMB RH;319.53647000000000000000;SUZUKI;NEW CIAZ;;0
35650M75T00;LAMP UNIT, RR COMBINATION RH;533.15000000000000000000;SUZUKI;NEW BALENO 6AB;;0
35650M79M00-000;LAMP UNITRR COMB RH;0.00000000000000000000;SUZUKI;NEW CIAZ;;0
35651M79M00;BACK UP LAMP UNIT RH;269.05200000000000000000;SUZUKI;NEW CIAZ;;0
35658-77R00-000;"CORD ASSY,R ";132.92700000000000000000;SUZUKI;NEW CIAZ;;0
35658M76M00;.SOCKET & CORD ASSY;61.80100000000000000000;SUZUKI;NEW CIAZ;;0
35658M79M00;SOCKET & CORD ASSY;44.35900000000000000000;SUZUKI;NEW CIAZ;;0
35658M81R00;WIRING HARNESS;47.25000000000000000000;SUZUKI;NEW CIAZ;;0
35661M55T10;GARNISH ASSY,BACK DOOR,RH;154.89200000000000000000;SUZUKI;NEW CIAZ;;0
35670-54P00-000;LAMP UNIT, RR COMB LH;1207.27700000000000000000;SUZUKI;NEW CIAZ;;0
35670-72L01-000;LAMP UNIT,RR COMB,L;824.13500000000000000000;SUZUKI;NEW CELERIO POP 6AB;;0
35670-77R00-000;"LAMP ASSY,RR COMB,L ";511.88800000000000000000;SUZUKI;NEW CIAZ;;0
35670M74L00;LAMP UNIT RR COM LH;377.53700000000000000000;SUZUKI;NEW CIAZ;;0
35670M74L00-000;LAMP UNIT RR COMB LH;274.63275000000000000000;SUZUKI;NEW CIAZ;;0
35670M74L00-COR;LAMP UNIT RR COM LH;377.53700000000000000000;SUZUKI;NEW CIAZ;;0
35678-77R00-000;"CORD ASSY,L ";132.92700000000000000000;SUZUKI;NEW CIAZ;;0
35681M55T10;GARNISH ASSY,BACK DOOR,LH;154.89200000000000000000;SUZUKI;NEW CIAZ;;0
35750M55T10;LAMP UNIT, RR COMBINATION LH;694.56500000000000000000;SUZUKI;NEW CELERIO POP 6AB;;0
35750M55T20;UNIT LAMP,REAR COMB,LH;878.06900000000000000000;SUZUKI;NEW CELERIO POP 6AB;;0
35750M56R00;LAMP, UNIT RR COMB LH;627.30100000000000000000;SUZUKI;NEW CIAZ;;0
35750M68P11;LAMP UNIT, RR COMB LH;476.38600000000000000000;SUZUKI;NEW CIAZ;;0
35750M68P21;LAMP UNIT, RR COMB LH;706.48900000000000000000;SUZUKI;NEW CIAZ;;0
35750M73T00;"LAMP ASSY RR COMBO L ";511.88800000000000000000;SUZUKI;NEW CELERIO POP 6AB;;0
35750M75T00;LAMP UNIT, RR COMBINATION LH;533.15000000000000000000;SUZUKI;NEW BALENO 6AB;;0
35750M81R00;LAMP ASSY,REAR COMB, LH;380.79800000000000000000;SUZUKI;NEW CELERIO POP 6AB;;0
35751M79M00;BACK UP LAMP UNIT L;269.05200000000000000000;SUZUKI;NEW CIAZ;;0
35810M74L00;LAMP UNIT, HIGH MOUNT STO;70.29400000000000000000;SUZUKI;NEW CIAZ;;0
35810M74L10;LAMP UNIT, HIGH MOUNT STO;75.86700000000000000000;SUZUKI;NEW CIAZ;;0
35810M79M00-5PK;LAMP ASSYHIGH MT STOP;169.79900000000000000000;SUZUKI;NEW CIAZ;;0
35910M55T00;LAMP ASSY,LICENSE;41.56000000000000000000;SUZUKI;NEW CELERIO POP 6AB;;0
35910M74L01;LAMP ASSY,LICENSE;31.62600000000000000000;SUZUKI;NEW CIAZ;;0
35950-79J02-000;REFLECTOR, RR RW416F;105.89600000000000000000;SUZUKI;NEW CIAZ;;0
35970M55K01;REFLECTOR ASSY,REAR,L;55.89000000000000000000;SUZUKI;NEW CELERIO POP 6AB;;0
36110M74L00;SOCKET TURNSIGNAL LAMP;18.81200000000000000000;SUZUKI;NEW CIAZ;;0
36110M74L00-000;SOCKET TURNSIGNAL LAMP;13.47641000000000000000;SUZUKI;NEW CIAZ;;0
36118M74L00;DOUILLE LAMPE V;14.42600000000000000000;SUZUKI;NEW CIAZ;;0
36118M74L00-000;SOCKET POSITION LAMP;0.00000000000000000000;SUZUKI;NEW CIAZ;;0
36118M79M00;DOUILLE;32.61400000000000000000;SUZUKI;NEW CIAZ;;0
36258M79M00;SOCKET;60.19200000000000000000;SUZUKI;NEW CIAZ;;0
36410-61M00-000;LAMP ASSY, SIDE TURN SIG RH;174.80500000000000000000;SUZUKI;NEW CIAZ;;0
36410-77R00-000;"LAMP ASSY,SIDE TURN SIG ";95.48800000000000000000;SUZUKI;NEW CIAZ;;0
36410M67K00;LAMP ASSY, SIDE TURN;38.81800000000000000000;SUZUKI;NEW CIAZ;;0
36410M67K10;LAMP ASSY,SIDE TURN SIG;29.38600000000000000000;SUZUKI;NEW CIAZ;;0
36410M75F30;LAMP ASSY, SIDE TURN SIG;53.63200000000000000000;SUZUKI;NEW CIAZ;;0
36410M79M00;.LAMP ASSY,SIDE TURN SIG,R;213.31200000000000000000;SUZUKI;NEW CIAZ;;0
36430M74LA0;.LAMP ASSY, TURN SIGNAL lh (SMR);120.17100000000000000000;SUZUKI;NEW CIAZ;;0
36430M79M00;LAMP ASSY,SIDE TURN SIG,L;213.31200000000000000000;SUZUKI;NEW CIAZ;;0
36570M79M00;LAMP ASSY RR FOG;98.59800000000000000000;SUZUKI;NEW CIAZ;;0
36574-70L02-000;"LAMP UNIT RR FOG ";289.74300000000000000000;SUZUKI;NEW CIAZ;;0
36601-54PL0-000;HARNESS ASSY,MAIN;2467.08900000000000000000;SUZUKI;;;0
36601M56RA0;HARNESS ASSY,MAIN;2003.54400000000000000000;SUZUKI;NEW CELERIO POP 6AB;;0
36601M76M30;HARNESS ASSY,MAIN;0.00000000000000000000;SUZUKI;NEW CIAZ;;0
36601M79M30;HARNESS ASSY,MAIN;1807.28200000000000000000;SUZUKI;NEW CIAZ;;0
36601M81R10;HARNESS ASSY,MAIN;1678.11600000000000000000;SUZUKI;NEW CELERIO POP 6AB;;0
36601M82RB0;HARNESS ASSY,MAIN;2181.54400000000000000000;SUZUKI;NEW CELERIO POP 6AB;;0
36602-76JA0;HARNESS INSTRUMENT PANAL;1785.41400000000000000000;SUZUKI;NEW CIAZ;;0
36602M62S20;HARNESS ASSY,INSTPN;1602.86600000000000000000;SUZUKI;NEW CIAZ;;0
36602M76M20;HARNESS ASSY,I/P;787.48600000000000000000;SUZUKI;NEW CELERIO POP 6AB;;0
36607-54P00-000;HARNESS ASSY,MAIN;1258.12700000000000000000;SUZUKI;;;0
36650-61M41-000;HARNESS ASSY,ENG;952.82900000000000000000;SUZUKI;;;0
36650M55R10;HARNESS ASSY,ENG;2207.52000000000000000000;SUZUKI;NEW CIAZ;;0
36650M55R20;"HARNESS ASSY ENGINE ";1148.21500000000000000000;SUZUKI;NEW CIAZ;;0
36650M76M90;HARNESS ASSY,ENG;0.00000000000000000000;SUZUKI;NEW CIAZ;;0
36650M81R00;"HARNESS ASSY ENGINE ";1182.35300000000000000000;SUZUKI;NEW BALENO 6AB;;0
36691-77R00-000;WIRE COMP,A/B;178.72100000000000000000;SUZUKI;NEW CIAZ;;0
36691M76M00;WIRE A/B;131.86200000000000000000;SUZUKI;NEW CIAZ;;0
36710-61M10-000;BOX ASSY,JUNCTION;1579.51200000000000000000;SUZUKI;;;0
36710M66RA1;BOX ASSY, JUNCTION;642.34600000000000000000;SUZUKI;NEW BALENO 6AB;;0
36710M76M20;BOX ASSY, JUNCTION;602.61500000000000000000;SUZUKI;NEW CIAZ;;0
36710M79MB0;BOX ASSY, JUNCTION;1112.32700000000000000000;SUZUKI;NEW CIAZ;;0
36710M79MB1;"BAX ASSY JUNCTION ";958.94800000000000000000;SUZUKI;NEW CIAZ;;0
36717M79M01;COVER,RELAY BOX;75.20263000000000000000;SUZUKI;NEW CIAZ;;0
36717M81R00;COVER,RELAY BOX;56.47200000000000000000;SUZUKI;NEW CELERIO POP 6AB;;0
36717M83P01;COVER, RELAY BOX;62.30300000000000000000;SUZUKI;NEW BALENO 6AB;;0
36739-61M00-000;FUSE,BATTERY AKK416;280.79500000000000000000;SUZUKI;NEW CELERIO POP 6AB;;0
36739-68P00-000;FUSE,BATTERY;166.41000000000000000000;SUZUKI;NEW CELERIO POP 6AB;;0
36739M58R00;FUSE, BATTERY;222.95900000000000000000;SUZUKI;NEW CELERIO POP 6AB;;0
36739M62J00;FUSE,BATTERY;93.91232812500000000000;SUZUKI;NEW CELERIO POP 6AB;;0
36739M62S00;FUSE,BATTERY;164.13300000000000000000;SUZUKI;NEW CELERIO POP 6AB;;0
36739M66R00;FUSE,BATTERY;191.68000000000000000000;SUZUKI;NEW CELERIO POP 6AB;;0
36750-778D0-RX0;WIRE SET FR DOOR;364.01500000000000000000;SUZUKI;NEW CIAZ;;0
36770-54PE0-000;CONTROLLER,BODY ELEC. APK416;861.81800000000000000000;SUZUKI;;;0
36770M76MQ1;CONTROLLER ASSY,BODY ELEC;735.89200000000000000000;SUZUKI;NEW CIAZ;;0
36770M76MQ1-000;CONTROLLER ASSYBODY ELEC;948.40358000000000000000;SUZUKI;NEW CIAZ;;0
36775-77R42-000;CONTROLLER ASSY,BODY ELEC;1405.08900000000000000000;SUZUKI;NEW CIAZ;;0
36775M54TM1;CONTROLLER ASSY BODY ELEC;3677.53700000000000000000;SUZUKI;NEW CIAZ;;0
36775M68T00;CONTROLLER ASSY BODY ELEC;1276.18900000000000000000;SUZUKI;NEW CIAZ;;0
36775M81RD1;CONTROLLER ASSY,BODY ELEC;1191.65430000000000000000;SUZUKI;NEW BALENO 6AB;;0
36775M81RD2;CONTROLLER ASSY,BODY ELEC;1191.65430000000000000000;SUZUKI;;;0
36820M81R20;WIRE,ROOF;214.58800000000000000000;SUZUKI;NEW CIAZ;;0
36840M80T00;"WIRE FRAME ";2499.87300000000000000000;SUZUKI;;;0
36843-78R11-000;WIRE COMP,RR BUMPER;401.89800000000000000000;SUZUKI;NEW CELERIO POP 6AB;;0
36843M55R10;WIRE, RR PARK SNSR;78.03800000000000000000;SUZUKI;NEW CIAZ;;0
36901M54T30;HARNESS ASSY,MAIN;3776.32000000000000000000;SUZUKI;NEW CIAZ;;0
36901M76M30;HARNESS ASSY,MAIN;2114.58900000000000000000;SUZUKI;NEW CIAZ;;0
36901M76M90;"HARNESS ASSY MAIN ";1798.32800000000000000000;SUZUKI;NEW CELERIO POP 6AB;;0
36902-54PU0-000;HARNESS ASSY,I/P;1377.48600000000000000000;SUZUKI;;;0
36902M68T20;HARNESS ASSY,INSTPN;2292.81500000000000000000;SUZUKI;NEW CIAZ;;0
36910M54T20;"HARNESS ASSY MAIN ";2631.25500000000000000000;SUZUKI;NEW CELERIO POP 6AB;;0
37019M55RB0;LOCK SET,AUTO STEERING;270.72400000000000000000;SUZUKI;NEW CELERIO POP 6AB;;0
37019M56RA0;LOCK SET,STEERING;1500.50800000000000000000;SUZUKI;NEW CELERIO POP 6AB;;0
37019M62S02;LOCK SET, STEERING;734.25000000000000000000;SUZUKI;NEW CELERIO POP 6AB;;0
37019M75T10;LOCK SET,STEERING;989.63739000000000000000;SUZUKI;;;0
37019M75T31;LOCK SET,STEERING;1191.34800000000000000000;SUZUKI;;;0
37019M75T90;LOCK SET,STEERING;989.63739000000000000000;SUZUKI;;;0
37019M79M32;LOCK SET;889.55800000000000000000;SUZUKI;NEW CIAZ;;0
37019M79M41;LOCK SET;406.23000000000000000000;SUZUKI;NEW CIAZ;;0
37019M79M52;LOCK SET;1136.37800000000000000000;SUZUKI;NEW CIAZ;;0
37019M80T50;LOCK SET,STEERING;0.00000000000000000000;SUZUKI;;;0
37019M81R10;LOCK SET,STEERING;1346.37800000000000000000;SUZUKI;NEW CELERIO POP 6AB;;0
37100M68PD0;LOCK ASSY, AUTO STEERING;916.14000000000000000000;SUZUKI;NEW CIAZ;;0
37101-63R00-000;BODY,STEERING LOCK;397.55400000000000000000;SUZUKI;NEW CELERIO POP 6AB;;0
37101-63R10-000;BODY,STEERING LOCK;229.92100000000000000000;SUZUKI;NEW CELERIO POP 6AB;;0
37101-76J00;BODY STEERING LOCK;379.85600000000000000000;SUZUKI;NEW CELERIO POP 6AB;;0
37101-76J00-000;BODY,STEERING LOCK;508.09600000000000000000;SUZUKI;NEW CELERIO POP 6AB;;0
37103-58840-P4Z;LOCK SET;612.72800000000000000000;SUZUKI;NEW CIAZ;;0
3710C-77890-000;LOCK SET;755.82378000000000000000;SUZUKI;NEW CIAZ;;0
3710D-77811-000;LOCK SET;981.74600000000000000000;SUZUKI;NEW CIAZ;;0
3710D-77830-000;LOCK ASSY,STEERING;640.62200000000000000000;SUZUKI;NEW CIAZ;;0
3710D-77831-000;LOCK ASSY,STEERING;0.00000000000000000000;SUZUKI;NEW CELERIO POP 6AB;;0
37145-55J80;KEY, BLANK (IMMOBILIZER & TRANSMITTER);1175.26000000000000000000;SUZUKI;NEW CELERIO POP 6AB;;0
37145-68L50-000;KEY, BLANK A;288.72500000000000000000;SUZUKI;NEW CIAZ;;0
37145-77R10-000;KEY,BLANK;425.45400000000000000000;SUZUKI;NEW CIAZ;;0
37145-77R11-000;KEY,BLANK;354.22600000000000000000;SUZUKI;NEW CIAZ;;0
37145M55R21;KEY, BLANK;149.15400000000000000000;SUZUKI;NEW CIAZ;;0
37145M55RA0;KEY, BLANK;150.80100000000000000000;SUZUKI;NEW CIAZ;;0
37145M56R20;KEY, BLANK;303.03400000000000000000;SUZUKI;NEW CIAZ;;0
37145M56R40;KEY, BLANK;344.71100000000000000000;SUZUKI;NEW CIAZ;;0
37145M56RA0;KEY, BLANK;137.53200000000000000000;SUZUKI;NEW CIAZ;;0
37145M76M00;BLANK KEY;85.94400000000000000000;SUZUKI;NEW CIAZ;;0
37145M76M10;BLANK KEY;200.71454000000000000000;SUZUKI;NEW CIAZ;;0
37145M76M11;KEY BLANK;221.28800000000000000000;SUZUKI;NEW CIAZ;;0
37145M79M00;KEY BLANK(W/O PUSH START);132.56900000000000000000;SUZUKI;NEW CIAZ;;0
37145M79M10;KEY, BLANK;134.38900000000000000000;SUZUKI;NEW CIAZ;;0
37171-54PA0-000;CONTROLLER ASSY,KEYLESS,APK416;917.12200000000000000000;SUZUKI;;;0
37171M79M20;CONTROLLER ASSY, KEYLESS;2028.64300000000000000000;SUZUKI;NEW CIAZ;;0
37171M82R21;CONTROLLER ASSY KLS;3158.21000000000000000000;SUZUKI;NEW CIAZ;;0
37172M55R40;REMOCON ASSY,KLS;572.11400000000000000000;SUZUKI;NEW CIAZ;;0
37172M79M01;"REMOCON ASSY KLS ";1135.61900000000000000000;SUZUKI;NEW CIAZ;;0
37172M81R00;REMOCON ASSY, KLS;1028.84800000000000000000;SUZUKI;NEW CIAZ;;0
37177M79M01;SWITCH ASSY,SIDE DOOR KLS;79.30800000000000000000;SUZUKI;NEW CIAZ;;0
37190-81A70;CONTROLLER ASSY DOOR LOCK & KEYLESS;1748.95000000000000000000;SUZUKI;NEW CELERIO POP 6AB;;0
37275M75J00;CAP, USB HOLE;22.91200000000000000000;SUZUKI;NEW CIAZ;;0
37290M79M00;SWITCH ASSY,ENGINE START;225.65000000000000000000;SUZUKI;NEW CIAZ;;0
37310M74L20;SWITCH ASSY, WIPER & WASHER;108.52000000000000000000;SUZUKI;NEW CIAZ;;0
37310M74L30;SWITCH ASSY,WIPER & WASHE;162.49700000000000000000;SUZUKI;NEW CIAZ;;0
37310M81R40;SWITCH ASSY,WIPER & WASHER;267.75000000000000000000;SUZUKI;NEW CIAZ;;0
37410M68P10;SET,CONTACT COIL&SAS;753.61900000000000000000;SUZUKI;NEW CELERIO POP 6AB;;0
37410M68P20;SET, CONTACT COIL & SAS;717.73230000000000000000;SUZUKI;NEW CELERIO POP 6AB;;0
37410M79M20;SET,CONTACT COIL & SAS;428.78600000000000000000;SUZUKI;NEW CIAZ;;0
37410M81R10;SET, CONTACT COIL & SAS;533.28600000000000000000;SUZUKI;NEW CIAZ;;0
37430-77R00-000;SWITCH ASSY,HAZARD WARNING;140.36200000000000000000;SUZUKI;NEW CIAZ;;0
37460M74L10-5PK;SWITCH ASSY AUDIO (BLACK);121.47500000000000000000;SUZUKI;NEW CIAZ;;0
37460M79M10;.SWITCH ASSY,AUDIO;119.57800000000000000000;SUZUKI;NEW CIAZ;;0
37480-64J70-000;CABLE,CONTACT COIL AKK/APK###;803.33400000000000000000;SUZUKI;NEW BALENO 6AB;;0
37480M76M00;CABLE ASSY,CONTACT COIL;155.60200000000000000000;SUZUKI;NEW CIAZ;;0
37480M76M10;CABLE ASSY,CONTACT COIL;235.78000000000000000000;SUZUKI;NEW CIAZ;;0
37490M76M10;SWITCH ASSY,HANDS FREE;101.32800000000000000000;SUZUKI;NEW CIAZ;;0
37680-78R00-000;SWITCH ASSY,SHIFT POSITION;236.83000000000000000000;SUZUKI;NEW CELERIO POP 6AB;;0
37710M81R00;SWITCH ASSYNEUTRAL;480.95100000000000000000;SUZUKI;;;0
37735M55R00-ZAM;SENSOR ASSY, PARK (BLACK;211.36200000000000000000;SUZUKI;NEW CIAZ;;0
37735M55R01-5PK;PARKING SENSOR;221.93000000000000000000;SUZUKI;NEW CIAZ;;0
37735M55R01-ZAM;SENSOR ASSY, PARK (BLACK;221.93000000000000000000;SUZUKI;NEW CIAZ;;0
37735M56R00-WBE;SENSOR ASSY,PARK(SILVER);213.47500000000000000000;SUZUKI;NEW CIAZ;;0
37735M56R00-ZAM;SENSOR ASSY, PARK (BLACK;213.47500000000000000000;SUZUKI;NEW CIAZ;;0
37735M62S00-5PK;SENSOR ASSY,PARK;208.44000000000000000000;SUZUKI;NEW CIAZ;;0
37735M68P00-5PK;SENSOR ASSY,PARK;262.85200000000000000000;SUZUKI;NEW BALENO 6AB;;0
37735M68P00-ZTN;SENSOR ASSY PARK;262.85200000000000000000;SUZUKI;NEW BALENO 6AB;;0
37735M68P01-5PK;SENSOR ASSY, PARK (BLACK);262.85200000000000000000;SUZUKI;NEW CIAZ;;0
37735M68P01-ZTN;SENSOR ASSY,PARK(GRAY);0.00000000000000000000;SUZUKI;NEW BALENO 6AB;;0
37735M68P01-ZTNÁ;SENSOR ASSY,PARK(GRAY);262.85200000000000000000;SUZUKI;NEW BALENO 6AB;;0
37735M69R01-ZAM;SENSOR ASSY, PARK (BLACK);221.93000000000000000000;SUZUKI;NEW CIAZ;;0
37735M81R00;SENSOR ASSY,PARK;184.64500000000000000000;SUZUKI;NEW CIAZ;;0
37736M54T00;BRACKET, PARK SNSR HARNESS;70.50200000000000000000;SUZUKI;NEW CIAZ;;0
37740M68P00;SWITCH ASSY,STOP LAMP;210.33200000000000000000;SUZUKI;NEW CELERIO POP 6AB;;0
37740M76G00;SWITCH ASSY,STOP LAMP;90.48400000000000000000;SUZUKI;NEW CIAZ;;0
37950-77R00-000;SWITCH ASSY,MIRROR;182.38800000000000000000;SUZUKI;NEW CIAZ;;0
37950M81R00;SWITCH ASSY, MIRROR;82.89100000000000000000;SUZUKI;NEW CELERIO POP 6AB;;0
37990-54P20-000;SWITCH,P/W APK416;513.00385715250000000000;SUZUKI;NEW BALENO 6AB;;0
37990-54P22-000;SWITCH ASSY,POWER WINDOW MA;513.00385500000000000000;SUZUKI;NEW CELERIO POP 6AB;;0
37990-54P23-000;COMMANDE LEVE VITRE;538.65300000000000000000;SUZUKI;NEW CELERIO POP 6AB;;0
37990-54P61-000;SWITCH ASSY,POWER WINDOW MA;538.65300000000000000000;SUZUKI;NEW BALENO 6AB;;0
37990M55R50;SWITCH;260.53392000000000000000;SUZUKI;NEW CIAZ;;0
37990M55R52;SWITCH ASSY,POWER WINDOW MAIN;260.53400000000000000000;SUZUKI;NEW CIAZ;;0
37990M55R53;SWITCH ASSYPOWER WINDOW;300.86100000000000000000;SUZUKI;NEW CELERIO POP 6AB;;0
37990M55T10;SWITCH ASSY,POWER WINDOW MA;357.79400000000000000000;SUZUKI;NEW CELERIO POP 6AB;;0
37990M56R50;SWITCH;274.58990000000000000000;SUZUKI;NEW CIAZ;;0
37990M56R52;SWITCH;274.58990000000000000000;SUZUKI;NEW CIAZ;;0
37990M56R53;SWITCH ASSYPOWER WINDOW;309.32000000000000000000;SUZUKI;NEW CELERIO POP 6AB;;0
37990M56R70;SWITCH ASSY, POWER WINDOW MA;258.86100000000000000000;SUZUKI;NEW CELERIO POP 6AB;;0
37990M56R71;SWITCH ASSY POWER WINDOW;271.80400000000000000000;SUZUKI;NEW BALENO 6AB;;0
37990M62S00;SWITCH ASSY P/W AND HAZARD;196.60700000000000000000;SUZUKI;NEW CELERIO POP 6AB;;0
37990M68P21;SWITCH ASSYPOWER WINDOW;265.61700000000000000000;SUZUKI;NEW CIAZ;;0
37990M68P43;SWITCH ASSY,POWER WINDOW MA;377.91700000000000000000;SUZUKI;NEW CELERIO POP 6AB;;0
37990M74T10;SWITCH ASSY,POWER WINDOW MA;249.66900000000000000000;SUZUKI;NEW CELERIO POP 6AB;;0
37990M76M00;SWITCH ASSYPOWER WINDOW MA;228.18600000000000000000;SUZUKI;NEW CIAZ;;0
37990M79M11;SWITCH ASSY,POWER WINDOW MAIN;396.83100000000000000000;SUZUKI;NEW CIAZ;;0
37990M79M32;SWITCH ASSY,POWER WINDOW MAIN;377.93400000000000000000;SUZUKI;NEW CIAZ;;0
37990M79M33;SWITCH ASSY,POWER WINDOW MA;412.73800000000000000000;SUZUKI;NEW BALENO 6AB;;0
37990M81R10-ZCA;SWITCH ASSY,P/W MA & HAZARD;293.13300000000000000000;SUZUKI;NEW BALENO 6AB;;0
37995-68L00-000;SWITCH ASSY,POWER AKK416;184.40600000000000000000;SUZUKI;NEW BALENO 6AB;;0
37995M79M00;SWITCH ASSY,POWER WINDOW;71.68600000000000000000;SUZUKI;NEW CELERIO POP 6AB;;0
37995M79M01;SWITCH ASSY, POWER WINDOW SUB;71.68600000000000000000;SUZUKI;NEW CELERIO POP 6AB;;0
37995M79M02;SWITCH ASSY,POWER WINDOW SUB;77.40000000000000000000;SUZUKI;NEW CELERIO POP 6AB;;0
38100-77R00-000;WIPER ASSY,WINDSHIELD;1040.80600000000000000000;SUZUKI;NEW CIAZ;;0
38100M74L20;WIPER ASSY, WINDSHIELD;768.64800000000000000000;SUZUKI;NEW CIAZ;;0
38100M74L30;WIPER ASSY, WINDSHIELD;406.82800000000000000000;SUZUKI;NEW CIAZ;;0
38110M79M00;.MOTOR ASSY, WIPER;435.77100000000000000000;SUZUKI;NEW CIAZ;;0
38274-77R00-000;CAP,WIPER PIVOT;45.53500000000000000000;SUZUKI;NEW CIAZ;;0
38310M55R00;ARM ASSY, FR WIPER DRVR;43.73300000000000000000;SUZUKI;NEW CIAZ;;0
38310M79M00;ARM ASSY,WIPER DRIVER;141.90000000000000000000;SUZUKI;NEW CIAZ;;0
38310M81R00;ARM ASSY,WIPER DRVR;64.70300000000000000000;SUZUKI;NEW BALENO 6AB;;0
38310M81R10;ARM ASSY,WIPER DRVR;78.07800000000000000000;SUZUKI;NEW CIAZ;;0
38330M55R00;ARM ASSY, FR WIPER ASST;51.04600000000000000000;SUZUKI;NEW CIAZ;;0
38330M81R10;ARM ASSY,WIPER ASST;65.43500000000000000000;SUZUKI;NEW CELERIO POP 6AB;;0
38340-54P00-000;BLADE WIPER;107.86800000000000000000;SUZUKI;NEW CELERIO POP 6AB;;0
38340-54P30-000;BLADE WIPER;90.81200000000000000000;SUZUKI;NEW CELERIO POP 6AB;;0
38340-63J00-000;BLADE, WIPER RW#/RS#;55.98000000000000000000;SUZUKI;NEW CELERIO POP 6AB;;0
38340-77R00-000;BLADE ASSY,WIPER;74.95600000000000000000;SUZUKI;NEW CELERIO POP 6AB;;0
38340-77R40-000;BLADEASSY,WIPER;74.35500000000000000000;SUZUKI;NEW CELERIO POP 6AB;;0
38340M51K42;BALAI D'ESSUIE GLACE  AR;78.30000000000000000000;SUZUKI;NEW CELERIO POP 6AB;;0
38340M55R00;BALAI D'ESSUIE GLACE  AV;59.05500000000000000000;SUZUKI;NEW CELERIO POP 6AB;;0
38340M55R20;BALAI D'ESSUIE GLACE  AV;55.85600000000000000000;SUZUKI;NEW CELERIO POP 6AB;;0
38340M56R00;BLADE ASSY, WIPER ASST;53.60900000000000000000;SUZUKI;NEW CELERIO POP 6AB;;0
38340M62S00;BLADE ASSY WIPER DRIVER;47.76700000000000000000;SUZUKI;NEW CELERIO POP 6AB;;0
38340M68P01;BLADE ASSY WIPER DRIVER;42.74400000000000000000;SUZUKI;NEW CELERIO POP 6AB;;0
38340M68P20;BLADE ASSY, WIPER ASSISTANT;55.00200000000000000000;SUZUKI;NEW CELERIO POP 6AB;;0
38340M72R00;BLADE ASSY, WIPER;66.52000000000000000000;SUZUKI;NEW CELERIO POP 6AB;;0
38340M72R20;BLADE ASSY, WIPER;53.47400000000000000000;SUZUKI;NEW CELERIO POP 6AB;;0
38340M72R50;BLADE ASSY, WIPER;81.82000000000000000000;SUZUKI;NEW CELERIO POP 6AB;;0
38340M74L01;BLADE ASSY, WIPER;75.38300000000000000000;SUZUKI;NEW CELERIO POP 6AB;;0
38340M74L22;BLADE ASSY, WIPER;44.39800000000000000000;SUZUKI;NEW CELERIO POP 6AB;;0
38340M75J00;BLADE ASSY, RR WIPER;30.54000000000000000000;SUZUKI;NEW CELERIO POP 6AB;;0
38340M75J00-000;BLADE ASSY WIPER;0.00000000000000000000;SUZUKI;NEW CELERIO POP 6AB;;0
38340M76M00;BLADE ASSY WIPER REAR;69.68400000000000000000;SUZUKI;NEW CELERIO POP 6AB;;0
38340M79M00;BLADE ASSY,WIPER;53.11500000000000000000;SUZUKI;NEW CELERIO POP 6AB;;0
38340M79M30;BLADE ASSY,WIPER;96.17300000000000000000;SUZUKI;NEW CELERIO POP 6AB;;0
38340M81R10;BLADE ASSY,WIPER DRVR;39.53700000000000000000;SUZUKI;NEW CELERIO POP 6AB;;0
38340M81R30;BLADE ASSY,WIPER ASST;42.78600000000000000000;SUZUKI;NEW CELERIO POP 6AB;;0
38340M84M00;BLADE ASSY WIPER AS;72.32800000000000000000;SUZUKI;NEW CELERIO POP 6AB;;0
38340M84M30;BLADE ASSY WIPER DR;55.32700000000000000000;SUZUKI;NEW CELERIO POP 6AB;;0
38402-54P00-000;INLET SET AP;113.77400000000000000000;SUZUKI;NEW CELERIO POP 6AB;;0
38402M62S00;INLET SETWASHER WITH CAP;48.79000000000000000000;SUZUKI;NEW CELERIO POP 6AB;;0
38403-77R00-000;TANK ASSY,WASHER;262.89300000000000000000;SUZUKI;NEW CIAZ;;0
38410-71L10-000;PUMP ASSY,WASHER AZH412;334.12500000000000000000;SUZUKI;NEW CELERIO POP 6AB;;0
38410M68P00;.PUMP ASSY, FR;54.93000000000000000000;SUZUKI;NEW CELERIO POP 6AB;;0
38410M68P10;.PUMP ASSY , RR;55.93800000000000000000;SUZUKI;NEW CELERIO POP 6AB;;0
38410M74L10;PUMP ASSY, WASHER;73.93300000000000000000;SUZUKI;NEW CIAZ;;0
38410M76M00;PUMP;118.51900000000000000000;SUZUKI;NEW CIAZ;;0
38450-61M10-000;TANK, WASHER;363.53100000000000000000;SUZUKI;NEW CELERIO POP 6AB;;0
38450M55T10;"TANK ";160.09500000000000000000;SUZUKI;NEW CELERIO POP 6AB;;0
38450M56R30;TANK ASSY;138.41100000000000000000;SUZUKI;NEW CELERIO POP 6AB;;0
38450M62S00;TANK ASSY WASHER;113.99000000000000000000;SUZUKI;NEW CELERIO POP 6AB;;0
38450M68P10;TANK;157.95700000000000000000;SUZUKI;NEW CELERIO POP 6AB;;0
38450M72R10;TANK ASSY, WASHER;142.36800000000000000000;SUZUKI;NEW CELERIO POP 6AB;;0
38450M74L00;TANK ASSY, WASHER;157.19900000000000000000;SUZUKI;NEW CIAZ;;0
38450M74L10-000;TANK ASSY WASHER;0.00000000000000000000;SUZUKI;NEW CIAZ;;0
38450M74T10;TANK;174.25000000000000000000;SUZUKI;NEW CELERIO POP 6AB;;0
38450M75T20;TANK ASSY, WASHER FRONT;112.78800000000000000000;SUZUKI;NEW BALENO 6AB;;0
38450M76M00;.TANK ASSY,FR AND RR;136.32700000000000000000;SUZUKI;NEW CIAZ;;0
38450M81R10;TANK ASSY;152.75500000000000000000;SUZUKI;NEW CELERIO POP 6AB;;0
38459M79M00;DURITE D'EAU ESSUI GLACE;15.24700000000000000000;SUZUKI;NEW CIAZ;;0
38480-54P00-000;NOZZLE, WASH;33.18300000000000000000;SUZUKI;NEW CELERIO POP 6AB;;0
38480-54P10-000;NOZZLE, WASH;33.18300000000000000000;SUZUKI;NEW CELERIO POP 6AB;;0
38480-77R00-000;NOZZLE, WASHER;73.30600000000000000000;SUZUKI;NEW CELERIO POP 6AB;;0
38480M55R00;NOZZLE, WASHER;9.98500000000000000000;SUZUKI;NEW CELERIO POP 6AB;;0
38480M55R10;NOZZLE, WASHER;12.63900000000000000000;SUZUKI;NEW CELERIO POP 6AB;;0
38480M56R10;NOZZLE COMP,WASHER;11.29900000000000000000;SUZUKI;NEW CELERIO POP 6AB;;0
38480M68P01;NOZZLE, WASHER;22.54600000000000000000;SUZUKI;NEW CELERIO POP 6AB;;0
38480M68P11;NOZZLE, WASHER;24.18700000000000000000;SUZUKI;NEW CELERIO POP 6AB;;0
38480M76M00;NOZZLE COMP,WASHER;15.11500000000000000000;SUZUKI;NEW CELERIO POP 6AB;;0
38480M76M10;NOZZLE COMP,WASHER;15.11500000000000000000;SUZUKI;NEW CELERIO POP 6AB;;0
38480M79M00;NOZZLE,WASHER;23.53200000000000000000;SUZUKI;NEW CELERIO POP 6AB;;0
38496-56B00-000;CONNECTOR;27.32300000000000000000;SUZUKI;NEW CELERIO POP 6AB;;0
38496-61A00-000;VALVE,CHECK;14.86969312500000000000;SUZUKI;NEW CELERIO POP 6AB;;0
38496-76R00-000;L-JOINT;29.40400000000000000000;SUZUKI;NEW CELERIO POP 6AB;;0
38496-81P10-000;L-JOINT;16.39400000000000000000;SUZUKI;NEW CELERIO POP 6AB;;0
38500-77R00-000;HORN ASSY;281.26000000000000000000;SUZUKI;NEW CIAZ;;0
38500M55T00;HORN ASSY,LOW PITCHED;82.00100000000000000000;SUZUKI;NEW CIAZ;;0
38500M74L30;HORN ASSY, HIGH PITCHED;80.02400000000000000000;SUZUKI;NEW CIAZ;;0
38500M74L40;HORN ASSY, LOW PICTHED;72.10600000000000000000;SUZUKI;NEW CIAZ;;0
38500M79M10;HORN ASSY,HIGH PITCHED;70.62900000000000000000;SUZUKI;NEW CIAZ;;0
38500M79M10-000;HORN ASSYHIGH PITCHED;0.00000000000000000000;SUZUKI;NEW CIAZ;;0
38720-77R00-000;CONTROLLER ASSY,EPS;1561.21000000000000000000;SUZUKI;NEW CIAZ;;0
38720M74L15;CONTROLLER ASSY,EPS;1074.54000000000000000000;SUZUKI;NEW CIAZ;;0
38720M76M12;CONTROLLER ASSY EPS;1013.39800000000000000000;SUZUKI;NEW CIAZ;;0
38720M79M01;CONTROLLER ASSY,EPS;1135.44200000000000000000;SUZUKI;NEW CIAZ;;0
3880TM55RF0;CONTROLLER SET,AMT;1718.20100000000000000000;SUZUKI;NEW BALENO 6AB;;0
38810-77R00-000;WIPER ASSY,RR WINDOW;787.89100000000000000000;SUZUKI;NEW CIAZ;;0
38810M74L01;WIPER ASSY,REAR WINDSHIEL;357.05300000000000000000;SUZUKI;NEW CIAZ;;0
38810M76M00;WIPER ASSY, REAR WINDSHIELD;412.97200000000000000000;SUZUKI;NEW CIAZ;;0
38810M81R00;WIPER ASSY,RR WINDOW;512.42400000000000000000;SUZUKI;NEW CELERIO POP 6AB;;0
38821-77R00-000;ARM ASSY,RR WIPER;189.81500000000000000000;SUZUKI;NEW CIAZ;;0
38822M69R00;BLADE ASSY RR WIPER;28.89100000000000000000;SUZUKI;NEW CELERIO POP 6AB;;0
38823M55T00;BLADE ASSY,REAR WIPER;75.09000000000000000000;SUZUKI;NEW CIAZ;;0
38832-77R00-000;HOSE ASSY,FR WASHER;34.67000000000000000000;SUZUKI;NEW CIAZ;;0
38840-77R00-000;NOZZLE ASSY,REAR WASHER;67.23600000000000000000;SUZUKI;NEW CELERIO POP 6AB;;0
38840M76M00;NOZZLE ASSY,RR WASHER;12.79000000000000000000;SUZUKI;NEW CELERIO POP 6AB;;0
38843-60B00-000;GASKET,WASHER NOZZLE;28.36400000000000000000;SUZUKI;NEW CELERIO POP 6AB;;0
38860M76M00;RELAY ASSY;23.32300000000000000000;SUZUKI;NEW CIAZ;;0
38860M79F01;RELAY(MAIN,RDTR FAN,FUEL PUMP,;28.38500000000000000000;SUZUKI;NEW CIAZ;;0
38885-78R00-000;CONTROLLER ASSY,4WD SHIFT;1112.41300000000000000000;SUZUKI;NEW CELERIO POP 6AB;;0
38888M76M10;SENSOR ASSY,CLUTCH SPEED;305.57800000000000000000;SUZUKI;NEW CIAZ;;0
38910-77R00-000;CONTROLLER ASSY,A/B;2590.54200000000000000000;SUZUKI;NEW CIAZ;;0
38910-86R40-000;CONTROLLER ASSY;3617.25000000000000000000;SUZUKI;NEW CELERIO POP 6AB;;0
38910M72R00;CONTROLLER ASSY,A/B;374.26500000000000000000;SUZUKI;NEW CIAZ;;0
38910M79M00;CONTROLLER ASSY,A/B;1034.37200000000000000000;SUZUKI;NEW CIAZ;;0
38910M79M00-000;CONTROLLER ASSYA/B;717.70545000000000000000;SUZUKI;NEW CIAZ;;0
38910M79M01;CONTROLLER ASSYA/B;1034.78700000000000000000;SUZUKI;NEW CIAZ;;0
38930-52RB0-000;SENSOR ASSY,SIDE A/BSENSOR ASSY,SIDE A/B;432.58500000000000000000;SUZUKI;NEW CELERIO POP 6AB;;0
38930-61M10-000;SENSOR ASSY, SIDE A/B;256.14900000000000000000;SUZUKI;NEW CELERIO POP 6AB;;0
38930-61M20-000;SENSOR SIDE A/B AKK416;197.07700000000000000000;SUZUKI;NEW CELERIO POP 6AB;;0
38930-77R00-000;SENSOR ASSY,FORWARD;432.58500000000000000000;SUZUKI;NEW CELERIO POP 6AB;;0
38930-77RA0-000;SENSOR ASSY,SIDE A/B;432.58500000000000000000;SUZUKI;NEW CELERIO POP 6AB;;0
39101-77R63-BKZ;TUNER ASSY;3052.36900000000000000000;SUZUKI;NEW CIAZ;;0
39101M62S11-AQK;TUNER ASSY;4289.25000000000000000000;SUZUKI;NEW CIAZ;;0
39101M83PA0-HVW;"TUNER ASSY ";1514.25600000000000000000;SUZUKI;NEW CELERIO POP 6AB;;0
39102M55R00;SPEAKER ASSY;86.37500000000000000000;SUZUKI;;;0
39102M55R01;SPEAKER ASSY;86.37500000000000000000;SUZUKI;;;0
39102M69P00;SPEAKER ASSY;73.92300000000000000000;SUZUKI;;;0
39105M74L10;"SOCKET, USB ";102.58400000000000000000;SUZUKI;NEW CIAZ;;0
39105M76M00;"SOCKET, USB ";87.21400000000000000000;SUZUKI;NEW CIAZ;;0
39106M79M00;CABLE,USB & AUX;274.22200000000000000000;SUZUKI;NEW CIAZ;;0
39106M81R20;"CABLE USB ";275.18400000000000000000;SUZUKI;NEW CELERIO POP 6AB;;0
39251M69R10;ROD,ANTENNA;45.89600000000000000000;SUZUKI;NEW CIAZ;;0
39251M74L00;ROD, ANTENNA;99.87400000000000000000;SUZUKI;NEW CIAZ;;0
39251M74LA0;ROD,ANTENNA;104.97900000000000000000;SUZUKI;NEW CIAZ;;0
39251M76M00;ROD,ANTENNA;47.04100000000000000000;SUZUKI;NEW CIAZ;;0
39253-71L11-000;BASE,ANTENNA;364.02200000000000000000;SUZUKI;NEW CIAZ;;0
39253M66R00;BASE ANTENNE;201.16000000000000000000;SUZUKI;NEW CELERIO POP 6AB;;0
39253M66RA0;BASE,ANTENNA;427.68100000000000000000;SUZUKI;NEW CELERIO POP 6AB;;0
39253M72R00;BASE,ANTENNA;195.35700000000000000000;SUZUKI;;;0
39253M74L11;BASE,ANTENNA;246.41100000000000000000;SUZUKI;NEW CIAZ;;0
39271M81R10;FEEDER,ROOF;80.34400000000000000000;SUZUKI;NEW CELERIO POP 6AB;;0
39530M79M00;CONTROLLER UNIT,AUTO A/C;303.49600000000000000000;SUZUKI;NEW CIAZ;;0
39813M55TA0;MIC ASSY, HANDSFREE;117.61200000000000000000;SUZUKI;;;0
39920-54P97-DB7;"UNIT NAVIGATION ";5895.68900000000000000000;SUZUKI;NEW BALENO 6AB;;0
39920M55R11-CN5;SLDA;5924.67954750000000000000;SUZUKI;NEW CELERIO POP 6AB;;0
39920M55R14-CN5;UNIT ASSY NAVI;5924.68000000000000000000;SUZUKI;NEW CELERIO POP 6AB;;0
39920M55R15-CN5;UNIT ASSY NAVI;6220.91400000000000000000;SUZUKI;NEW CELERIO POP 6AB;;0
39920M79M62-BJA;UNIT ASSYNAVI;6972.44800000000000000000;SUZUKI;NEW CELERIO POP 6AB;;0
39920M79M65-BJA;UNIT ASSY NAVI;6972.44800000000000000000;SUZUKI;;;0
39970M55R00;"CAMERA ASSY BACK ";688.71400000000000000000;SUZUKI;NEW BALENO 6AB;;0
39970M68P00;CAMERA ASSY, BACK;737.78800000000000000000;SUZUKI;;;0
39970M72R00;CAMERA ASSY,BACK;979.39000000000000000000;SUZUKI;;;0
3A102M55TK0-F08;UNIT ASSY,DISPLAY AUDIO;6534.97300000000000000000;SUZUKI;NEW CIAZ;;0
3A102M77S13-0CE;UNIT ASSYDISPLAY AUDIO;7335.06700000000000000000;SUZUKI;NEW CELERIO POP 6AB;;0
3A102M77S21-0CE;UNIT ASSY,DISPLAY AUDIO;3492.29300000000000000000;SUZUKI;NEW CIAZ;;0
3A102M77S22-0CE;UNIT ASSYDISPLAY AUDIO;3492.29300000000000000000;SUZUKI;NEW CIAZ;;0
3A710M55T00;CAMERA ASSY,FRONT;948.03200000000000000000;SUZUKI;NEW BALENO 6AB;;0
3A720M55T00;CAMERA ASSY,BACK;1053.26800000000000000000;SUZUKI;NEW CELERIO POP 6AB;;0
3A780M55T00;CABLE,CAMERA FRONT;119.28800000000000000000;SUZUKI;NEW CIAZ;;0
3A810M55T00;CONTROLLER ASSY,CAMERA;4138.61500000000000000000;SUZUKI;NEW CIAZ;;0
3B105M75TB0;CONTROLLER ASSY, BODY ELEC;1731.56600000000000000000;SUZUKI;;;0
3B232M55T00;REMOCON ASSY,KLS;818.86100000000000000000;SUZUKI;NEW CELERIO POP 6AB;;0
3C100M81R00;CONTROLLER ASSY,EPS;1312.50000000000000000000;SUZUKI;NEW CIAZ;;0
3F900M55TA0;CONTROLLER ASSY,A/B;1264.06400000000000000000;SUZUKI;NEW CIAZ;;0
3F900M81R10;CONTROLLER ASSY,A/B;554.83900000000000000000;SUZUKI;NEW CELERIO POP 6AB;;0
3F920M81R10;SENSOR ASSY FORWARD LEFT;164.06900000000000000000;SUZUKI;NEW CIAZ;;0
41111-78R01-000;SPRING,FR COIL;419.02200000000000000000;SUZUKI;NEW CELERIO POP 6AB;;0
41111M55R00;SPRING,FRONT COIL;0.00000000000000000000;SUZUKI;NEW CELERIO POP 6AB;;0
41111M74T10;SPRING,FRONT COIL;237.57900000000000000000;SUZUKI;NEW CELERIO POP 6AB;;0
41111M81R10;SPRING,FRONT COIL;182.70000000000000000000;SUZUKI;NEW CELERIO POP 6AB;;0
41211M76M00;SEAT, COIL SPRING;133.69400000000000000000;SUZUKI;NEW CIAZ;;0
41230M74P00;SEAT, FR SPRING UPR;32.82500000000000000000;SUZUKI;NEW CIAZ;;0
41230M76M00;SEAT COMPFR SPRING UPPER;48.77500000000000000000;SUZUKI;NEW CIAZ;;0
41240-83001-000;SEAT,SPRING;122.50200000000000000000;SUZUKI;NEW CELERIO POP 6AB;;0
41311-77R30-000;SPRING,RR COIL;419.02200000000000000000;SUZUKI;NEW CELERIO POP 6AB;;0
41311M76MA0;SPRINGREAR COIL;119.13900000000000000000;SUZUKI;NEW CELERIO POP 6AB;;0
41311M79M11;SPRING,RR COIL;172.51400000000000000000;SUZUKI;NEW CELERIO POP 6AB;;0
41311M81R10;SPRING,REAR COIL;75.98400000000000000000;SUZUKI;NEW CIAZ;;0
41312M81R00;SEATREAR SPRING LOWER;18.90000000000000000000;SUZUKI;NEW CIAZ;;0
41341-66H00-000;SEAT,REAR SPRING UPPER;70.60400000000000000000;SUZUKI;NEW CELERIO POP 6AB;;0
41341-79J00-000;SEAT,RR SPRING RW416F AZG416;46.74000000000000000000;SUZUKI;NEW CELERIO POP 6AB;;0
41341M63J00;SEAT, REAR SPRING UPPER;15.01800000000000000000;SUZUKI;NEW CELERIO POP 6AB;;0
41341M68P00;SEAT, REAR SPRING UPPER;13.64900000000000000000;SUZUKI;NEW CELERIO POP 6AB;;0
41341M72R00;SEAT,REAR SPRING UPPER;25.75400000000000000000;SUZUKI;NEW CELERIO POP 6AB;;0
41341M74P00;SEAT,REAR SPRING UPPER;26.02100000000000000000;SUZUKI;NEW CELERIO POP 6AB;;0
41411-83000-000;U-BOLT,FR SPRING,L;38.51200000000000000000;SUZUKI;NEW CELERIO POP 6AB;;0
41411-83010-000;U-BOLT,FR SPRING,R;38.51200000000000000000;SUZUKI;NEW CELERIO POP 6AB;;0
41411-83020-000;U-BOLT,FR SPRING INR,R;37.89900000000000000000;SUZUKI;NEW CELERIO POP 6AB;;0
41600M80T00;ABSORBER ASSY,FR SHOCK;443.93600000000000000000;SUZUKI;NEW CELERIO POP 6AB;;0
41601-54PE0-000;STRUT,FRONT;1158.55600000000000000000;SUZUKI;NEW CELERIO POP 6AB;;0
41601M54T00;STRUT ASSY, FRONT SPNSN RH;354.41000000000000000000;SUZUKI;NEW CIAZ;;0
41601M55R00;STRUT ASSY,FRONT SPNSN,R;297.34000000000000000000;SUZUKI;NEW CELERIO POP 6AB;;0
41601M55T00;STRUT ASSY,FRONT SPNSN,RH;410.84400000000000000000;SUZUKI;NEW CELERIO POP 6AB;;0
41601M62S00;STRUT ASSY,FRONT SPNSN,RH;247.74200000000000000000;SUZUKI;NEW CIAZ;;0
41601M68P01;STRUT SET,FRONT SPNSN,RH;379.34400000000000000000;SUZUKI;NEW CELERIO POP 6AB;;0
41601M68P60;STRUT ASSY, FRONT SPNSN RH;378.78700000000000000000;SUZUKI;NEW CELERIO POP 6AB;;0
41601M72R00;STRUT ASSY, FRONT SPNSN RH;441.10100000000000000000;SUZUKI;NEW CELERIO POP 6AB;;0
41601M74L01;STRUT ASSY,FRONT SPNSN,R;237.43700000000000000000;SUZUKI;NEW CIAZ;;0
41601M74T10;STRUT ASSY,FRONT SPNSN,R;613.43900000000000000000;SUZUKI;NEW CELERIO POP 6AB;;0
41601M75T00;STRUT ASSY,FRONT SPNSN,R;322.15900000000000000000;SUZUKI;NEW BALENO 6AB;;0
41601M76M00;STRUT ASSY,FRONT SPNSN,R;261.72800000000000000000;SUZUKI;NEW CIAZ;;0
41601M76T10;STRUT ASSY,FRONT SPNSN,R;987.11400000000000000000;SUZUKI;NEW CELERIO POP 6AB;;0
41601M77P00;STRUT ASSY,FRONT SPNSN,R;299.37800000000000000000;SUZUKI;NEW CELERIO POP 6AB;;0
41601M78T10;STRUT ASSY,FRONT SUSPENSION,R;290.96200000000000000000;SUZUKI;NEW CELERIO POP 6AB;;0
41601M79M10;STRUT ASSY,FRONT SPNSN,RH;372.90200000000000000000;SUZUKI;NEW CIAZ;;0
41601M81R00;STRUT ASSY,FRONT SPNSN,R;330.23800000000000000000;SUZUKI;NEW CELERIO POP 6AB;;0
41602-54PE0-000;STRUT ASSY, FR SPNSN LH;1158.55600000000000000000;SUZUKI;NEW CELERIO POP 6AB;;0
41602M54T00;STRUT ASSY, FRONT SPNSN LH;354.41000000000000000000;SUZUKI;NEW CIAZ;;0
41602M55R00;STRUT ASSY,FRONT SPNSN,L;297.34000000000000000000;SUZUKI;NEW CIAZ;;0
41602M55T00;STRUT ASSY,FRONT SPNSN,LH;410.84400000000000000000;SUZUKI;NEW CELERIO POP 6AB;;0
41602M62S00;STRUT ASSY,FRONT SPNSN,LH;247.74200000000000000000;SUZUKI;NEW CIAZ;;0
41602M68P01;STRUT ASSY,FRONT SPNSN,LH;379.34400000000000000000;SUZUKI;NEW CIAZ;;0
41602M68P60;STRUT ASSY, FRONT SPNSN LH;378.78700000000000000000;SUZUKI;NEW CELERIO POP 6AB;;0
41602M72R00;STRUT ASSY, FRONT SPNSN LH;441.10100000000000000000;SUZUKI;NEW CELERIO POP 6AB;;0
41602M74L01;STRUT ASSY,FRONT SPNSN,L;237.43700000000000000000;SUZUKI;NEW CIAZ;;0
41602M74T10;STRUT ASSY,FRONT SPNSN,L;613.44400000000000000000;SUZUKI;NEW CELERIO POP 6AB;;0
41602M75T00;STRUT ASSY,FRONT SPNSN,L;322.15900000000000000000;SUZUKI;NEW BALENO 6AB;;0
41602M76M00;STRUT ASSY,FRONT SPNSN,L;261.72800000000000000000;SUZUKI;NEW CIAZ;;0
41602M76T10;STRUT ASSY,FRONT SPNSN,L;987.11400000000000000000;SUZUKI;NEW CELERIO POP 6AB;;0
41602M77P00;STRUT ASSY,FRONT SPNSN,L;380.09500000000000000000;SUZUKI;NEW CELERIO POP 6AB;;0
41602M78T10;STRUT ASSY,FRONT SUSPENSION,L;290.96600000000000000000;SUZUKI;NEW CELERIO POP 6AB;;0
41602M79M10;STRUT ASSY,FRONT SPNSN,LH;372.90200000000000000000;SUZUKI;NEW CIAZ;;0
41602M81R00;STRUT ASSY,FRONT SPNSN,L;330.39000000000000000000;SUZUKI;NEW CELERIO POP 6AB;;0
41610-78R00-000;ABSORBER,FR SHOCK;635.05700000000000000000;SUZUKI;NEW CIAZ;;0
41611-77R00-000;BUSHING,SHOCK ABSORBER RUBBER;25.52400000000000000000;SUZUKI;NEW CIAZ;;0
41613-77R00-000;WASHER,SHOCK ABSORBER;21.60600000000000000000;SUZUKI;NEW CIAZ;;0
41700-78R00-000;ABSORBER ASSY,RR SHOCK;546.84100000000000000000;SUZUKI;NEW CIAZ;;0
41710M62S00;SUPPORT ,FRONT STRUT;48.08200000000000000000;SUZUKI;NEW CELERIO POP 6AB;;0
41710M69R00;SUPPORT COMP,FRONT STRUT;70.54400000000000000000;SUZUKI;NEW CELERIO POP 6AB;;0
41710M76M00;SUPPORT, STRUT;124.23100000000000000000;SUZUKI;NEW CIAZ;;0
41710M79M00;SUPPORT COMP,FRONT STRUT;136.10200000000000000000;SUZUKI;NEW CIAZ;;0
41720-79J10-000;STOPPER,FRONT STRUT RS413;90.26700000000000000000;SUZUKI;NEW CELERIO POP 6AB;;0
41724M55R00;CAP,STRUT ROD2;13.47100000000000000000;SUZUKI;NEW CIAZ;;0
41741M76M00;BEARING FRONT STRUT;70.62900000000000000000;SUZUKI;NEW CIAZ;;0
41742-61M00;BEARING STRUT;117.41580000000000000000;SUZUKI;NEW CIAZ;;0
41742M57K10;BEARING, FR STRUT;43.47900000000000000000;SUZUKI;NEW CELERIO POP 6AB;;0
41800-54PA0-000;ABSORBER,REA;709.36600000000000000000;SUZUKI;NEW CELERIO POP 6AB;;0
41800M55R00;ABSORBER ASSY, REAR SHOCK;396.10300000000000000000;SUZUKI;NEW CIAZ;;0
41800M55R01;ABSORBER ASSY,REAR SHOCK;396.10300000000000000000;SUZUKI;NEW CELERIO POP 6AB;;0
41800M55T00;ABSORBER ASSY,REAR SHOCK;457.19100000000000000000;SUZUKI;NEW CIAZ;;0
41800M62S00;ABSORBER ASSY,REAR SHOCK;311.16800000000000000000;SUZUKI;NEW CELERIO POP 6AB;;0
41800M68P00;ABSORBER ASSY,REAR SHOCK;338.77700000000000000000;SUZUKI;NEW CIAZ;;0
41800M68P30;ABSORBER ASSY, RR SHOCK;382.87700000000000000000;SUZUKI;NEW CELERIO POP 6AB;;0
41800M72R00;ABSORBER ASSY, REAR SHOCK;520.52500000000000000000;SUZUKI;NEW CELERIO POP 6AB;;0
41800M72R01;ABSORBER ASSY,REAR SHOCK;520.52500000000000000000;SUZUKI;NEW CELERIO POP 6AB;;0
41800M74L00;ABSORBER ASSY, REAR SHOCK;266.06100000000000000000;SUZUKI;NEW CIAZ;;0
41800M74T10;ABSORBER ASSY,REAR SHOCK;540.44300000000000000000;SUZUKI;NEW CELERIO POP 6AB;;0
41800M75T00;ABSORBER ASSY,REAR SHOCK;459.00300000000000000000;SUZUKI;;;0
41800M76M00;ABSORBER ASSY,REAR SHOCK;316.30600000000000000000;SUZUKI;NEW CELERIO POP 6AB;;0
41800M79M11;ABSORBER ASSY,REAR SHOCK;388.85000000000000000000;SUZUKI;NEW CELERIO POP 6AB;;0
41800M79M12;ABSORBER ASSY,REAR SHOCK;388.85000000000000000000;SUZUKI;NEW CELERIO POP 6AB;;0
41800M81R00;ABSORBER ASSY,REAR SHOCK;283.48100000000000000000;SUZUKI;NEW CELERIO POP 6AB;;0
41800M81R01;ABSORBER ASSY,REAR SHOCK;283.48100000000000000000;SUZUKI;NEW CELERIO POP 6AB;;0
42111M76M01;STOPPER FRONT BUMP;31.38900000000000000000;SUZUKI;NEW CIAZ;;0
42311M74L10;BAR,FRONT STABILIZER;309.78100000000000000000;SUZUKI;NEW CIAZ;;0
42311M76M00;BAR,FRONT STABILIZER;244.24700000000000000000;SUZUKI;NEW CIAZ;;0
42412-77R00-000;BUSHING,FRSTABILIZERMOUNT;36.16000000000000000000;SUZUKI;NEW CIAZ;;0
42415-77R00-000;BRACKET,STABILIZERBARMOUNT;46.24200000000000000000;SUZUKI;NEW CIAZ;;0
42420-77M00-000;JOINT, FR STABILIZER;191.27901000000000000000;SUZUKI;NEW CIAZ;;0
42420-77M01-000;JOINT,FR STABILIZER BAR;200.84300000000000000000;SUZUKI;NEW CELERIO POP 6AB;;0
42420-81A10-000;JOINT,STABILIZERBALL;211.67200000000000000000;SUZUKI;NEW CIAZ;;0
42420M55K01-000;JOINT FR STABILIZER;0.00000000000000000000;SUZUKI;NEW CIAZ;;0
42420M55K02;JOINT COMP,FR STABILIZER BAR;107.12600000000000000000;SUZUKI;NEW CELERIO POP 6AB;;0
42420M55K10;JOINT, FR STABILIZER;107.12600000000000000000;SUZUKI;NEW CELERIO POP 6AB;;0
42420M55K10-000;JOINT FR STABILIZER;0.00000000000000000000;SUZUKI;NEW CIAZ;;0
42420M55T00;JOINT ,STABILIZER BAR;123.64400000000000000000;SUZUKI;NEW CELERIO POP 6AB;;0
42420M68P00;JOINT,STABILIZER BAR;109.55000000000000000000;SUZUKI;NEW CELERIO POP 6AB;;0
42420M82P00;"JOINT, FR STABILIZER BAR ";114.48600000000000000000;SUZUKI;NEW CELERIO POP 6AB;;0
42431M55R00;MOUNT, STABILIZER BAR;31.70500000000000000000;SUZUKI;NEW CIAZ;;0
42431M74L01;MOUNT, FRONT STABILIZER BAR;31.70500000000000000000;SUZUKI;NEW CIAZ;;0
42431M79M00;MOUNT,FRONT STABILIZER BAR;36.00765000000000000000;SUZUKI;NEW CIAZ;;0
42441M74L00;BRACKET FR STABILIZER MOUNT;14.91900000000000000000;SUZUKI;NEW CIAZ;;0
43210-54P50-0BK;WHEEL, AL (16X6,1/2J) (GRAY);1322.16300000000000000000;SUZUKI;NEW CIAZ;;0
43210-54P90-ZMS;WHEEL,AL(17X6 1/2J)(BLACK)APK#;1447.70600000000000000000;SUZUKI;NEW CIAZ;;0
43210-54PS0-OKS;WHEEL, AL (17X6,1/2J) (BLACK);1651.42300000000000000000;SUZUKI;NEW CIAZ;;0
43210-78R01-0BK;WHEEL,AL(15X5 1/2J) (GRAY;1642.78500000000000000000;SUZUKI;NEW CIAZ;;0
43210-81A25-QC8;WHEEL COMP(15X5 1/2JJ) (BLACK;730.52600000000000000000;SUZUKI;NEW CELERIO POP 6AB;;0
43210M55R00-09L;LWHEEL COMP(14X5J;221.36684062500000000000;SUZUKI;NEW CELERIO POP 6AB;;0
43210M55R01-09L;WHEEL(14X5J,BLACK);232.43500000000000000000;SUZUKI;NEW CELERIO POP 6AB;;0
43210M55R01-C48;WHEEL COMP;268.12800000000000000000;SUZUKI;NEW CELERIO POP 6AB;;0
43210M55R70-QC8;WHEEL COM;1858.93200000000000000000;SUZUKI;NEW CIAZ;;0
43210M55RE1-27N;ALLOY WHEEL;1121.63100000000000000000;SUZUKI;NEW CELERIO POP 6AB;;0
43210M55RF0;WHEEL COMP,AL(15X5 1/2J);782.00000000000000000000;SUZUKI;NEW CELERIO POP 6AB;;0
43210M55RF0-27N;WHEEL COMP,AL(15X5 1/2J);1119.22000000000000000000;SUZUKI;NEW CELERIO POP 6AB;;0
43210M55RF1;WHEEL COMP AL (15X5 1/2J);1175.18100000000000000000;SUZUKI;NEW CELERIO POP 6AB;;0
43210M55RF1-27N;WHEEL COMP AL (15X5 1/2J);1175.18100000000000000000;SUZUKI;NEW CELERIO POP 6AB;;0
43210M55T50-27N;WHEEL COMP,AL(16X6J);1689.04700000000000000000;SUZUKI;NEW CELERIO POP 6AB;;0
43210M55T60-QC8;WHEEL COMP,AL(16X6J);1991.80800000000000000000;SUZUKI;NEW CELERIO POP 6AB;;0
43210M62S50-09L;WHEEL COMP;167.78616750000000000000;SUZUKI;NEW CELERIO POP 6AB;;0
43210M62S51-09L;WHEEL COMP;167.78617000000000000000;SUZUKI;NEW CELERIO POP 6AB;;0
43210M62S52-09L;WHEEL COMP;197.17500000000000000000;SUZUKI;NEW CELERIO POP 6AB;;0
43210M68P60-ZMQ;ALLOY WHEEL 16 BALENO;1421.75300000000000000000;SUZUKI;NEW CELERIO POP 6AB;;0
43210M68PJ0-QC8;WHEEL, ALUMI (16X6J) (BLACK;1085.52811500000000000000;SUZUKI;NEW CELERIO POP 6AB;;0
43210M72R50-27N;WHEEL, AL(SILVER);1188.83900000000000000000;SUZUKI;NEW CIAZ;;0
43210M72R51-27N;ALLOY WHEEL;1188.83900000000000000000;SUZUKI;NEW CELERIO POP 6AB;;0
43210M72R60-QC8;WHEEL,AL;2050.96100000000000000000;SUZUKI;NEW CELERIO POP 6AB;;0
43210M74L70-27N;WHEEL, ALUMI (15X5,1/2J);802.81000000000000000000;SUZUKI;NEW CELERIO POP 6AB;;0
43210M74LH0-27N;"WHEEL, ALUMI ";682.69402000000000000000;SUZUKI;NEW CELERIO POP 6AB;;0
43210M74T00-09L;WHEEL,SPARE(15X4J,BLACK);389.77600000000000000000;SUZUKI;;;0
43210M74T50-QC8;WHEEL COMP,AL(16X6J);1885.11500000000000000000;SUZUKI;NEW CELERIO POP 6AB;;0
43210M74T60-QC8;WHEEL COMP,AL(16X6J);1683.09100000000000000000;SUZUKI;NEW CELERIO POP 6AB;;0
43210M75T60-QC8;WHEEL COMP,AL(15X5 1/2J);1924.09400000000000000000;SUZUKI;NEW BALENO 6AB;;0
43210M76M00-09L;WHEEL COMP(14X5J);199.56181612500000000000;SUZUKI;NEW BALENO 6AB;;0
43210M76M01-09L;WHEEL COMP(14X5J);209.54000000000000000000;SUZUKI;NEW CELERIO POP 6AB;;0
43210M76M50;ALLOY WHEEL 14 CELERIO;950.00000000000000000000;SUZUKI;NEW CELERIO POP 6AB;;0
43210M76M50-0CE;WHEEL ,AL(14X5J);433.08900000000000000000;SUZUKI;NEW CELERIO POP 6AB;;0
43210M76M50-27N;ALLOY WHEEL 14 CELERIO;1326.96900000000000000000;SUZUKI;NEW CELERIO POP 6AB;;0
43210M76T50-QC8;WHEEL COMP,AL(17X6 1/2J);2943.11300000000000000000;SUZUKI;NEW CELERIO POP 6AB;;0
43210M79M00-09L;WHEEL COMP(15X5 1/2J);283.94111000000000000000;SUZUKI;NEW CELERIO POP 6AB;;0
43210M79M60-ZMQ;ALLOY WHEEL 16 CIAZ;862.22700000000000000000;SUZUKI;NEW CELERIO POP 6AB;;0
43210M79M80-QJ8;WHEEL, AL (16X6J) (GREY;1093.01300000000000000000;SUZUKI;NEW CELERIO POP 6AB;;0
43210M79M81-QJ8;ALLOY WHEEL;1093.01300000000000000000;SUZUKI;NEW CELERIO POP 6AB;;0
43210M81R50;WHEEL COMP,AL(15X5J);950.00000000000000000000;SUZUKI;NEW CELERIO POP 6AB;;0
43210M81R50-QC8;WHEEL COMP,AL(15X5J);936.64000000000000000000;SUZUKI;NEW CELERIO POP 6AB;;0
43210M81R51-QC8;ALLOY WHEEL;1088.47200000000000000000;SUZUKI;NEW CELERIO POP 6AB;;0
43210M83P00-27N;ALLOY WHEEL 15 SWIFT;802.81000000000000000000;SUZUKI;NEW CELERIO POP 6AB;;0
43250M62S00-27N;CAP ASSY,WHEEL FULL;93.31300000000000000000;SUZUKI;NEW CELERIO POP 6AB;;0
43250M75T00-27N;CAP ASSY,WHEEL FULL;89.60200000000000000000;SUZUKI;;;0
43250M79M00-27N;CAP ASSYWHEEL FULL;51.52700000000000000000;SUZUKI;NEW CIAZ;;0
43252-51K20-DB7;CAP, AL WHEEL CENTER;32.78800000000000000000;SUZUKI;NEW CELERIO POP 6AB;;0
43252M67L00-DB7;CAPAL WHEEL CENTER;32.78800000000000000000;SUZUKI;NEW CELERIO POP 6AB;;0
43281M67L00;NUT,WHEEL;6.74100000000000000000;SUZUKI;NEW CELERIO POP 6AB;;0
43281M67L00-000;NUTWHEEL;5.94000000000000000000;SUZUKI;NEW CIAZ;;0
43290M68P00;WHEEL,SPARE(15X4J);199.56200000000000000000;SUZUKI;NEW CELERIO POP 6AB;;0
43401M68P00;HUB ASSY, FRONT WHEEL;557.78700000000000000000;SUZUKI;NEW CIAZ;;0
43401M68P01;HUB ASSY FRONT WHEEL;557.78700000000000000000;SUZUKI;NEW CELERIO POP 6AB;;0
43401M68R00;HUB ASSY, FRONT WHEEL;557.78700000000000000000;SUZUKI;NEW CELERIO POP 6AB;;0
43402-61M51-000;DISCONTINUED PART;952.11900000000000000000;SUZUKI;NEW CELERIO POP 6AB;;0
43402-61MM0-000;HUB ASSY,REAR WHEEL,L, AKK416;1350.11100000000000000000;SUZUKI;NEW CELERIO POP 6AB;;0
43402-61MR0-000;HUB ASSY,REAR WHEEL,R, AKK416;1285.82000000000000000000;SUZUKI;NEW CELERIO POP 6AB;;0
43402-61MS0-000;HUB ASSY,REAR WHEEL,R, AKK416;1350.11100000000000000000;SUZUKI;NEW CELERIO POP 6AB;;0
43402-79J02-000;HUB, WHEEL AZG412;733.92600000000000000000;SUZUKI;NEW CELERIO POP 6AB;;0
43402M55R01;HUB ASSY REAR WHEEL;726.61400000000000000000;SUZUKI;NEW CELERIO POP 6AB;;0
43402M55R02;HUB ASSY REAR WHEEL;726.61400000000000000000;SUZUKI;NEW CELERIO POP 6AB;;0
43402M68P01;HUB ASSY,RR WHEEL;692.03169787500000000000;SUZUKI;NEW CELERIO POP 6AB;;0
43402M68P02;HUB ASSY,RR WHEEL;726.63300000000000000000;SUZUKI;NEW CELERIO POP 6AB;;0
43402M68P03;HUB ASSY REAR WHEEL;726.63400000000000000000;SUZUKI;NEW CELERIO POP 6AB;;0
43402M69R01;HUB ASSY REAR WHEEL;409.70600000000000000000;SUZUKI;NEW CELERIO POP 6AB;;0
43402M72R00;HUB ASSY, REAR WHEEL;620.49600000000000000000;SUZUKI;NEW CELERIO POP 6AB;;0
43402M74L00;HUB ASSY, WHEEL (43402M79M00);659.34100000000000000000;SUZUKI;NEW CELERIO POP 6AB;;0
43402M74L20;HUB ASSY,WHEEL (43402M79M00);659.34100000000000000000;SUZUKI;NEW CELERIO POP 6AB;;0
43402M76M00;HUB ASSY,WHEEL;546.40800000000000000000;SUZUKI;NEW CELERIO POP 6AB;;0
43402M79M00;HUB ASSY,RR WHEEL (43402M74L20);669.84200000000000000000;SUZUKI;NEW CELERIO POP 6AB;;0
43403M76M01;HUBASSY,WHEEL;9.80800000000000000000;SUZUKI;NEW CIAZ;;0
43420-77830-000;HUB SET,FR WHEEL;533.83200000000000000000;SUZUKI;NEW CIAZ;;0
43423M79G00;BOLT;4.15700000000000000000;SUZUKI;NEW CIAZ;;0
43431M68K20;HUB WHEEL ASSY;273.76300000000000000000;SUZUKI;NEW CIAZ;;0
43440-61M00-000;BEARING,FRONT WHEEL AKK416;251.36700000000000000000;SUZUKI;NEW CELERIO POP 6AB;;0
43440-78A00-000;ROULEMENT DE ROUE;164.12100000000000000000;SUZUKI;NEW CELERIO POP 6AB;;0
43440-81A20-000;SPINDLE,FR WHEEL,;723.22236000000000000000;SUZUKI;NEW CELERIO POP 6AB;;0
43440-81A30-000;SPINDLE,FR WHEEL,;723.22236000000000000000;SUZUKI;NEW CELERIO POP 6AB;;0
43440-86G00-000;"ROULEMENT DE ROUE AV ";286.66300000000000000000;SUZUKI;NEW CELERIO POP 6AB;;0
43440M68K00;BEARING,FRONT WHEEL;157.12800000000000000000;SUZUKI;NEW CELERIO POP 6AB;;0
43440M68K01;BEARING,FRONT WHEEL   43440M68K20;157.12800000000000000000;SUZUKI;NEW CELERIO POP 6AB;;0
43440M68K10;BEARING FRONT WHEEL;157.12800000000000000000;SUZUKI;NEW CELERIO POP 6AB;;0
43440M68K20;BEARING, FR WHEEL;157.12800000000000000000;SUZUKI;NEW CELERIO POP 6AB;;0
43440M73M10;BEARING,FRONT WHEEL;180.59900000000000000000;SUZUKI;NEW CELERIO POP 6AB;;0
43440M74L00;"BEARING ";158.97200000000000000000;SUZUKI;NEW CIAZ;;0
43440M74L10;BEARING,FRONT WHEEL;158.97200000000000000000;SUZUKI;NEW CIAZ;;0
43440M74L10-000;BEARINGFRONT WHEEL;0.00000000000000000000;SUZUKI;NEW CIAZ;;0
43440M83K11;BEARING ,FRONT WHEEL;158.97200000000000000000;SUZUKI;NEW CELERIO POP 6AB;;0
43511-78R00-000;DRUM,RR BRAKE;558.89300000000000000000;SUZUKI;NEW CELERIO POP 6AB;;0
43511M68P00;DRUM, BRAKE REAR;243.04200000000000000000;SUZUKI;NEW CIAZ;;0
43511M68P70;DRUM, BRAKE REAR;223.92878000000000000000;SUZUKI;NEW CIAZ;;0
43511M74L00;DRUM, BRAKE REAR;266.12700000000000000000;SUZUKI;NEW CIAZ;;0
43511M76M00;DRUM,BRAKE REAR;224.68800000000000000000;SUZUKI;NEW CIAZ;;0
43511M79G51;DRUM,BRAKE REAR;237.19600000000000000000;SUZUKI;NEW CIAZ;;0
43588-73000-000;PROTECTOR OIL SEAL;47.25000000000000000000;SUZUKI;NEW CIAZ;;0
43810-76J02;"HUB ASSY AIR LOCKING ";711.52400000000000000000;SUZUKI;NEW CIAZ;;0
43811-81A00;BOLT AIR LOCKING HUB;12.18400000000000000000;SUZUKI;NEW CIAZ;;0
43830-78R00-000;SWITCH COMP,VACUUM;399.71700000000000000000;SUZUKI;NEW CELERIO POP 6AB;;0
44101-54P12-000;SHAFT,FRONT DRIVE APK416;1350.39100000000000000000;SUZUKI;NEW CELERIO POP 6AB;;0
44101-54P63-000;SHAFT,FRONT DRIVE APK416;1833.78900000000000000000;SUZUKI;NEW CELERIO POP 6AB;;0
44101-54PB2-000;SHAFT,FRONT DRIVE APK416;1666.15100000000000000000;SUZUKI;NEW CELERIO POP 6AB;;0
44101-61M01-000;SHAFT, FRONT DRIVE AKK416;2059.26300000000000000000;SUZUKI;NEW CELERIO POP 6AB;;0
44101-61MB1-000;SHAFT, FRONT DRIVE AKK416;1614.33200000000000000000;SUZUKI;NEW CELERIO POP 6AB;;0
44101-78R00-000;JOINT ASSY,FR AXLE SHAFT,R;1895.52000000000000000000;SUZUKI;NEW CELERIO POP 6AB;;0
44101M55T00;SHAFT ASSY,FR DRIVE,R;0.00000000000000000000;SUZUKI;;;0
44101M60M30;SHAFT ASSY, FRONT DRIVE RH;1362.87400000000000000000;SUZUKI;NEW CIAZ;;0
44101M62S00;SHAFT ASSY, FRONT DRIVE RH;714.76900000000000000000;SUZUKI;NEW CELERIO POP 6AB;;0
44101M68P00;SHAFT ASSYFRONT DRIVE R;1290.49300000000000000000;SUZUKI;NEW CELERIO POP 6AB;;0
44101M68P30;SHAFT ASSY, FRONT DRIVE RH;625.21452000000000000000;SUZUKI;NEW CELERIO POP 6AB;;0
44101M68P31;SHAFT ASSY, FRONT DRIVE RH;1290.49300000000000000000;SUZUKI;NEW CELERIO POP 6AB;;0
44101M69RC0;SHAFT ASSY,FRONT DRIVE,R;1303.07400000000000000000;SUZUKI;NEW CELERIO POP 6AB;;0
44101M74L01;SHAFT ASSY,FRONT DRIVE,R;977.75900000000000000000;SUZUKI;NEW CELERIO POP 6AB;;0
44101M74T30;SHAFT ASSY,FRONT DRIVE,R;1591.55600000000000000000;SUZUKI;NEW CELERIO POP 6AB;;0
44101M76M00;S HAFT;791.91100000000000000000;SUZUKI;NEW CELERIO POP 6AB;;0
44101M82RB0;SHAFT ASSY, FR DRIVE RH;1661.88300000000000000000;SUZUKI;NEW CIAZ;;0
44102-54P11-000;SHAFT,FRONT DRIVE APK416;1766.50200000000000000000;SUZUKI;NEW CELERIO POP 6AB;;0
44102-54P61-000;SHAFT,FRONT DRIVE APK416;1689.59100000000000000000;SUZUKI;NEW CELERIO POP 6AB;;0
44102-61M01-000;SHAFT, FRONT DRIVE AKK416;1766.50200000000000000000;SUZUKI;NEW CELERIO POP 6AB;;0
44102-78R00-000;JOINT,FR AXLE SHAFT,L A6G415;1895.52000000000000000000;SUZUKI;NEW CELERIO POP 6AB;;0
44102M55T00;SHAFT ASSY,FRONT DRIVE,LH;0.00000000000000000000;SUZUKI;;;0
44102M55T10;SHAFT ASSY,FRONT DRIVE,LH;0.00000000000000000000;SUZUKI;;;0
44102M60M30;"SHAFT ASSY, FRONT DRIVE L ";1362.87400000000000000000;SUZUKI;NEW CIAZ;;0
44102M62S00;SHAFT ASSY, FRONT DRIVE LH;736.85900000000000000000;SUZUKI;NEW CELERIO POP 6AB;;0
44102M68P00;SHAFT ASSYFRONT DRIVE L;1290.49300000000000000000;SUZUKI;NEW CELERIO POP 6AB;;0
44102M68P30;SHAFT ASSY, FRONT DRIVE LH;1290.49300000000000000000;SUZUKI;NEW CELERIO POP 6AB;;0
44102M69RC0;SHAFT ASSY,FRONT DRIVE,L;1303.07400000000000000000;SUZUKI;NEW CELERIO POP 6AB;;0
44102M74L01;SHAFT ASSY,FRONT DRIVE,L;977.75900000000000000000;SUZUKI;NEW CELERIO POP 6AB;;0
44102M74T30;SHAFT ASSY,FRONT DRIVE,L;1664.18700000000000000000;SUZUKI;NEW CELERIO POP 6AB;;0
44102M74T40;SHAFT ASSY,FRONT DRIVE,L;1573.25700000000000000000;SUZUKI;NEW CELERIO POP 6AB;;0
44102M76M00;SHAFT ASSY,FRONT DRIVE,L;813.99900000000000000000;SUZUKI;NEW CELERIO POP 6AB;;0
44102M79M00;SHAFT SET,FRONT DRIVE LH;1191.83500000000000000000;SUZUKI;NEW CELERIO POP 6AB;;0
44102M82RA0;SHAFT ASSY, FR DRIVE LH;1294.77100000000000000000;SUZUKI;NEW CIAZ;;0
44102M82RB0;SHAFT ASSY, FR DRIVE LH;1657.77500000000000000000;SUZUKI;NEW CELERIO POP 6AB;;0
44118M74L00;.BOOT SET, WHEEL SIDE;179.26200000000000000000;SUZUKI;NEW CIAZ;;0
44118M76M00;BOOT SET WHEEL SIDE;194.96700000000000000000;SUZUKI;NEW CIAZ;;0
44119M74L00;.BOOT SET, WHEEL SIDE;91.13200000000000000000;SUZUKI;NEW CIAZ;;0
44119M79M00;..BOOT SET,DIFF SIDE;81.84800000000000000000;SUZUKI;NEW CIAZ;;0
44124M74L00;"BAND, SMALL ";14.71500000000000000000;SUZUKI;NEW CIAZ;;0
44124M79M00;CLAMP, BOOT SMALL;12.08700000000000000000;SUZUKI;NEW CIAZ;;0
44210-78820-000;SHAFT SET,RR AXLE,R;1311.93100000000000000000;SUZUKI;NEW CELERIO POP 6AB;;0
44220-78820-000;"SHAFT SET RR AXE L ";1312.50000000000000000000;SUZUKI;NEW CIAZ;;0
45111-78R50-000;KNUCKLE,STRG,R;1138.17100000000000000000;SUZUKI;NEW CELERIO POP 6AB;;0
45111M55T00;KNUCKLE,STEERING,RH;293.82400000000000000000;SUZUKI;NEW CELERIO POP 6AB;;0
45111M69RC0;KNUCKLE,STEERING,R;401.10000000000000000000;SUZUKI;NEW CELERIO POP 6AB;;0
45111M74L00;KNUCKLE, STEERING RH;411.39800000000000000000;SUZUKI;NEW CIAZ;;0
45111M76M50;KNUCKLE,STEERING,R;290.20600000000000000000;SUZUKI;NEW CIAZ;;0
45111M76M50C;KNUCKLE,STEERING,R;436.52000000000000000000;SUZUKI;NEW CIAZ;;0
45151-61M00-000;KNUCKLE,STEE;731.65600000000000000000;SUZUKI;NEW CELERIO POP 6AB;;0
45151-78R50-000;KNUCKLE,STRG,L A6G415;1138.17100000000000000000;SUZUKI;NEW CELERIO POP 6AB;;0
45151-86G00-000;KNUCKLE,STEERING,LH;821.03400000000000000000;SUZUKI;NEW CELERIO POP 6AB;;0
45151M55T00;KNUCKLE,STEERING,LH;349.00400000000000000000;SUZUKI;NEW CELERIO POP 6AB;;0
45151M62S1S;KNUCKLE, STEERING ASSY  LH;358.02000000000000000000;SUZUKI;NEW CELERIO POP 6AB;;0
45151M68P00;KNUCKLE,STEERING,L;537.94400000000000000000;SUZUKI;NEW CELERIO POP 6AB;;0
45151M69RC0;KNUCKLE,STEERING,L;473.91800000000000000000;SUZUKI;NEW CELERIO POP 6AB;;0
45151M72R00;KNUCKLE, STEERING LH;308.86300000000000000000;SUZUKI;NEW CELERIO POP 6AB;;0
45151M74L00;KNUCKLE, STEERING LH;411.39500000000000000000;SUZUKI;NEW CELERIO POP 6AB;;0
45151M76M50;KNUCKLE,STEERING,L;418.10100000000000000000;SUZUKI;NEW CELERIO POP 6AB;;0
45200-77R00-000;ARM ASSY,FRONT LEADING;1074.42300000000000000000;SUZUKI;NEW CELERIO POP 6AB;;0
45201-61M00-000;ARM,FRONT SU;1024.45200000000000000000;SUZUKI;NEW CELERIO POP 6AB;;0
45201M62S01;ARM ASSY FRONT SUSPENSION;199.46900000000000000000;SUZUKI;NEW CELERIO POP 6AB;;0
45201M74L20;ARM ASSY,FRONT SUSPENSION,R;407.31600000000000000000;SUZUKI;NEW CIAZ;;0
45201M76M00;ARM ASSY,FRONT SUSPENSION;133.07726000000000000000;SUZUKI;NEW CIAZ;;0
45201M79M00;ARM ASSY,FRONT SUSPENSION,R;344.52800000000000000000;SUZUKI;NEW CELERIO POP 6AB;;0
45201M83B00;ARM ASSY FR SUSPENSION R;103.43800000000000000000;SUZUKI;NEW CELERIO POP 6AB;;0
45202-61M00-000;ARM,FR SUSP,;1024.45100000000000000000;SUZUKI;NEW CELERIO POP 6AB;;0
45202M55R00;ARM ASSY, FRONT SUSPENSION, L;333.80400000000000000000;SUZUKI;NEW CELERIO POP 6AB;;0
45202M62S00;ARM ASSY,FRONT SUSPENSION,L;199.46800000000000000000;SUZUKI;NEW CELERIO POP 6AB;;0
45202M62S01;ARM ASSY FRONT SUSPENSION;199.46900000000000000000;SUZUKI;NEW CELERIO POP 6AB;;0
45202M68P00;ARM ASSY,FRONT SUSPENSION,L;435.29300000000000000000;SUZUKI;NEW BALENO 6AB;;0
45202M68P01;ARM ASSY,FRONT SUSPENSION,L;435.29300000000000000000;SUZUKI;NEW CELERIO POP 6AB;;0
45202M68P20;ARM ASSY,FRONT SUSPENSION,L;327.93200000000000000000;SUZUKI;NEW CELERIO POP 6AB;;0
45202M69R01;ARM ASSY,FRONT SUSPENSION,L;289.60600000000000000000;SUZUKI;NEW CELERIO POP 6AB;;0
45202M72R00;ARM ASSY, FRONT SUSPENSION LH;327.93200000000000000000;SUZUKI;NEW CELERIO POP 6AB;;0
45202M74L20;ARM ASSY,FRONT SUSPENSION,L;407.31600000000000000000;SUZUKI;NEW CELERIO POP 6AB;;0
45202M76M01;ARM ASSYFRONT SUSPENSION;285.02900000000000000000;SUZUKI;NEW CELERIO POP 6AB;;0
45202M79M00;ARM ASSY,FRONT SUSPENSION,L;341.11700000000000000000;SUZUKI;NEW CELERIO POP 6AB;;0
45202M79M10;ARM ASSY,FRONT SUSPENSION,LH;358.17300000000000000000;SUZUKI;NEW CELERIO POP 6AB;;0
45202M83B00;ARM ASSY FR SUSPENSION L;103.43800000000000000000;SUZUKI;NEW CELERIO POP 6AB;;0
45500-78R50-000;HOUSING,FR AXLE  A6G415;5073.10200000000000000000;SUZUKI;NEW CIAZ;;0
45810M60M00;FRAME, FRONT SUSPENSION;1644.97800000000000000000;SUZUKI;NEW CELERIO POP 6AB;;0
45810M68P00;FRAME,FRONT SUSPENSION;1517.15901487500000000000;SUZUKI;NEW CELERIO POP 6AB;;0
45810M68P01;FRAME COMP,FRONT SUSPENSION;1761.88500000000000000000;SUZUKI;NEW CELERIO POP 6AB;;0
45810M69R00;FRAME COMP,FRONT SUSPENSION;1367.12600000000000000000;SUZUKI;NEW CELERIO POP 6AB;;0
45810M72R00;FRAME, FRONT SUSPENSION;1769.58600000000000000000;SUZUKI;NEW CELERIO POP 6AB;;0
45810M76M00;FRAME COMP,FRONT SUSPENSI;1432.09600000000000000000;SUZUKI;NEW CELERIO POP 6AB;;0
46213-77R00-000;BUSHING,LEADING ARM BODY SIDE;92.35100000000000000000;SUZUKI;NEW CIAZ;;0
46221M74L00;BUSHING, TRAILING ARM;69.99700000000000000000;SUZUKI;NEW CIAZ;;0
46282-77R00-000;BUSHING,TRAILING ARM AXLE SIDE;83.16800000000000000000;SUZUKI;NEW CIAZ;;0
46283-77R00-000;BUSHING,LEADING ARM AXLE SIDE;87.32600000000000000000;SUZUKI;NEW CIAZ;;0
46500-61M61-000;BERSEAU ARR;2089.80253000000000000000;SUZUKI;NEW CELERIO POP 6AB;;0
46500-76SA0-000;BEAM ASSY,REAR SPNSN;4420.80200000000000000000;SUZUKI;NEW CELERIO POP 6AB;;0
46500M55K00-000;BEAM REAR;0.00000000000000000000;SUZUKI;NEW CELERIO POP 6AB;;0
46500M55T20;BEAM ASSY, REAR SPNSN;2395.32900000000000000000;SUZUKI;NEW CELERIO POP 6AB;;0
46500M62S01;BEAM ASSY REAR SPNSN;820.79100000000000000000;SUZUKI;NEW CELERIO POP 6AB;;0
46500M69R00;BEAM ASSY,REAR SPNSN;2369.58800000000000000000;SUZUKI;NEW CELERIO POP 6AB;;0
46500M72R10;BEAM ASSY, REAR SPNSN;1544.95706400000000000000;SUZUKI;NEW CELERIO POP 6AB;;0
46500M76M00;BEAM ASSY,REAR SPNSN;1608.88200000000000000000;SUZUKI;NEW CIAZ;;0
46500M79M20;BEAM ASSY REAR SPNSN;1566.99500000000000000000;SUZUKI;NEW CIAZ;;0
46510-78R00-000;HOUSING,RR AXLE;3311.58700000000000000000;SUZUKI;NEW CELERIO POP 6AB;;0
47300-77R00-000;ROD ASSY,REAR LATERAL;304.13500000000000000000;SUZUKI;NEW CIAZ;;0
48110-78R80-HLF;WHEEL S/ASSY,STRG;1645.51600000000000000000;SUZUKI;NEW CELERIO POP 6AB;;0
48110M55RD0-HLF;WHEEL S/ASSY, STEERING;1156.37400000000000000000;SUZUKI;NEW CELERIO POP 6AB;;0
48110M76M11-5PK;WHEEL S/ASSY, STEERING;377.26500000000000000000;SUZUKI;NEW CIAZ;;0
48110M76M31-GJL;WHEEL S/ASSY, STEERING;403.64800000000000000000;SUZUKI;NEW CIAZ;;0
48110M79MC0-C48;WHEEL S/ASSYSTEERING;571.02400000000000000000;SUZUKI;NEW CIAZ;;0
48110M82RH0-C48;WHEEL ASSY STEERING;1000.26201000000000000000;SUZUKI;NEW CIAZ;;0
48150-54P10-C48;MODULE ASSY, AIRBAG;1412.95077000000000000000;SUZUKI;NEW CELERIO POP 6AB;;0
48150-54P11-C48;MODULE ASSY,AIRBAG;2158.33800000000000000000;SUZUKI;NEW CELERIO POP 6AB;;0
48150-78R20-BJC;MODULE ASSY,AIRBAG;2199.88600000000000000000;SUZUKI;NEW CELERIO POP 6AB;;0
48150-80J11-ART;MODULE ASSY, AIRBAG;2786.32400000000000000000;SUZUKI;NEW CELERIO POP 6AB;;0
48150M55R10-BJC;MODULE ASSY, AIRBAG;1181.07419928750000000000;SUZUKI;NEW CELERIO POP 6AB;;0
48150M55R20-BJC;MODULE ASSY, AIRBAG;1268.09800000000000000000;SUZUKI;NEW CELERIO POP 6AB;;0
48150M55T10-BJC;MODULE ASSY,AIRBAG;1497.28600000000000000000;SUZUKI;NEW CELERIO POP 6AB;;0
48150M55T20-BJC;MODULE ASSY, AIRBAG (BLACK/CHR;1444.03400000000000000000;SUZUKI;NEW CELERIO POP 6AB;;0
48150M65M10-C48;MODULE ASSY AIR BAG;1256.93900000000000000000;SUZUKI;NEW CELERIO POP 6AB;;0
48150M68P00-C48;MODULE ASSY, AIRBAG;1447.24300000000000000000;SUZUKI;NEW CELERIO POP 6AB;;0
48150M68P10-C48;MODULE ASSYAIRBAG(CHROME);1240.27800000000000000000;SUZUKI;NEW CELERIO POP 6AB;;0
48150M69R00-C48;MODULE ASSY, AIRBAG;1195.75100000000000000000;SUZUKI;NEW CELERIO POP 6AB;;0
48150M69R20-C48;MODULE ASSY,AIRBAG;1195.75100000000000000000;SUZUKI;NEW CELERIO POP 6AB;;0
48150M75T20-BJC;MODULE ASSY,AIRBAG(BLACK/CHROME);1318.14900000000000000000;SUZUKI;;;0
48150M76M00-C48;MODULE ASSYAIRBAG;1011.40704000000000000000;SUZUKI;NEW CELERIO POP 6AB;;0
48150M76M01-C48;MODULE ASSY,AIRBAG;1325.07600000000000000000;SUZUKI;NEW CELERIO POP 6AB;;0
48150M79M10-C48;MODULE ASSYAIRBAG;1128.89936250000000000000;SUZUKI;NEW CELERIO POP 6AB;;0
48150M79M11-C48;MODULE ASSYAIRBAG;1244.61200000000000000000;SUZUKI;NEW CELERIO POP 6AB;;0
48200M56R70;COLUMNASSY,STEERING;5066.21000000000000000000;SUZUKI;NEW CIAZ;;0
48200M68P62;COLUMN ASSY,COLPS STEERING;2753.46400000000000000000;SUZUKI;NEW BALENO 6AB;;0
48200M74L70;COLUMN ASSY COLPS STEERIN;3020.79900000000000000000;SUZUKI;NEW CIAZ;;0
48200M76M70;COLUMN ASSY,COLPS STEERIN;3218.09100000000000000000;SUZUKI;NEW CIAZ;;0
48200M81R70;COLUMN ASSY,STEERING;3017.96900000000000000000;SUZUKI;NEW CELERIO POP 6AB;;0
48220-78R50-000;SHAFT ASSY,STRG LWR;1368.26400000000000000000;SUZUKI;NEW CIAZ;;0
48500M55R52;BOX ASSYSTRG GEAR;1269.71000000000000000000;SUZUKI;NEW CELERIO POP 6AB;;0
48500M56R51;BOX ASSYSTRG GEAR;1650.00000000000000000000;SUZUKI;NEW CELERIO POP 6AB;;0
48500M74L53;BOX ASSY, STEERING GEAR;1564.13300000000000000000;SUZUKI;NEW BALENO 6AB;;0
48500M74L54;BOX ASSY, STEERING GEAR;1564.13300000000000000000;SUZUKI;NEW CELERIO POP 6AB;;0
48500M76M51;BOX ASSY,STRG GEAR;999.05100000000000000000;SUZUKI;NEW CIAZ;;0
48500M79M51;BOX ASSY,STRG GEAR;1491.24370000000000000000;SUZUKI;NEW BALENO 6AB;;0
48500M79M52;BOX ASSY,STRG GEAR;1491.24370000000000000000;SUZUKI;NEW BALENO 6AB;;0
48500M79M53;BOX ASSY,STRG GEAR;1491.24370000000000000000;SUZUKI;NEW BALENO 6AB;;0
48500M79M54;BOX ASSY,STRG GEAR;1491.24370000000000000000;SUZUKI;NEW BALENO 6AB;;0
48500M81R50;BOX ASSY,STRG GEAR;1361.71400000000000000000;SUZUKI;NEW BALENO 6AB;;0
48500M81R51;BOX ASSY, STRG GEAR;1361.71400000000000000000;SUZUKI;;;0
48525M74L00;MOUNT RH;46.82900000000000000000;SUZUKI;NEW CIAZ;;0
48525M74L50;MOUNT LH;56.39100000000000000000;SUZUKI;NEW CIAZ;;0
48571M74L00;BOOT, STRG;40.66600000000000000000;SUZUKI;NEW CIAZ;;0
48571M74L10;.BELLOWS;30.71200000000000000000;SUZUKI;NEW CIAZ;;0
48600-78R50-000;BOX ASSY,STRG GEAR;4426.57800000000000000000;SUZUKI;NEW CIAZ;;0
48671-78R50-000;ARM,PITMAN;434.46700000000000000000;SUZUKI;NEW CELERIO POP 6AB;;0
48810-79J01-000;END,STEERING;115.93382850000000000000;SUZUKI;NEW BALENO 6AB;;0
48810-81A01-000;END,ROD(RH SCREW THREAD);174.65200000000000000000;SUZUKI;NEW CELERIO POP 6AB;;0
48810M62S00-RX0;END STEERING TIE ROD KIT;49.01300000000000000000;SUZUKI;NEW CELERIO POP 6AB;;0
48810M65M00;".END, STEERING TIE-ROD RH ";140.13300000000000000000;SUZUKI;NEW CELERIO POP 6AB;;0
48810M66R00;END, STRG TIR ROD-R;91.75500000000000000000;SUZUKI;NEW CELERIO POP 6AB;;0
48810M68K01;END,STRG TIE-ROD;107.82003000000000000000;SUZUKI;NEW CELERIO POP 6AB;;0
48810M74L00;END COMP,STEERING TIE ROD;137.71300000000000000000;SUZUKI;NEW CIAZ;;0
48810M74L10;.END, STEERING TIE ROD RH;126.56900000000000000000;SUZUKI;NEW CIAZ;;0
48810M76M00;END COMP STEERING TIE ROD;113.21100000000000000000;SUZUKI;NEW CIAZ;;0
48820M66R00;END,STRGTIRROD-L;77.50900000000000000000;SUZUKI;NEW CELERIO POP 6AB;;0
48820M74L10;.END, STEERING TIE ROD LH;126.56900000000000000000;SUZUKI;NEW CIAZ;;0
48830M56R00;TIE ROD, STRG;140.47779000000000000000;SUZUKI;NEW CELERIO POP 6AB;;0
48830M68P00;.TIE ROD, STRG;157.76100000000000000000;SUZUKI;NEW CELERIO POP 6AB;;0
48830M74L00;TIE ROD COMP,STEERING;107.42300000000000000000;SUZUKI;NEW CIAZ;;0
48830M74L10;.TIE ROD;78.94600000000000000000;SUZUKI;NEW CIAZ;;0
48830M81R00;TIE ROD;85.80000000000000000000;SUZUKI;NEW CELERIO POP 6AB;;0
48831-78R10-000;TIE-ROD,STRG;647.44700000000000000000;SUZUKI;NEW CELERIO POP 6AB;;0
48841M74L00;.WASHER;7.03500000000000000000;SUZUKI;NEW CIAZ;;0
48931-78R10-000;ROD,STRG DRAG;486.35700000000000000000;SUZUKI;NEW CELERIO POP 6AB;;0
49400M74L01;PEDAL ASSY, ACCELERATOR;222.15000000000000000000;SUZUKI;NEW CIAZ;;0
49400M74L51;PEDAL ASSY, ACCELERATOR;184.35200000000000000000;SUZUKI;NEW CIAZ;;0
49400M76M41;PEDAL ASSY,ACCELERATOR;333.24300000000000000000;SUZUKI;NEW CIAZ;;0
51000M55R60;CYLINDER ASSY, BRAKE MASTER;500.34900000000000000000;SUZUKI;NEW CELERIO POP 6AB;;0
51000M79M70;BOOSTER MASTER CYLINDER ASSY;967.72100000000000000000;SUZUKI;NEW CIAZ;;0
51010M79M00;HOSE, BRAKE VACUUM INTAKE;43.71000000000000000000;SUZUKI;NEW CIAZ;;0
51100-78R50-000;CYLINDER ASSY,BRAKE MASTER;1477.93200000000000000000;SUZUKI;NEW CELERIO POP 6AB;;0
51100M55R60;.TMC ASSY WITH RESERVOIR;1011.67600000000000000000;SUZUKI;NEW CELERIO POP 6AB;;0
51100M55T40;.MASTER CYLINDER ASSY;847.51700000000000000000;SUZUKI;NEW CELERIO POP 6AB;;0
51100M68P41;MASTER CYLINDER ASSY;455.81400000000000000000;SUZUKI;NEW CELERIO POP 6AB;;0
51100M72R70;CYLINDER ASSY, BRAKE MASTER;567.08000000000000000000;SUZUKI;NEW CELERIO POP 6AB;;0
51100M72RU0;CYLINDER ASSY, BRAKE MASTER;567.08000000000000000000;SUZUKI;NEW CELERIO POP 6AB;;0
51100M76MA0;TMC Assy (With reservoir);546.04700000000000000000;SUZUKI;NEW CELERIO POP 6AB;;0
51200M79M70;RESERVOIR ASSY, MASTER;103.98200000000000000000;SUZUKI;NEW CIAZ;;0
51220M55R00;"CAP, RESERVOIR ";14.42800000000000000000;SUZUKI;NEW CIAZ;;0
51300-78R10-000;BOOSTER ASSY,BRAKE MASTER;1268.41900000000000000000;SUZUKI;NEW CELERIO POP 6AB;;0
51300M74L50;BOOSTER ASSY, BRAKE MASTER;489.84900000000000000000;SUZUKI;NEW CIAZ;;0
51300M76MA0;BOOSTER ASSY, BRAKE MASTER;596.92200000000000000000;SUZUKI;NEW CIAZ;;0
51300M79M70;BOOSTER ASSY, BRAKE MASTER;593.56400000000000000000;SUZUKI;NEW CIAZ;;0
51430-78R10-000;PIPE,HU TO FR BK HOSE,R;115.83900000000000000000;SUZUKI;NEW CELERIO POP 6AB;;0
51430M74L20;PIPE, HU TO FR BK HOSE RH;44.74500000000000000000;SUZUKI;NEW CIAZ;;0
51430M76M00;PIPEHUTOFRBKHOSER;41.96200000000000000000;SUZUKI;NEW CIAZ;;0
51430M81R50;PIPE,HU TO FR BK HOSE,R;59.25700000000000000000;SUZUKI;NEW CIAZ;;0
51440-78R00-000;PIPE,HU TO FR BK HOSE,L;81.08700000000000000000;SUZUKI;NEW CELERIO POP 6AB;;0
51440M74L50;PIPE, HU TO FR BK HOSE L;72.57200000000000000000;SUZUKI;NEW CIAZ;;0
51440M76M50;PIPE,HU TO FR BK HOSE,L;59.37000000000000000000;SUZUKI;NEW CIAZ;;0
51510-78R00-000;PIPE,RR BK HOSE TO RR W/C,R;69.50400000000000000000;SUZUKI;NEW CELERIO POP 6AB;;0
51510M76M00;PIPE,RR BK HOSE TO RR W/C,R;37.14600000000000000000;SUZUKI;NEW CIAZ;;0
51520-78R00-000;PIPE,RR BK HOSE TO RR W/C,L;85.61133000000000000000;SUZUKI;NEW CELERIO POP 6AB;;0
51520M76M00;PIPERR BK HOSE TO RR W/C L;37.14600000000000000000;SUZUKI;NEW CIAZ;;0
51540M76M00;HOSE,FR BRAKE FLEXIBLE,R;84.21600000000000000000;SUZUKI;NEW CIAZ;;0
51550M74L10;DURITE HUILE FREIN;84.04400000000000000000;SUZUKI;NEW CIAZ;;0
51550M76M00;HOSE,FR BRAKE FLEXIBLE,L;85.10900000000000000000;SUZUKI;NEW CIAZ;;0
51550M81R00;HOSECOMP,FRBRAKEFLEXIBLE;117.60000000000000000000;SUZUKI;NEW CIAZ;;0
53101M74L00;PLATE, RR BRAKE BACKING RH;136.00200000000000000000;SUZUKI;NEW CIAZ;;0
53101M76M00;PLATE, RR BRAKE BACKING RH;134.30071000000000000000;SUZUKI;NEW CIAZ;;0
53102M74L00;PLATE, RR BRAKE BACKING LH;137.44300000000000000000;SUZUKI;NEW CIAZ;;0
53110-78R00-000;BACK PLATE,RR BRAKE,R;268.26500000000000000000;SUZUKI;NEW CELERIO POP 6AB;;0
53160-78R00-000;BACK PLATE,RR BRAKE,L;268.26500000000000000000;SUZUKI;NEW CELERIO POP 6AB;;0
53200-76J01-000;"SHOE SET, BRAKE ";278.96300000000000000000;SUZUKI;NEW CELERIO POP 6AB;;0
53200M54T00;SHOE SET;235.14600000000000000000;SUZUKI;NEW CELERIO POP 6AB;;0
53200M62S00;SHOE SET,BRAKE;235.62500000000000000000;SUZUKI;NEW CIAZ;;0
53200M68K10;SHOE SET,BRAKE;241.79700000000000000000;SUZUKI;NEW CIAZ;;0
53200M68P00;SHOE SET;293.47900000000000000000;SUZUKI;NEW CIAZ;;0
53200M68P50;SHOE SETBRAKE;268.18700000000000000000;SUZUKI;NEW CELERIO POP 6AB;;0
53200M69R00;SHOE SET, BRAKE;337.33000000000000000000;SUZUKI;NEW CELERIO POP 6AB;;0
53200M72R00;SHOE SET, BRAKE;396.85000000000000000000;SUZUKI;NEW CELERIO POP 6AB;;0
53200M74L00;SHOE SET, BRAKE;316.31700000000000000000;SUZUKI;NEW CELERIO POP 6AB;;0
53231M74L00;SPRING SHOE RETURN;22.53900000000000000000;SUZUKI;;;0
53241M75J00;PIN,SHOE HOLD DOWN;3.25500000000000000000;SUZUKI;NEW CIAZ;;0
53402M74L00;CYLINDER ASSY, REAR WHEEL;116.20500000000000000000;SUZUKI;NEW CIAZ;;0
54100M55R00-C48;LEVER ASSY  PARKING BRAK;265.41400000000000000000;SUZUKI;NEW BALENO 6AB;;0
54401-54P00-000;CABLE,PARKING BRAKE APK416;370.83300000000000000000;SUZUKI;NEW CELERIO POP 6AB;;0
54401-60R00-000;CABLE,PARKING BRAKE APK416;375.47400000000000000000;SUZUKI;NEW CELERIO POP 6AB;;0
54401M50S50;CABLE, PARKING BRAKE RH;169.43900000000000000000;SUZUKI;NEW CELERIO POP 6AB;;0
54401M54T00;CABLE, PARKING BRAKE RH;206.80600000000000000000;SUZUKI;NEW CELERIO POP 6AB;;0
54401M55R00;CABLE, PARKING BRAKE RH;201.35300000000000000000;SUZUKI;NEW CELERIO POP 6AB;;0
54401M55T00;CABLE ,PARKING BRAKE,RH;97.82200000000000000000;SUZUKI;NEW CELERIO POP 6AB;;0
54401M62S00;CABLE, PARKING BRAKE RH;83.54900000000000000000;SUZUKI;NEW CELERIO POP 6AB;;0
54401M68P50;CABLE,PARKING BRAKE,R;244.19900000000000000000;SUZUKI;NEW CELERIO POP 6AB;;0
54401M68PA0;CABLE,PARKING BRAKE,R;225.30000000000000000000;SUZUKI;NEW CELERIO POP 6AB;;0
54401M72R00;CABLE, PARKING BRAKE RH;97.93100000000000000000;SUZUKI;NEW CELERIO POP 6AB;;0
54401M74L50;CABLE, PARKING BRAKE RH;176.54000000000000000000;SUZUKI;NEW CELERIO POP 6AB;;0
54401M76M00;CABLE, PARKING BRAKE RH;111.76700000000000000000;SUZUKI;NEW CELERIO POP 6AB;;0
54401M79M00;CABLE COMP,PARKING BRAKE,R;242.07700000000000000000;SUZUKI;NEW CELERIO POP 6AB;;0
54401M81R00;CABLE COMP,PARKING BRAKE,R;200.55000000000000000000;SUZUKI;NEW CIAZ;;0
54402-54P00-000;CABLE,PARKING BRAKE APK416;370.83300000000000000000;SUZUKI;NEW CELERIO POP 6AB;;0
54402-60R00-000;CABLE,PARKING BRAKE APK416;375.47400000000000000000;SUZUKI;NEW CELERIO POP 6AB;;0
54402M50S50;CABLE, PARKING BRAKE LH;165.29100000000000000000;SUZUKI;NEW CELERIO POP 6AB;;0
54402M54T00;CABLE, PARKING BRAKE LH;205.62300000000000000000;SUZUKI;NEW CELERIO POP 6AB;;0
54402M55R00;CABLE, PARKING BRAKE LH;201.35300000000000000000;SUZUKI;NEW CELERIO POP 6AB;;0
54402M55R01;CABLE, PARKING BRAKE LH;201.35300000000000000000;SUZUKI;;;0
54402M55T00;CABLE ,PARKING BRAKE,LH;165.52900000000000000000;SUZUKI;NEW CELERIO POP 6AB;;0
54402M62S00;CABLE, PARKING BRAKE LH;84.56800000000000000000;SUZUKI;NEW CELERIO POP 6AB;;0
54402M68P50;CABLE,PARKING BRAKE,L;244.19900000000000000000;SUZUKI;NEW CELERIO POP 6AB;;0
54402M74L50;CABLE, PARKING BRAKE LH;176.54000000000000000000;SUZUKI;NEW CIAZ;;0
54402M79M00;CABLE COMP,PARKING BRAKE,L;230.54912212500000000000;SUZUKI;NEW CELERIO POP 6AB;;0
54402M81R00;CABLE COMP,PARKING BRAKE,L;204.75000000000000000000;SUZUKI;NEW CELERIO POP 6AB;;0
54410-78R00-000;CABLE COMP,PARKING BRAKE,R;260.63300000000000000000;SUZUKI;NEW CELERIO POP 6AB;;0
54420-78R00-000;CABLE COMP,PARKING BRAKE,L;260.63300000000000000000;SUZUKI;NEW CELERIO POP 6AB;;0
54600-77K00-000;"SHOE SET, PARKING BRAKE ";372.47900000000000000000;SUZUKI;NEW CIAZ;;0
55100-78R01-999;CALIPER,FR BRAKE;1311.92700000000000000000;SUZUKI;NEW CELERIO POP 6AB;;0
55101M75J43;CALIPER ASSY,FRONT BRAKE,RH;445.66100000000000000000;SUZUKI;NEW CELERIO POP 6AB;;0
55101M76M00;CALIPER ASSY, FR BRAKE RH;416.61400000000000000000;SUZUKI;NEW CELERIO POP 6AB;;0
55102M75J43;CALIPER ASSY,FRONT BRAKE,LH;505.21900000000000000000;SUZUKI;NEW CELERIO POP 6AB;;0
55102M76M00;CALIPER ASSY, FR BRAKE LH;416.61400000000000000000;SUZUKI;NEW CELERIO POP 6AB;;0
55151M55K00;PLUG BLEEDER;5.11200000000000000000;SUZUKI;NEW CIAZ;;0
55211-76J02-000;DISC,FRBRAKE;494.78800000000000000000;SUZUKI;NEW CELERIO POP 6AB;;0
55211M80T00;DISC,FRONT BRAKE;319.50800000000000000000;SUZUKI;;;0
55234M76G10;CLIP;38.95600000000000000000;SUZUKI;NEW CIAZ;;0
55311-61M00-000;DISC,FRONT B;449.36000000000000000000;SUZUKI;NEW CELERIO POP 6AB;;0
55311-61M10-000;DISC,FRONT BRAKE AKK416;449.36000000000000000000;SUZUKI;NEW CELERIO POP 6AB;;0
55311-61M11-000;DISC,FRONT BRAKE;613.37600000000000000000;SUZUKI;NEW CELERIO POP 6AB;;0
55311M55T00;DISC,FRONT BRAKE;464.23400000000000000000;SUZUKI;NEW CELERIO POP 6AB;;0
55311M65L20;DISC,FRONT BRAKE;173.45400000000000000000;SUZUKI;NEW CELERIO POP 6AB;;0
55311M65L21;DISCFRONT BRAKE;173.45400000000000000000;SUZUKI;NEW CELERIO POP 6AB;;0
55311M66R00;DISC,FRONT BRAKE;142.35300000000000000000;SUZUKI;NEW CELERIO POP 6AB;;0
55311M68P00;DISC,FRONT BRAKE;212.37200000000000000000;SUZUKI;NEW CELERIO POP 6AB;;0
55311M69P10;DISC,FRONT BRAKE;308.01500000000000000000;SUZUKI;NEW CELERIO POP 6AB;;0
55311M69P20;DISC,FRONT BRAKE;244.44800000000000000000;SUZUKI;NEW CELERIO POP 6AB;;0
55311M72R00;DISC, FRONT BRAKE;285.45900000000000000000;SUZUKI;NEW CELERIO POP 6AB;;0
55311M75J30;DISC,FR BRAKE (SDX);205.16588000000000000000;SUZUKI;NEW BALENO 6AB;;0
55311M75J50;DISC,FR BRAKE (SDX);215.42400000000000000000;SUZUKI;NEW CELERIO POP 6AB;;0
55611-61M21-000;DISC,REAR BRAKE;392.26700000000000000000;SUZUKI;NEW CELERIO POP 6AB;;0
55800-61M02-000;PAD SET,AZG412,AKK416,APK416;438.21700000000000000000;SUZUKI;NEW CIAZ;;0
55800-68L22-000;PAD SET;309.50900000000000000000;SUZUKI;NEW CELERIO POP 6AB;;0
55800-77K05-000;PAD SET DISC BRAKE;283.10105250000000000000;SUZUKI;NEW CELERIO POP 6AB;;0
55810-61M51-000;PAD SET,DISC;427.45881937500000000000;SUZUKI;NEW BALENO 6AB;;0
55810-61M52-000;PAD SET AKK###/APK###;448.83200000000000000000;SUZUKI;NEW CELERIO POP 6AB;;0
55810-61M53-000;PAD SET;448.83200000000000000000;SUZUKI;NEW CELERIO POP 6AB;;0
55810-71L52-000;PAD SET,DISC BRAKE;322.94300000000000000000;SUZUKI;NEW CELERIO POP 6AB;;0
55810-78R00-000;PADSET;421.75800000000000000000;SUZUKI;NEW CELERIO POP 6AB;;0
55810-78R01-000;PAD SET;421.75800000000000000000;SUZUKI;NEW CELERIO POP 6AB;;0
55810-80J04-000;PAD SET,DISC BRAKE;292.16200000000000000000;SUZUKI;NEW CELERIO POP 6AB;;0
55810-84E01-000;PAD SET RM413/415;387.08500000000000000000;SUZUKI;NEW CELERIO POP 6AB;;0
55810M50S00;PAD SET;318.30800000000000000000;SUZUKI;NEW CIAZ;;0
55810M55R00;PAD SET;208.78925000000000000000;SUZUKI;NEW CIAZ;;0
55810M55R01;PAD SET;219.22800000000000000000;SUZUKI;NEW CELERIO POP 6AB;;0
55810M62S10;PAD SET;265.01200000000000000000;SUZUKI;NEW CIAZ;;0
55810M67P10;.PAD SET, DISC BRAKE;198.76000000000000000000;SUZUKI;NEW CIAZ;;0
55810M69P00;PADSET;414.79800000000000000000;SUZUKI;NEW CIAZ;;0
55810M72R01;PAD SET;324.25700000000000000000;SUZUKI;NEW CELERIO POP 6AB;;0
55810M75J30;PAD ASSY SET;219.09800000000000000000;SUZUKI;NEW CIAZ;;0
55810M75J60;PAD SET;219.09800000000000000000;SUZUKI;NEW CIAZ;;0
55810M75J63;PAD SET;219.09900000000000000000;SUZUKI;NEW CELERIO POP 6AB;;0
55810M77P11;PAD SET;251.11200000000000000000;SUZUKI;NEW CELERIO POP 6AB;;0
55810M81R00;PAD SET;248.96000000000000000000;SUZUKI;NEW CELERIO POP 6AB;;0
55850M75J11;SLIDING PIN SET;50.56600000000000000000;SUZUKI;NEW CELERIO POP 6AB;;0
55850M75J41;.PIN SET, SLIDING;44.71100000000000000000;SUZUKI;NEW CELERIO POP 6AB;;0
55850M76G00;.PIN/BOOT SET;17.09200000000000000000;SUZUKI;NEW CELERIO POP 6AB;;0
55910M68P00;PAD SET;286.73599000000000000000;SUZUKI;NEW BALENO 6AB;;0
55910M68P01;PAD SET REAR BALENO;301.07300000000000000000;SUZUKI;NEW CIAZ;;0
56100-54PB2-000;ACTUATOR ASSY,ESP;3039.75100000000000000000;SUZUKI;;;0
56100-55PE2-000;ACTUATOR, ESP APK416;2809.90500000000000000000;SUZUKI;;;0
56110M74L83;ACTUATOR SUB ASSY;1818.95400000000000000000;SUZUKI;NEW CIAZ;;0
56110M76M81;ACTUATOR S/ASSY,ABS;2460.28300000000000000000;SUZUKI;NEW CIAZ;;0
56110M79M80;ACTUATOR S/ASSY,ABS;2249.93200000000000000000;SUZUKI;NEW CIAZ;;0
56130-73T12-000;ACTUATOR ASSY,ESP;3328.56300000000000000000;SUZUKI;NEW CELERIO POP 6AB;;0
56130-78RD1-000;ACTUATOR ASSY,ESP;5528.59700000000000000000;SUZUKI;NEW CELERIO POP 6AB;;0
56130-78RD3-000;ACTUATOR ASSY,ESP;5528.59700000000000000000;SUZUKI;NEW CELERIO POP 6AB;;0
56130M81RA0;ACTUATOR ASSY, ABS;4707.19400000000000000000;SUZUKI;NEW CIAZ;;0
56161-78R00-000;BRACKET,ESP ACTUATOR;72.33900000000000000000;SUZUKI;NEW CELERIO POP 6AB;;0
56161M81R00;SUPPORT BLOC ABS;70.36800000000000000000;SUZUKI;NEW CIAZ;;0
56200-78R00-000;SENSOR ASSY,FR WHEEL SPEED;656.41300000000000000000;SUZUKI;NEW CELERIO POP 6AB;;0
56210M55T00;SENSOR ,FR WHEEL,RH;169.53900000000000000000;SUZUKI;NEW CELERIO POP 6AB;;0
56210M68P00;(voir remplacement) SENSOR,FR WHEEL,R;210.08799000000000000000;SUZUKI;NEW CELERIO POP 6AB;;0
56210M74L00;SENSOR,FR WHEEL,R;167.69500000000000000000;SUZUKI;NEW CIAZ;;0
56210M76M01;SENSOR COMP,FR WHEEL,R;101.15700000000000000000;SUZUKI;NEW CIAZ;;0
56210M81R00;SENSOR,FR WHEEL,R;197.35600000000000000000;SUZUKI;NEW CELERIO POP 6AB;;0
56220M55T00;SENSOR ,FR WHEEL,LH;162.74800000000000000000;SUZUKI;NEW CELERIO POP 6AB;;0
56220M76M01;SENSOR COMP,FR WHEEL,L;119.99300000000000000000;SUZUKI;NEW CIAZ;;0
56220M81R00;SENSOR,FR WHEEL,L;197.35600000000000000000;SUZUKI;NEW CELERIO POP 6AB;;0
56300-78R00;"SENSOR ASSY, RR WHEEL SPEED ";266.03325000000000000000;SUZUKI;NEW CELERIO POP 6AB;;0
56300-78R00-000;SENSOR ASSY,RR WHEEL SPEED;733.63700000000000000000;SUZUKI;NEW CELERIO POP 6AB;;0
56300M73T00;ABS SENSOR RR;362.57200000000000000000;SUZUKI;;;0
56310M76M00;SENSOR COMP,RR WHEEL;86.63800000000000000000;SUZUKI;NEW CIAZ;;0
56310M81R00;"SENSOR RR WHEEL ";185.42000000000000000000;SUZUKI;NEW CELERIO POP 6AB;;0
57210M80T00;CROSSMEMBER, 1ST;147.51200000000000000000;SUZUKI;NEW CELERIO POP 6AB;;0
57230-78R00-000;CROSSMEMBER , 3RD;71.54200000000000000000;SUZUKI;NEW CELERIO POP 6AB;;0
57240-78R00-000;CROSSMEMBER,4TH;0.00000000000000000000;SUZUKI;NEW CELERIO POP 6AB;;0
57300-54P00;PANEL, FR HOOD;0.00000000000000000000;SUZUKI;NEW CELERIO POP 6AB;;0
57300-54P00-000;PANEL FRONT HOOD;1758.59800000000000000000;SUZUKI;NEW BALENO 6AB;;0
57300-61M00-000;CAPOT MOTEUR;1247.69925000000000000000;SUZUKI;NEW CELERIO POP 6AB;;0
57300-80810-000;PANEL FRONT HOOD;1196.92700000000000000000;SUZUKI;NEW CELERIO POP 6AB;;0
57300M55R00;PANEL, FRONT HOOD;637.92315000000000000000;SUZUKI;NEW CELERIO POP 6AB;;0
57300M55R20;PANEL, FRONT HOOD;738.20600000000000000000;SUZUKI;NEW BALENO 6AB;;0
57300M55R22;PANEL,FRONT HOOD;738.20600000000000000000;SUZUKI;NEW CELERIO POP 6AB;;0
57300M55T00;PANEL ,FRONT HOOD;1014.00100000000000000000;SUZUKI;NEW CELERIO POP 6AB;;0
57300M62S00;PANEL, FRONT HOOD;672.51500000000000000000;SUZUKI;NEW CELERIO POP 6AB;;0
57300M68P00;PANEL, FRONT HOOD;841.29007725000000000000;SUZUKI;NEW CELERIO POP 6AB;;0
57300M68P10;PANEL, FRONT HOOD;883.35500000000000000000;SUZUKI;NEW CELERIO POP 6AB;;0
57300M72R00;PANEL, FRONT HOOD;1179.52800000000000000000;SUZUKI;NEW CELERIO POP 6AB;;0
57300M74L00;PANEL, FRONT HOOD;697.02400000000000000000;SUZUKI;NEW CELERIO POP 6AB;;0
57300M74L00-000;PANEL FRONT HOOD;0.00000000000000000000;SUZUKI;NEW CELERIO POP 6AB;;0
57300M74T00;PANEL COMP,FRONT HOOD;2118.77200000000000000000;SUZUKI;NEW CELERIO POP 6AB;;0
57300M76M00;PANEL COMP,FRONT HOOD;774.06500000000000000000;SUZUKI;NEW CELERIO POP 6AB;;0
57300M76M00-000;PANEL COMPFRONT HOOD;0.00000000000000000000;SUZUKI;NEW CELERIO POP 6AB;;0
57300M76M00-COR;PANEL COMPFRONT HOOD;635.92200000000000000000;SUZUKI;NEW CIAZ;;0
57300M76T00;PNL COMP,FRONT HOOD;1528.45700000000000000000;SUZUKI;NEW CELERIO POP 6AB;;0
57300M79M00;PANEL COMP,FRONT HOOD;822.99600000000000000000;SUZUKI;NEW CELERIO POP 6AB;;0
57300M81R00;PANELCOMP,FRONTHOOD;871.32800000000000000000;SUZUKI;NEW CELERIO POP 6AB;;0
57410-54P00-000;HINGE,FRONT;83.09600000000000000000;SUZUKI;NEW CELERIO POP 6AB;;0
57410M55R00;HINGE COMP, FRONT HOOD, R;81.33700000000000000000;SUZUKI;NEW CELERIO POP 6AB;;0
57410M55T00;HINGE ,FRONT HOOD,RH;94.22800000000000000000;SUZUKI;NEW CELERIO POP 6AB;;0
57410M62S00;HINGE FRONT HOOD RH;54.40900000000000000000;SUZUKI;NEW CELERIO POP 6AB;;0
57410M68P00;HINGE,FRONT HOOD,R;74.68400000000000000000;SUZUKI;NEW CELERIO POP 6AB;;0
57410M72R00;HINGE, FRONT HOOD RH;64.62800000000000000000;SUZUKI;NEW CELERIO POP 6AB;;0
57410M74L00;HINGE, FRONT HOOD RH;58.10200000000000000000;SUZUKI;NEW CELERIO POP 6AB;;0
57410M74T00;HINGE COMP,FRONT HOOD,R;120.96000000000000000000;SUZUKI;NEW CELERIO POP 6AB;;0
57410M76M00;HINGE COMP,FRONT HOOD,R;57.17000000000000000000;SUZUKI;NEW CELERIO POP 6AB;;0
57410M79M00;HINGE COMP,FRONT HOOD,R;74.06200000000000000000;SUZUKI;NEW CELERIO POP 6AB;;0
57410M81R00;HINGE FRONT HOOD R;83.86800000000000000000;SUZUKI;NEW CIAZ;;0
57420-54P00-000;HINGE,FRONT;83.09600000000000000000;SUZUKI;NEW CELERIO POP 6AB;;0
57420M55R00;HINGE COMP, FRONT HOOD, L;81.13300000000000000000;SUZUKI;NEW CELERIO POP 6AB;;0
57420M55T00;HINGE ,FRONT HOOD,LH;66.65100000000000000000;SUZUKI;NEW CELERIO POP 6AB;;0
57420M62S00;HINGE, FRONT HOOD LH;54.40900000000000000000;SUZUKI;NEW CELERIO POP 6AB;;0
57420M68P00;HINGE,FRONT HOOD,L;74.68400000000000000000;SUZUKI;NEW CELERIO POP 6AB;;0
57420M72R00;HINGE, FRONT HOOD LH;56.65300000000000000000;SUZUKI;NEW CELERIO POP 6AB;;0
57420M74L00;HINGE, FRONT HOOD LH;58.10200000000000000000;SUZUKI;NEW CELERIO POP 6AB;;0
57420M74T00;HINGE COMP,FRONT HOOD,L;120.96000000000000000000;SUZUKI;NEW CELERIO POP 6AB;;0
57420M76M00;HINGE COMP,FRONT HOOD,L;57.17000000000000000000;SUZUKI;NEW CELERIO POP 6AB;;0
57420M79M00;HINGE COMP,FRONT HOOD,L;74.06200000000000000000;SUZUKI;NEW CELERIO POP 6AB;;0
57420M81R00;HINGE COMP,FRONT HOOD,L;76.91900000000000000000;SUZUKI;NEW CIAZ;;0
57611-54P10-000;PANEL, FR FENDER RH;701.87800000000000000000;SUZUKI;NEW CELERIO POP 6AB;;0
57611M55R10;PANEL,FRONT FENDER,R;421.52100000000000000000;SUZUKI;NEW CELERIO POP 6AB;;0
57611M55T00;PANEL,FRONT FENDER,RH;443.57000000000000000000;SUZUKI;NEW CELERIO POP 6AB;;0
57611M56R10;PANEL,FRONT FENDER,R (ED COATE;429.99700000000000000000;SUZUKI;NEW CELERIO POP 6AB;;0
57611M62S00;PANEL,FRONT FENDER,RH;369.66000000000000000000;SUZUKI;NEW CELERIO POP 6AB;;0
57611M68P00;PANEL,FRONT FENDER,R;498.75900000000000000000;SUZUKI;NEW CELERIO POP 6AB;;0
57611M68P10;PANEL, FRONT FENDER RH;372.21200000000000000000;SUZUKI;NEW CELERIO POP 6AB;;0
57611M71P10;PANEL,FRONT FENDER,R;426.01100000000000000000;SUZUKI;NEW CELERIO POP 6AB;;0
57611M73R10;PANEL, FRONT FENDER RH;298.67800000000000000000;SUZUKI;NEW CELERIO POP 6AB;;0
57611M76M00;PANEL,FRONT FENDER,R;270.04100000000000000000;SUZUKI;NEW CELERIO POP 6AB;;0
57611M79M00;PANEL,FRONT FENDER,R;433.30400000000000000000;SUZUKI;NEW CELERIO POP 6AB;;0
57611M79M00-000;PANELFRONT FENDERR;0.00000000000000000000;SUZUKI;NEW CIAZ;;0
57611M81R00;PANEL,FRONT FENDER,R;352.69700000000000000000;SUZUKI;NEW CELERIO POP 6AB;;0
57710M74T00;PANEL COMP,FRONT FENDER,L;565.17300000000000000000;SUZUKI;NEW CELERIO POP 6AB;;0
57711-54P10-000;PANEL, FR FENDER LH;701.87800000000000000000;SUZUKI;NEW CELERIO POP 6AB;;0
57711-61M00-000;AILE AV G;444.96900000000000000000;SUZUKI;NEW CELERIO POP 6AB;;0
57711-62R30-000;PANEL,FR FENDER,L;867.84800000000000000000;SUZUKI;NEW CELERIO POP 6AB;;0
57711M55R10;AILE AV G;421.52300000000000000000;SUZUKI;NEW CELERIO POP 6AB;;0
57711M55T00;PANEL,FRONT FENDER,LH;443.57000000000000000000;SUZUKI;NEW CELERIO POP 6AB;;0
57711M56R10;PANEL,FRONT FENDER,L (ED COATE;444.86600000000000000000;SUZUKI;NEW CELERIO POP 6AB;;0
57711M62S00;PANEL,FRONT FENDER,LH;369.66000000000000000000;SUZUKI;NEW CELERIO POP 6AB;;0
57711M68P00;PANEL,FRONT FENDER,L;492.71800000000000000000;SUZUKI;NEW CELERIO POP 6AB;;0
57711M68P10;PANEL, FRONT FENDER LH;371.16700000000000000000;SUZUKI;NEW CELERIO POP 6AB;;0
57711M71P10;PANEL,FRONT FENDER,L;426.92200000000000000000;SUZUKI;NEW CELERIO POP 6AB;;0
57711M73R10;PANEL, FRONT FENDER LH;406.12800000000000000000;SUZUKI;NEW CELERIO POP 6AB;;0
57711M76M00;PANEL,FRONT FENDER,L;270.04100000000000000000;SUZUKI;NEW CELERIO POP 6AB;;0
57711M76T00;PNL,FRONT FENDER,L;449.57700000000000000000;SUZUKI;NEW CELERIO POP 6AB;;0
57711M79M00;PANEL,FRONT FENDER,L;431.48100000000000000000;SUZUKI;NEW CELERIO POP 6AB;;0
57711M81R00;PANEL,FRONT FENDER,L;352.69700000000000000000;SUZUKI;NEW CELERIO POP 6AB;;0
58110M74L00;BRACE, LAMP SUPPORT RH;61.68700000000000000000;SUZUKI;NEW CIAZ;;0
58110M79M00;BRACE COMP,LAMP SUPPORT,R;83.63400000000000000000;SUZUKI;NEW CIAZ;;0
58113M79M10;BRACKET,HEAD LAMP,R;8.81500000000000000000;SUZUKI;NEW CIAZ;;0
58120M74L00;BRACE, LAMP SUPPORT LH;61.95700000000000000000;SUZUKI;NEW CIAZ;;0
58120M79M00;BRACE COMP,LAMP SUPPORT,L;65.97200000000000000000;SUZUKI;NEW CIAZ;;0
58123M79M10;BRACKET,HEAD LAMP,L;8.81500000000000000000;SUZUKI;NEW CIAZ;;0
58146-78R00-000;"BRACKET,FR OUTER PANEL LWR,R ";22.89900000000000000000;SUZUKI;NEW CELERIO POP 6AB;;0
58150-78R00-000;PANEL, 1ST MOUNT,L;292.72700000000000000000;SUZUKI;NEW CELERIO POP 6AB;;0
58166-78R00-000;"BRACKET,FR OUTER PANEL LWR,L ";22.89900000000000000000;SUZUKI;NEW CELERIO POP 6AB;;0
58171-78R00-000;"MEMBER,LAMP SUPPORT,R ";102.28100000000000000000;SUZUKI;NEW CELERIO POP 6AB;;0
58172-78R00-000;"BRACKET,FR OUTER PANEL UPR,R ";48.91900000000000000000;SUZUKI;NEW CELERIO POP 6AB;;0
58181-78R00-000;"MEMBER,LAMP SUPPORT,L ";102.28100000000000000000;SUZUKI;NEW CELERIO POP 6AB;;0
58182-78R00-000;"BRACKET,FR OUTER PANEL UPR,L ";48.91900000000000000000;SUZUKI;NEW CELERIO POP 6AB;;0
58200-78R00-000;"PANEL, FRONT OUTER ";1306.38300000000000000000;SUZUKI;NEW CELERIO POP 6AB;;0
58200M80T00;PANEL COMP,FRONT OUTER;1371.70200000000000000000;SUZUKI;NEW CELERIO POP 6AB;;0
58230M55R01;MEMBER,HOOD LOCK;197.71700000000000000000;SUZUKI;NEW CELERIO POP 6AB;;0
58230M55T00;MEMBER ,HOOD LOCK;326.16600000000000000000;SUZUKI;NEW CELERIO POP 6AB;;0
58230M74L00;MEMBER, HOOD LOCK;170.73200000000000000000;SUZUKI;NEW CIAZ;;0
58230M74T00;MEMBER COMP,HOOD LOCK;270.73400000000000000000;SUZUKI;NEW CELERIO POP 6AB;;0
58230M76M00;MEMBER COMP,HOOD LOCK;163.32800000000000000000;SUZUKI;NEW CIAZ;;0
58230M79M00;MEMBER COMP,HOOD LOCK;219.69300000000000000000;SUZUKI;NEW CIAZ;;0
58230M81R00;MEMBER COMP,HOOD LOCK;188.73000000000000000000;SUZUKI;NEW CELERIO POP 6AB;;0
58270-54P00-000;MEMBER, FRONT BUMPER;1415.97300000000000000000;SUZUKI;NEW CELERIO POP 6AB;;0
58270-80J20-000;MEMBER, FRONT BUMPER;852.21200000000000000000;SUZUKI;NEW CELERIO POP 6AB;;0
58270-86R10-000;MEMBER,FR BUMPER APK###;1243.61600000000000000000;SUZUKI;NEW CELERIO POP 6AB;;0
58270M55R00;MEMBER, FR BUMPER;316.79200000000000000000;SUZUKI;NEW CELERIO POP 6AB;;0
58270M55T00;MEMBER ,FRONT BUMPER;462.65300000000000000000;SUZUKI;NEW CELERIO POP 6AB;;0
58270M56R00;MEMBER COMP, FRONT BUMPER;316.79300000000000000000;SUZUKI;NEW CELERIO POP 6AB;;0
58270M62S00;MEMBER, FR BUMPER;213.50000000000000000000;SUZUKI;NEW CELERIO POP 6AB;;0
58270M68P01;MEMBER, FRONT BUMPER;318.72100000000000000000;SUZUKI;NEW CELERIO POP 6AB;;0
58270M72R00;MEMBER, FRONT BUMPER;337.88300000000000000000;SUZUKI;NEW CELERIO POP 6AB;;0
58270M74L00;MEMBER, FR BUMPER;294.22500000000000000000;SUZUKI;NEW CELERIO POP 6AB;;0
58270M74T00;MEMBER COMP,FRONT BUMPER;314.07300000000000000000;SUZUKI;NEW CELERIO POP 6AB;;0
58270M76M00;REMP ( 58270M76M01 );0.00000000000000000000;SUZUKI;NEW CELERIO POP 6AB;;0
58270M76M00-COR;"MEMBER,FR BUMPER ";0.00000000000000000000;SUZUKI;NEW CIAZ;;0
58270M76M01;"MEMBER,FR BUMPER ";266.10000000000000000000;SUZUKI;NEW CIAZ;;0
58270M76MA0;MEMBER,FR BUMPER UPR;306.98400000000000000000;SUZUKI;NEW CELERIO POP 6AB;;0
58270M76T01;MEMBER,FRONT BUMPER;1082.16200000000000000000;SUZUKI;NEW CELERIO POP 6AB;;0
58270M79M00;MEMBER COMP,FR BUMPER UPPER |;310.62500000000000000000;SUZUKI;NEW CELERIO POP 6AB;;0
58270M82R00;MEMBER, FR BUMPER;310.14900000000000000000;SUZUKI;NEW CELERIO POP 6AB;;0
58271M81R00;MEMBER,FR BUMPER;117.44800000000000000000;SUZUKI;NEW CELERIO POP 6AB;;0
58286M76MA0;STAY,LWR ABSORBER SIDE,R;24.42300000000000000000;SUZUKI;NEW CIAZ;;0
58287M76M00;STAY,LWR ABSORBER SIDE,L;15.18200000000000000000;SUZUKI;NEW CIAZ;;0
58287M76MA0;STAY,LWR ABSORBER SIDE,L;35.67800000000000000000;SUZUKI;NEW CIAZ;;0
58300-78R00-000;"PANEL, FRONT HOOD ";1617.26300000000000000000;SUZUKI;NEW CIAZ;;0
58300M62S00;PANEL, FENDER APRON RH;126.68400000000000000000;SUZUKI;NEW CIAZ;;0
58300M79M00;PANEL ASSY FENDER APRON,R;222.06100000000000000000;SUZUKI;NEW CIAZ;;0
58310-61M00;PANEL, FNDR APRN RH;376.81400000000000000000;SUZUKI;NEW CIAZ;;0
58310M79M00;PANEL, FNDR APRN RH;79.86200000000000000000;SUZUKI;NEW CIAZ;;0
58311M76M00;PANEL,FENDER APRON,;81.74400000000000000000;SUZUKI;NEW CIAZ;;0
58312M74L00;BRACKET, FR FENDER LWR RH;6.81300000000000000000;SUZUKI;NEW CIAZ;;0
58312M76M00;BRACKETSUSPENSION UPPERR;89.47900000000000000000;SUZUKI;NEW CIAZ;;0
58315M76M00;BRACKET FR FENDER LWR R;9.84560000000000000000;SUZUKI;NEW CIAZ;;0
58315M81R00;BRACKET,FRFENDERLOWER,R;68.25000000000000000000;SUZUKI;NEW CIAZ;;0
58320M79M00;BRACKET SUSPENSION UPR RH;67.01900000000000000000;SUZUKI;NEW CIAZ;;0
58322M55R00;BRACKET,FRONT FENDER LOWER,RH;15.85100000000000000000;SUZUKI;NEW CIAZ;;0
58330-61M00;EXTENSION, FNDR APRN RH;114.52800000000000000000;SUZUKI;NEW CIAZ;;0
58330M79M00;EXTENSION, FNDR APRN RH;82.13800000000000000000;SUZUKI;NEW CIAZ;;0
58340-61M00-000;PLAQUE CONSTRUCTEUR;72.56000000000000000000;SUZUKI;NEW CIAZ;;0
58341M79M00;BRACKET FR FENDER LOWER,R;15.42420000000000000000;SUZUKI;NEW CIAZ;;0
58400M79M00;PANEL ASSY,FENDER APRON,L;253.90600000000000000000;SUZUKI;NEW CIAZ;;0
58410M72R00;PANEL COMP,FENDER APRON,L;411.99900000000000000000;SUZUKI;NEW CIAZ;;0
58410M79M00;PANEL, FNDR APRN LH;92.39900000000000000000;SUZUKI;NEW CIAZ;;0
58411M76M00;PANELFENDER APRONL;203.29500000000000000000;SUZUKI;NEW CIAZ;;0
58412M74L00;BRACKET, FR FENDER LWR LH;75.78900000000000000000;SUZUKI;NEW CIAZ;;0
58412M76M00;BRACKETSUSPENSION UPPERL;161.24700000000000000000;SUZUKI;NEW CIAZ;;0
58413M76M00;EXTENSION,APRON FR;79.02600000000000000000;SUZUKI;NEW CIAZ;;0
58415M76M00;BRACKET FR FENDER LWR L;31.33800000000000000000;SUZUKI;NEW CIAZ;;0
58415M81R00;BRACKET,FR FENDER LOWER,L;27.30000000000000000000;SUZUKI;NEW CIAZ;;0
58416M55R00;BRACKET,FRONT FENDER UPR FR,LH;27.89134000000000000000;SUZUKI;NEW CIAZ;;0
58417M76M00;BRACKETFRONT FENDERL;119.99800000000000000000;SUZUKI;NEW CIAZ;;0
58420-78R00-000;"HINGE, FRONT HOOD,L ";171.15900000000000000000;SUZUKI;NEW CELERIO POP 6AB;;0
58422M55R00;BRACKET,FRONT FENDER LOWER,LH;29.28600000000000000000;SUZUKI;NEW CIAZ;;0
58441M79M00;BRACKET FR FENDER LOWER,L;16.19500000000000000000;SUZUKI;NEW CIAZ;;0
58600M72R20;MEMBER,FRONT SIDE,R;1498.88800000000000000000;SUZUKI;NEW CELERIO POP 6AB;;0
58600M76M01;MEMBER,FR SIDE,R;936.68500000000000000000;SUZUKI;NEW CIAZ;;0
58600M79M50;MEMBER,FRONT SIDE,R;1718.28100000000000000000;SUZUKI;NEW CELERIO POP 6AB;;0
58600M79M51;MEMBER COMP,FRONT SIDE,L;1718.28100000000000000000;SUZUKI;NEW CELERIO POP 6AB;;0
58600M81R10;MEMBER, FRONT SIDE, RH;1379.25000000000000000000;SUZUKI;NEW CIAZ;;0
58610M76M00;MEMBER COMP,APRON SIDE,R;337.49300000000000000000;SUZUKI;NEW CIAZ;;0
58610M81R00;MEMBER,APRON SIDE,R;853.09900000000000000000;SUZUKI;NEW CIAZ;;0
58630M76M00;PANEL COMP,APRN SIDE MBR;303.20700000000000000000;SUZUKI;NEW CIAZ;;0
58641M74L00;CROSSMEMBER, DASH UPR RH;33.81200000000000000000;SUZUKI;NEW CIAZ;;0
58671M55R00;BRACKET,HEAD LAMP,RH;7.70300000000000000000;SUZUKI;NEW CIAZ;;0
58700M55T10;MEMBER, FRONT SIDE, LH;1919.97600000000000000000;SUZUKI;NEW BALENO 6AB;;0
58700M74L10;MEMBER,FRONT SIDE,LH;1763.12000000000000000000;SUZUKI;NEW CIAZ;;0
58700M79M50;MEMBER, FRONT SIDE, LH;1717.95400000000000000000;SUZUKI;NEW CIAZ;;0
58700M81R20;MEMBER, FRONT SIDE, LH;1308.47100000000000000000;SUZUKI;NEW CIAZ;;0
58710M76M00;MEMBER COMP,APRON SIDE,L;343.76700000000000000000;SUZUKI;NEW CIAZ;;0
58710M81R00;MEMBER,APRON SIDE,L;853.09900000000000000000;SUZUKI;NEW CIAZ;;0
58730M76M00;PANEL COMP,APRN SIDE MBR;247.60325000000000000000;SUZUKI;NEW CIAZ;;0
58731-78R00-000;BRACKET,HEAD LAMP,R;101.47500000000000000000;SUZUKI;NEW CELERIO POP 6AB;;0
58741M74L00;CROSSMEMBER, DASH UPR LH;173.28500000000000000000;SUZUKI;NEW CIAZ;;0
58741M79M50;CROSS MEMBER DASH UPPER L;54.42800000000000000000;SUZUKI;NEW CIAZ;;0
58771M55R00;BRACKET,HEAD LAMP,LH;7.58100000000000000000;SUZUKI;NEW CIAZ;;0
59100M55R30;PANEL, DASH;1170.05000000000000000000;SUZUKI;NEW CIAZ;;0
59100M79M10;PANEL,DASH;441.06800000000000000000;SUZUKI;NEW CIAZ;;0
59230M55R00;PANEL,DASH SIDE,R;472.50000000000000000000;SUZUKI;NEW CIAZ;;0
59230M76M10;PANEL COMPDASH SIDER;198.63600000000000000000;SUZUKI;NEW CIAZ;;0
59232M55R00;PANEL, DASH SIDE FRONT, R;140.70000000000000000000;SUZUKI;NEW CIAZ;;0
59232M74L00;PANEL PASH SIDE FRONT RH;19.03700000000000000000;SUZUKI;NEW CIAZ;;0
59233M69R00;BRACKET,HOOD LATCH CABLE;18.71400000000000000000;SUZUKI;NEW CELERIO POP 6AB;;0
59234M76M00;.PANEL,DASH SIDE FR,R;75.89300000000000000000;SUZUKI;NEW CIAZ;;0
59234M81R00;BRACE,DASH SIDE;21.45500000000000000000;SUZUKI;NEW CELERIO POP 6AB;;0
59236M68P00;PATCH FRONT HOOD HINGE RH;4.86700000000000000000;SUZUKI;NEW CIAZ;;0
59236M81R00;BRACKET,WIPER LINK SIDE,R;20.01500000000000000000;SUZUKI;NEW CELERIO POP 6AB;;0
59240M81R00;BRACKET,FRONT FENDER R;57.89100000000000000000;SUZUKI;NEW CELERIO POP 6AB;;0
59280M55R00;PANEL COMP,DASH SIDE,L;591.15000000000000000000;SUZUKI;NEW CIAZ;;0
59280M79M51;PANEL,DASH SIDE,L;209.43800000000000000000;SUZUKI;NEW CIAZ;;0
59281M81R00;PANEL,DASH SIDE,L;184.75500000000000000000;SUZUKI;NEW CELERIO POP 6AB;;0
59282M55R00;PANEL, DASH SIDE FRONT, L;140.70000000000000000000;SUZUKI;NEW CIAZ;;0
59282M74L00;PANEL DASH SIDE FRONT LH;18.50200000000000000000;SUZUKI;NEW CIAZ;;0
59282M81R00;PANEL,DASH SIDE FRONT,L;98.74400000000000000000;SUZUKI;NEW CELERIO POP 6AB;;0
59284M76M00;PANELDASH SIDE FRL;75.89300000000000000000;SUZUKI;NEW CIAZ;;0
59286M68P00;PATCH FRONT HOOD HINGE LH;4.39000000000000000000;SUZUKI;NEW CIAZ;;0
59300M55R10;PANEL, COWL UPPER;717.15000000000000000000;SUZUKI;NEW CIAZ;;0
59326-78R00-000;EXTENSION,HVAC BRACKET;136.22500000000000000000;SUZUKI;NEW CELERIO POP 6AB;;0
59410-78R00-000;MEMBER COMP,COWL SIDE OUTER,R;903.53200000000000000000;SUZUKI;NEW CELERIO POP 6AB;;0
59411M74L00;MEMBER, COWL SIDE OTR RH;58.95700000000000000000;SUZUKI;NEW CIAZ;;0
59411M76M00;MEMBERCOWL SIDE OUTER R;55.17700000000000000000;SUZUKI;NEW CIAZ;;0
59412M76M00;MEMBER,COWL SIDE OUTER,L;48.57500000000000000000;SUZUKI;NEW CIAZ;;0
59460-78R00-000;MEMBER COMP,COWL SIDE OUTER,L;903.53200000000000000000;SUZUKI;NEW CELERIO POP 6AB;;0
59461M74L00;MEMBER, COWL SIDE OTR LH;58.95700000000000000000;SUZUKI;NEW CIAZ;;0
59710M55R00;PANEL COMP,COWL TOP;573.65000000000000000000;SUZUKI;NEW CIAZ;;0
59710M79M50;PANEL,COWL TOP;129.00000000000000000000;SUZUKI;NEW CIAZ;;0
61161M55R00;"PAN,MAIN FLOOR ";1144.73205000000000000000;SUZUKI;NEW CIAZ;;0
61200-78R00-000;PANEL COMP,DASH SIDE,R;1268.41900000000000000000;SUZUKI;NEW CELERIO POP 6AB;;0
61241M55R00;MEMBER FLOOR SIDE REAR R;166.36700000000000000000;SUZUKI;NEW CIAZ;;0
61261M55R00;MEMBER FLOOR SIDE REAR L;166.36700000000000000000;SUZUKI;NEW CIAZ;;0
61300-78R00-000;PANEL COMP,DASH SIDE,L;1268.41900000000000000000;SUZUKI;NEW CELERIO POP 6AB;;0
61512M66R11;PANEL,RR FLOOR CTR;224.47208000000000000000;SUZUKI;NEW CELERIO POP 6AB;;0
61512M79M00;PANEL,RR FLOOR CTR;1451.01000000000000000000;SUZUKI;NEW CIAZ;;0
61513M56R00;PANEL, REAR FLOOR RR;460.95700000000000000000;SUZUKI;NEW BALENO 6AB;;0
61513M56R01;PANEL REAR FLOOR RR;460.95700000000000000000;SUZUKI;NEW BALENO 6AB;;0
61513M74L00;PANEL, RR FLOOR RR;637.83000000000000000000;SUZUKI;NEW CIAZ;;0
61513M76M00;PANEL,REAR FLOOR RR;732.54000000000000000000;SUZUKI;NEW CIAZ;;0
61513M81R00;PANEL,REAR FLOOR RR;748.17800000000000000000;SUZUKI;NEW CIAZ;;0
61520M76M00;CROSSMEMBER,RR FLOOR 3RD;64.16800000000000000000;SUZUKI;NEW CIAZ;;0
61520M79M00;EXTENSION COMPRR FLOOR SIDE,R;47.69000000000000000000;SUZUKI;NEW CIAZ;;0
61540M76M00;BRACKET,MUFFLER HANGER;37.99600000000000000000;SUZUKI;NEW CIAZ;;0
62100M55R00;MEMBER,REAR FLOOR SIDE,RH;520.35500000000000000000;SUZUKI;NEW CIAZ;;0
62100M74L01;MEMBER, REAR FLOOR SIDE RH;809.58500000000000000000;SUZUKI;NEW CIAZ;;0
62100M76M20;MEMBER, REAR FLOOR SIDE RH;671.86100000000000000000;SUZUKI;NEW CIAZ;;0
62100M79M10;MEMBER, REAR FLOOR SIDE RH;1015.42600000000000000000;SUZUKI;NEW CIAZ;;0
62100M81R00;"MEMBER RR FLOOR SIDE R ";974.59700000000000000000;SUZUKI;NEW CELERIO POP 6AB;;0
62111-78R00-000;PANEL,RR FLOOR;501.96200000000000000000;SUZUKI;NEW CELERIO POP 6AB;;0
62120M76M00;MEMBER,RR FLR SIDE RR,R;232.74700000000000000000;SUZUKI;NEW CIAZ;;0
62130-78R00-000;MEMBER COMP,TAIL INNER;1421.64000000000000000000;SUZUKI;NEW CELERIO POP 6AB;;0
62300M74L10;MEMBER, REAR FLOOR SIDE LH;809.58800000000000000000;SUZUKI;NEW CIAZ;;0
62300M76M20;MEMBER, REAR FLOOR SIDE LH;642.89900000000000000000;SUZUKI;NEW CIAZ;;0
62300M82R10;MEMBER COMP RR FLOOR SIDE L;857.66100000000000000000;SUZUKI;NEW CIAZ;;0
62321M76M00;MEMBER,RR FLOOR SIDE RR,L;192.41500000000000000000;SUZUKI;NEW CIAZ;;0
62511-78R00-000;MEMBER,TAIL OUTER;325.79300000000000000000;SUZUKI;NEW CELERIO POP 6AB;;0
63110M62S00;PANEL COMP,FRONT PILLAR INR,R;315.24600000000000000000;SUZUKI;NEW CIAZ;;0
63140-78R00-000;REINF, FRONT DOOR HINGE,R;501.96200000000000000000;SUZUKI;NEW CIAZ;;0
63140M76M00;REINF COMPFRONT DOOR HINGER;574.23200000000000000000;SUZUKI;NEW CIAZ;;0
63210M79M00;PANEL COMP,CTR PILLAR INNER,R;195.23100000000000000000;SUZUKI;NEW CIAZ;;0
63220M55R00;STRENGTH COMP SIDE SILL R;1289.11900000000000000000;SUZUKI;NEW CIAZ;;0
63220M76M00;REINF,CTR PILLAR,R;1388.00300000000000000000;SUZUKI;NEW CIAZ;;0
63220M79M50;STRENGTH,SIDE SILL,R;505.30600000000000000000;SUZUKI;NEW CIAZ;;0
63230M55R10;PANEL,DASH SIDE,R;1461.38600000000000000000;SUZUKI;NEW CIAZ;;0
63230M79M50;REINF,CTR PILLAR,R;574.30500000000000000000;SUZUKI;NEW CIAZ;;0
63310-78R00-000;PANEL COMP,RR WHEEL HSG OTR,R;559.88200000000000000000;SUZUKI;NEW CELERIO POP 6AB;;0
63310M62S00;PANEL,QTR INR UPR,R;178.47510000000000000000;SUZUKI;NEW CIAZ;;0
63310M81R00;PANEL COMP,QTR INNER UPPER,R;169.05000000000000000000;SUZUKI;NEW CIAZ;;0
63313M55R00;"PANEL,RR LAMP HOUSE INNER,R ";88.34800000000000000000;SUZUKI;NEW CIAZ;;0
63313M76M00;PANEL RR LAMP HOUSE INNER R;90.14300000000000000000;SUZUKI;NEW CIAZ;;0
63321-78R00-000;PANEL,RR QUARTER INNER,R;1516.41600000000000000000;SUZUKI;NEW CELERIO POP 6AB;;0
63410M74L00;PANEL WHEEL HOUSE INNER RH;211.67300000000000000000;SUZUKI;NEW CIAZ;;0
63410M76M00;PANEL COMP WHEEL HOUSE INNER,R;136.22500000000000000000;SUZUKI;NEW CIAZ;;0
63413M74L00;REINF RR WHEEL HOUSE FR RH;44.86700000000000000000;SUZUKI;NEW CIAZ;;0
63413M76M00;REINF RR WHEEL HOUSE FR R;46.58800000000000000000;SUZUKI;NEW CIAZ;;0
63480M74L00;PANEL, WHL HS OTR RH;186.60000000000000000000;SUZUKI;NEW CIAZ;;0
63480M79M50;PANEL,WHEEL HOUSE OUTER,R;197.17500000000000000000;SUZUKI;NEW CIAZ;;0
63481M76M01;PANEL,RR WHEEL HOUSE OUTER,R;195.71400000000000000000;SUZUKI;NEW CIAZ;;0
63481M81R00;PANEL,WHEEL HOUSE OUTER,R;206.21400000000000000000;SUZUKI;NEW CIAZ;;0
63540M55R00;REINF COMPFRONT DOOR HINGEL;343.88800000000000000000;SUZUKI;NEW CIAZ;;0
63540M76M00;REINF COMPFRONT DOOR HINGEL;191.41100000000000000000;SUZUKI;NEW CIAZ;;0
63551M62S00;REINF,HINGE PILLAR FR UPR,R;117.45620000000000000000;SUZUKI;NEW CIAZ;;0
63610M79M00;PANEL COMP,CTR PILLAR INNER,L;195.23100000000000000000;SUZUKI;NEW CIAZ;;0
63620M55R00;STRENGTH COMP SIDE SILL L;442.38600000000000000000;SUZUKI;NEW CIAZ;;0
63620M76M00;REINF COMPCTR PILLARL;457.46400000000000000000;SUZUKI;NEW CELERIO POP 6AB;;0
63620M79M50;STRENGTH,SIDE SILL,L;505.30600000000000000000;SUZUKI;NEW CIAZ;;0
63630M79M50;REINF,CTR PILLAR,L;574.30500000000000000000;SUZUKI;NEW CIAZ;;0
63710-78R00-000;PANEL COMP,RR WHEEL HSG OTR,L;559.88200000000000000000;SUZUKI;NEW CELERIO POP 6AB;;0
63710M81R00;PANEL COMP,QTR INNER UPPER,L;404.25000000000000000000;SUZUKI;NEW CIAZ;;0
63713M55R00;PANEL,RR LAMP HOUSE INNER,L;88.35900000000000000000;SUZUKI;NEW CIAZ;;0
63713M76M00;PANEL RR LAMP HOUSE INNER L;90.14300000000000000000;SUZUKI;NEW CELERIO POP 6AB;;0
63721-78R00-000;PANEL,RR QUARTER INNER,L;1516.42200000000000000000;SUZUKI;NEW CELERIO POP 6AB;;0
63740M55T10;PANEL,QTR INNER REAR,LH;87.39000000000000000000;SUZUKI;NEW CIAZ;;0
63810M55T00;PANEL ,WHEEL HOUSE INNER,LH;523.29100000000000000000;SUZUKI;NEW CIAZ;;0
63810M74L00;PANEL WHEEL HOUSE INNER LH;210.68900000000000000000;SUZUKI;NEW CIAZ;;0
63810M76M00;PANEL COMPWHEEL HOUSE INNER,L;131.19400000000000000000;SUZUKI;NEW CIAZ;;0
63813M74L00;REINFORCEMENT, RR WHL HS FR LH;47.69000000000000000000;SUZUKI;NEW CIAZ;;0
63813M76M00;REINF RR WHEEL HOUSE FR L;46.58800000000000000000;SUZUKI;NEW CELERIO POP 6AB;;0
63880M55T00;PANEL ,WHEEL HOUSE OUTER,LH;216.11100000000000000000;SUZUKI;NEW CIAZ;;0
63880M74L00;PANEL WHEEL HOUSE OUTER LH;157.72200000000000000000;SUZUKI;NEW CIAZ;;0
63880M79M50;PANEL,WHEEL HOUSE OUTER,L;197.17500000000000000000;SUZUKI;NEW CIAZ;;0
63881M76M01;PANELRR WHEEL HOUSE OUTERL;273.06600000000000000000;SUZUKI;NEW CIAZ;;0
63881M81R00;PANEL,WHEEL HOUSE OUTER,L;210.03400000000000000000;SUZUKI;NEW CIAZ;;0
64111-54P00-P41;PANEL, SIDE SILL RH;876.28905000000000000000;SUZUKI;NEW CIAZ;;0
64111-54P01-P41;PANEL, SIDE SILL RH;1024.91500000000000000000;SUZUKI;NEW CIAZ;;0
64111M55R00-P31;PANEL, QTR LH;1502.88600000000000000000;SUZUKI;NEW BALENO 6AB;;0
64111M55R01-P31;PANEL QTR RH;1502.88600000000000000000;SUZUKI;NEW CELERIO POP 6AB;;0
64111M55T00-P21;PANEL, B-PILLAR RH;1021.05800000000000000000;SUZUKI;NEW CIAZ;;0
64111M55T00-P31;QUARTER RH PNL;1102.75700000000000000000;SUZUKI;NEW CELERIO POP 6AB;;0
64111M55T00-P41;PANEL, SIDE SILL RH;1348.20800000000000000000;SUZUKI;NEW CIAZ;;0
64111M56R00-P21;PANEL, B-PLR RH;552.28300000000000000000;SUZUKI;NEW CIAZ;;0
64111M73R00-P31;PANEL, QUARTER RH;1254.03000000000000000000;SUZUKI;NEW CIAZ;;0
64111M74L00;PANEL ASSY, BODY OUTER, R;1445.67000000000000000000;SUZUKI;NEW CIAZ;;0
64111M74L00-000;PANEL ASSY BODY OUTER RH;0.00000000000000000000;SUZUKI;NEW CIAZ;;0
64111M74L01-P11;PANEL A-PILLAR R;448.80000000000000000000;SUZUKI;NEW CIAZ;;0
64111M74L01-P31;PANEL QTR R;647.47600000000000000000;SUZUKI;NEW CIAZ;;0
64111M75T00-P11;PANEL, A-PLR RH;874.18200000000000000000;SUZUKI;NEW BALENO 6AB;;0
64111M76M00;PANEL,SIDE BODY OUTER,R;1498.61700000000000000000;SUZUKI;NEW CIAZ;;0
64111M76M00-P11;PANEL A-PILLAR RH;644.95100000000000000000;SUZUKI;NEW CIAZ;;0
64111M76M00-P21;PANEL B-PILLAR RH;837.14500000000000000000;SUZUKI;NEW CIAZ;;0
64111M76M00-P31;PANEL QUARTER RH;836.40500000000000000000;SUZUKI;NEW CELERIO POP 6AB;;0
64111M76M00-P41;PANEL SIDE SILL RH;1607.80000000000000000000;SUZUKI;NEW CELERIO POP 6AB;;0
64111M79M50;PANEL,SIDE BODY OUTER,R;1109.19200000000000000000;SUZUKI;NEW CIAZ;;0
64111M79M50-P31;PANEL QUARTER RH;950.07600000000000000000;SUZUKI;NEW CIAZ;;0
64111M79M50-P41;PANEL SIDE SILL RH;1465.32500000000000000000;SUZUKI;NEW CIAZ;;0
64111M81R00;PANEL, SIDE SILL RH;1600.00000000000000000000;SUZUKI;NEW CIAZ;;0
64111M81R00-P11;PANEL, A-PILLER RH;880.01000000000000000000;SUZUKI;NEW CIAZ;;0
64111M81R00-P31;PANEL, QUARTER RH;1182.69500000000000000000;SUZUKI;NEW CIAZ;;0
64111M81R00-P41;PANEL, SIDE SILL RH;826.09600000000000000000;SUZUKI;NEW CIAZ;;0
64120M74L00;EXTENSION SIDE BODY OTR RH;47.69000000000000000000;SUZUKI;NEW CIAZ;;0
64120M76M00;EXTENSION,SIDE BODY OTR,R;68.25600000000000000000;SUZUKI;NEW CELERIO POP 6AB;;0
64120M79M50;PANEL,RR LAMP HOUSE,R;65.32300000000000000000;SUZUKI;NEW CIAZ;;0
64120M81R00;EXTENSION COMP,SIDE BODY OTR,R;137.27500000000000000000;SUZUKI;NEW CIAZ;;0
64122M81R00;.PANEL, RR LAMP HOUSE OUTER RH;137.11700000000000000000;SUZUKI;NEW CIAZ;;0
64130M76M00;PANEL,RR LAMP HOUSE OTR,R;193.95600000000000000000;SUZUKI;NEW CIAZ;;0
64131M74L00;PANEL RR LAMP HOUSE OUTER RH;57.61000000000000000000;SUZUKI;NEW CIAZ;;0
64131M79M50;EXTENSION,SIDE BODY OTR,R;108.30400000000000000000;SUZUKI;NEW CIAZ;;0
64170-78R00-000;"DRIP, ROOF SIDE RAIL,R ";330.96498750000000000000;SUZUKI;NEW CELERIO POP 6AB;;0
64211-78R00-000;BOX,FUEL INLET;134.04300000000000000000;SUZUKI;NEW CELERIO POP 6AB;;0
64220-78R00-000;LID COMP,FUEL INLET;183.68500000000000000000;SUZUKI;NEW CELERIO POP 6AB;;0
64261-78R00-000;HOLDER,RR FENDER SPLASH NO.1,R;81.08700000000000000000;SUZUKI;NEW CELERIO POP 6AB;;0
64262-78R00-000;HOLDER,RR FENDER SPLASH NO.2,R;129.07800000000000000000;SUZUKI;NEW CELERIO POP 6AB;;0
64511-54P00-P41;PANEL, SIDE SILL LH;920.10400000000000000000;SUZUKI;NEW CIAZ;;0
64511-54P01-P41;PANEL SIDE S;1003.74927000000000000000;SUZUKI;NEW CIAZ;;0
64511-62RV0-P31;PANEL,QUARTER,L;1231.51800000000000000000;SUZUKI;NEW CELERIO POP 6AB;;0
64511-78R00-P31;PANEL,QUARTER,L;1581.41500000000000000000;SUZUKI;NEW CELERIO POP 6AB;;0
64511-78R00-P41;"PANEL,SIDE SILL,L ";1206.73500000000000000000;SUZUKI;NEW CIAZ;;0
64511M55T00-P11;PANEL, A-PILLAR LH;894.41100000000000000000;SUZUKI;NEW CIAZ;;0
64511M55T00-P31;PANEL, QUARTER LH;1102.75700000000000000000;SUZUKI;NEW CELERIO POP 6AB;;0
64511M56R00-P11;PANEL, A-PLR LH;444.99400000000000000000;SUZUKI;NEW CELERIO POP 6AB;;0
64511M56R00-P41;PANEL, SIDE SILL LH;1235.78700000000000000000;SUZUKI;NEW CELERIO POP 6AB;;0
64511M56R20-P31;PANEL QTR LH;952.57200000000000000000;SUZUKI;NEW BALENO 6AB;;0
64511M62S00-P41;PANEL, SIDE SILL LH;872.85900000000000000000;SUZUKI;NEW CELERIO POP 6AB;;0
64511M68P00-P21;PANEL B-PILLAR LH;547.33400000000000000000;SUZUKI;NEW CELERIO POP 6AB;;0
64511M68P00-P41;PANEL, SIDE SILL LH;519.73800000000000000000;SUZUKI;NEW CELERIO POP 6AB;;0
64511M74L00-000;AILE AR G;0.00000000000000000000;SUZUKI;NEW CIAZ;;0
64511M74L01;PANEL,SIDE BODY OUTER,L;771.04800000000000000000;SUZUKI;NEW CIAZ;;0
64511M74L01-P11;PANEL A-PILLAR L;448.80000000000000000000;SUZUKI;NEW CELERIO POP 6AB;;0
64511M74L01-P21;PANEL B-PLR L;356.83400000000000000000;SUZUKI;NEW CELERIO POP 6AB;;0
64511M74L01-P31;PANEL QTR L;646.01400000000000000000;SUZUKI;NEW CIAZ;;0
64511M74L01-P41;PANEL SIDE SILL L;854.82000000000000000000;SUZUKI;NEW CELERIO POP 6AB;;0
64511M75T00-P11;PANEL, A-PLR LH;874.18200000000000000000;SUZUKI;NEW BALENO 6AB;;0
64511M76M00;PANEL,SIDE BODY OUTER,L;1678.54800000000000000000;SUZUKI;NEW CIAZ;;0
64511M76M00-P11;PANEL A-PILLAR LH;644.95100000000000000000;SUZUKI;NEW CIAZ;;0
64511M76M00-P21;PANEL B-PILLAR LH;837.14500000000000000000;SUZUKI;NEW CIAZ;;0
64511M76M00-P31;PANEL QUARTER LH;836.40500000000000000000;SUZUKI;NEW CIAZ;;0
64511M76M00-P41;PANEL SIDE SILL LH;1187.80000000000000000000;SUZUKI;NEW CIAZ;;0
64511M79M00-P21;PANEL B-PILLAR LH;496.57200000000000000000;SUZUKI;NEW CIAZ;;0
64511M79M50;PANEL,SIDE BODY OUTER,L;1109.21300000000000000000;SUZUKI;NEW CIAZ;;0
64511M79M50-P11;PANEL A-PILLAR LH;377.47900000000000000000;SUZUKI;NEW CELERIO POP 6AB;;0
64511M79M50-P21;PANEL B-PILLAR LH;526.94700000000000000000;SUZUKI;NEW CELERIO POP 6AB;;0
64511M79M50-P31;PANEL QUARTER LH;950.06400000000000000000;SUZUKI;NEW CIAZ;;0
64511M79M50-P41;PANEL SIDE SILL LH;1465.58300000000000000000;SUZUKI;NEW CIAZ;;0
64511M81R00-P11;PANEL, A-PILLER L;1020.72600000000000000000;SUZUKI;NEW CIAZ;;0
64511M81R00-P21;PANEL, B-PILLER L;1246.64900000000000000000;SUZUKI;NEW CIAZ;;0
64511M81R00-P31;PANEL,QUARTER,L;948.35100000000000000000;SUZUKI;NEW CIAZ;;0
64511M81R00-P41;PANEL, SIDE SILL LH;826.09600000000000000000;SUZUKI;NEW CELERIO POP 6AB;;0
64520M74L00;EXTENSION SIDE BODY OTR LH;45.92900000000000000000;SUZUKI;NEW CIAZ;;0
64520M76M00;EXTENSION,SIDE BODY OTR,L;68.25600000000000000000;SUZUKI;NEW CELERIO POP 6AB;;0
64522M81R00;.PANEL, RR LAMP HOUSE OUTER LH;237.30000000000000000000;SUZUKI;NEW CIAZ;;0
64530M76M00;PANEL COMPRR LAMP HOUSE OTRL;193.94600000000000000000;SUZUKI;NEW CIAZ;;0
64531M79M50;EXTENSION,SIDE BODY OTR,L;123.73400000000000000000;SUZUKI;NEW CIAZ;;0
64561M81R00;BOX,FUEL FILLER;246.36900000000000000000;SUZUKI;NEW CIAZ;;0
64570-78R00-000;DRIP COMP,ROOF SIDE RAIL,L;330.96498750000000000000;SUZUKI;NEW CELERIO POP 6AB;;0
64570M81R00;DOOR,FUEL FILLER;153.46100000000000000000;SUZUKI;NEW CIAZ;;0
64571M74L00;BOX, FUEL FILLER;19.91000000000000000000;SUZUKI;NEW CIAZ;;0
64571M76M00;BOX,FUEL FILLER;162.50100000000000000000;SUZUKI;NEW CIAZ;;0
64571M79M00;BOX,FUEL FILLER;59.92900000000000000000;SUZUKI;NEW CIAZ;;0
64661-78R00-000;HOLDER,RR FENDER SPLASH NO.1,L;81.08700000000000000000;SUZUKI;NEW CELERIO POP 6AB;;0
64662-78R00-000;HOLDER,RR FENDER SPLASH NO.2,L;129.07800000000000000000;SUZUKI;NEW CELERIO POP 6AB;;0
64850M55T00;DOOR ,FUEL FILLER;196.51200000000000000000;SUZUKI;NEW CIAZ;;0
64850M76M00;DOOR COMP,FUEL FILLER;119.25300000000000000000;SUZUKI;NEW CIAZ;;0
64850M79M00;DOOR COMP,FUEL FILLER;97.41100000000000000000;SUZUKI;NEW CIAZ;;0
65111M74L10;PANEL, ROOF;1179.73100000000000000000;SUZUKI;NEW CIAZ;;0
65111M75T00;"PANEL ROOF ";1502.41300000000000000000;SUZUKI;;;0
65111M76M00;PANEL,ROOF;975.26500000000000000000;SUZUKI;NEW CIAZ;;0
65111M79M00;PANEL;1232.74200000000000000000;SUZUKI;NEW CIAZ;;0
65111M81R00;PANEL, ROOF;1142.34500000000000000000;SUZUKI;NEW CELERIO POP 6AB;;0
65120-78R00-000;"MEMBER, ROOF FRONT INNER ";731.04250275000000000000;SUZUKI;NEW CELERIO POP 6AB;;0
65130-78R00-000;"MEMBER, ROOF BACK ";679.41500000000000000000;SUZUKI;NEW CELERIO POP 6AB;;0
65141-78R00-000;"MEMBER,ROOF PANEL CTR ";139.90824225000000000000;SUZUKI;NEW CELERIO POP 6AB;;0
65310M79M00;PANEL COMP,PARTITION;1196.25000000000000000000;SUZUKI;NEW CIAZ;;0
65400M62S00;PANEL, BACK;352.99000000000000000000;SUZUKI;NEW CELERIO POP 6AB;;0
65400M76M00;PANEL COMP,REAR SKIRT;398.41600000000000000000;SUZUKI;NEW CIAZ;;0
65400M76MA0;PANEL,RR SKIRT;428.86900000000000000000;SUZUKI;NEW BALENO 6AB;;0
65400M81R00;PANEL,REAR SKIRT;818.35400000000000000000;SUZUKI;NEW CELERIO POP 6AB;;0
65500-54P00-000;PANEL, BACK APK416;1175.17500000000000000000;SUZUKI;NEW CELERIO POP 6AB;;0
65500-72L10-000;PANEL,BACK;725.64600000000000000000;SUZUKI;NEW CELERIO POP 6AB;;0
65500-86R00-000;PANEL, BACK;1119.21400000000000000000;SUZUKI;NEW CELERIO POP 6AB;;0
65500-86R10-000;PANEL, BACK;1175.17500000000000000000;SUZUKI;NEW CELERIO POP 6AB;;0
65500M55R00;"PANEL BACK ";495.13900000000000000000;SUZUKI;NEW CELERIO POP 6AB;;0
65500M55T10;PANEL,BACK;648.32800000000000000000;SUZUKI;NEW CELERIO POP 6AB;;0
65500M56R00;PANEL, BACK;462.13000000000000000000;SUZUKI;NEW CELERIO POP 6AB;;0
65500M56R10;PANEL COMP, BACK;514.63000000000000000000;SUZUKI;NEW CELERIO POP 6AB;;0
65500M68P00;PANEL,BACK;644.06800000000000000000;SUZUKI;NEW CELERIO POP 6AB;;0
65500M72R00;PANEL, BACK;823.95100000000000000000;SUZUKI;NEW CELERIO POP 6AB;;0
65500M74L00;PANEL, BACK;389.63900000000000000000;SUZUKI;NEW CELERIO POP 6AB;;0
65500M74T00;PANEL COMP,BACK;1359.57400000000000000000;SUZUKI;NEW CELERIO POP 6AB;;0
65500M75L10;PANEL, BACK;263.31900000000000000000;SUZUKI;NEW CELERIO POP 6AB;;0
65500M75T00;PANEL COMP,BACK;570.54900000000000000000;SUZUKI;;;0
65500M76T00;PANEL COMP,BACK;1382.16200000000000000000;SUZUKI;NEW CELERIO POP 6AB;;0
65500M79M00;PANEL COMP,BACK;1208.52900000000000000000;SUZUKI;NEW CELERIO POP 6AB;;0
65561M68P00;"ABSORBER RR BUMPER ";55.16100000000000000000;SUZUKI;NEW BALENO 6AB;;0
65561M74L00;ABSORBER,REAR BUMPER;45.57900000000000000000;SUZUKI;NEW CIAZ;;0
65700M56R10;PANEL ASSY, TRUNK LID;810.63300000000000000000;SUZUKI;NEW CELERIO POP 6AB;;0
65700M79M00;PANEL ASSY, TRUNK LID;937.14815250000000000000;SUZUKI;NEW CELERIO POP 6AB;;0
65700M82R00;PANEL ASSY,  TRUNK LID;1052.15800000000000000000;SUZUKI;NEW CELERIO POP 6AB;;0
65700M82R10;PANEL ASSY, TRUNK LID;1159.05900000000000000000;SUZUKI;NEW CELERIO POP 6AB;;0
65810M79M10;HINGE, TRUNK LID;101.90400000000000000000;SUZUKI;NEW CIAZ;;0
65831M79M00;BAR, HINGE TORSION RH;78.51300000000000000000;SUZUKI;NEW CIAZ;;0
65832M79M00;BAR, HINGE TORSION LH;78.51300000000000000000;SUZUKI;NEW CIAZ;;0
68001-54P01-COR;PANEL ASSY, FR DR RH;1400.35250000000000000000;SUZUKI;NEW CIAZ;;0
68001-77R00-000;"PANEL ASSY,FRONT DOOR,R ";2685.31800000000000000000;SUZUKI;NEW CIAZ;;0
68001M55R00;PANEL ASSY, FRONT DOOR RH;1377.92103750000000000000;SUZUKI;NEW CELERIO POP 6AB;;0
68001M55R01;PANEL ASSY, FRONT DOOR RH;1377.92025000000000000000;SUZUKI;NEW CELERIO POP 6AB;;0
68001M55R02;PANEL ASSY, FRONT DOOR, R;1446.81600000000000000000;SUZUKI;NEW CELERIO POP 6AB;;0
68001M55T00;PANEL ASSY,FRONT DOOR,RH;1529.37200000000000000000;SUZUKI;NEW CELERIO POP 6AB;;0
68001M56R00;PANEL ASSY, FRONT DOOR, R;1331.44239375000000000000;SUZUKI;NEW CELERIO POP 6AB;;0
68001M56R01;PANEL ASSY, FRONT DOOR, R;1398.01400000000000000000;SUZUKI;NEW CELERIO POP 6AB;;0
68001M62S10;PANEL ASSY FRONT DOOR RH;1279.86992437500000000000;SUZUKI;NEW CELERIO POP 6AB;;0
68001M62S11;PANEL ASSYFRONT DOORR;1343.86400000000000000000;SUZUKI;NEW CIAZ;;0
68001M68P01;PANEL ASSY,FRONT DOOR,R;1558.59100000000000000000;SUZUKI;NEW CELERIO POP 6AB;;0
68001M68P04;PANEL ASSY FRONT DOOR RH;1558.59100000000000000000;SUZUKI;NEW CELERIO POP 6AB;;0
68001M72R00;PANEL ASSY, FRONT DOOR RH;1196.75200000000000000000;SUZUKI;NEW CELERIO POP 6AB;;0
68001M72R01;"PANEL ASSY FRONT DOORR         ";1301.75200000000000000000;SUZUKI;NEW CELERIO POP 6AB;;0
68001M74L20;PANEL ASSY,FR DOOR,R;1372.11600000000000000000;SUZUKI;NEW CELERIO POP 6AB;;0
68001M74L21;PANEL ASSYFR DOORR;1372.11600000000000000000;SUZUKI;NEW CELERIO POP 6AB;;0
68001M74T00;PANEL ASSY,FRONT DOOR,R;2137.59800000000000000000;SUZUKI;NEW CELERIO POP 6AB;;0
68001M76M10;PANEL ASSY,FRONT DOOR,R;1284.41735100000000000000;SUZUKI;NEW CELERIO POP 6AB;;0
68001M76M11;PANEL ASSY,FRONT DOOR,R;1348.63900000000000000000;SUZUKI;NEW CIAZ;;0
68001M79M00;PANEL ASSY,FRONT DOOR,R;1434.90500000000000000000;SUZUKI;NEW CELERIO POP 6AB;;0
68001M81R00;PANEL ASSY,FRONT DOOR,R;1296.22300000000000000000;SUZUKI;NEW BALENO 6AB;;0
68001M81R20;PANEL ASSY, FRONT DOOR, R;1361.03400000000000000000;SUZUKI;NEW CELERIO POP 6AB;;0
68002-54P01-000;PANEL ASSY, FR DR LH;1891.99000000000000000000;SUZUKI;NEW BALENO 6AB;;0
68002-77R00-000;"PANEL ASSY,FRONT DOOR,L ";2377.31600000000000000000;SUZUKI;NEW CIAZ;;0
68002M55R00;PANEL ASSY, FRONT DOOR LH;1377.92130000000000000000;SUZUKI;NEW BALENO 6AB;;0
68002M55R01;PANEL ASSY, FRONT DOOR LH;1377.92130000000000000000;SUZUKI;NEW BALENO 6AB;;0
68002M55R02;PANEL ASSY,FRONT DOOR,L;1446.81700000000000000000;SUZUKI;NEW CELERIO POP 6AB;;0
68002M55T00;PANEL ASSY,FRONT DOOR,LH;1529.37200000000000000000;SUZUKI;NEW CELERIO POP 6AB;;0
68002M56R00;PANEL ASSY, FRONT DOOR, L;1331.44239375000000000000;SUZUKI;NEW CELERIO POP 6AB;;0
68002M56R01;PANEL ASSY, FRONT DOOR, L;1398.01400000000000000000;SUZUKI;NEW CELERIO POP 6AB;;0
68002M62S00;PANEL ASSY FRONT DOOR LH;1279.90101487500000000000;SUZUKI;NEW CELERIO POP 6AB;;0
68002M62S01;"PANEL ASSY FRONT DOOR L         ";1343.89600000000000000000;SUZUKI;NEW CELERIO POP 6AB;;0
68002M68P01;PANEL ASSY,FRONT DOOR,L;1558.59100000000000000000;SUZUKI;NEW CELERIO POP 6AB;;0
68002M68P04;PANEL ASSY FRONT DOOR LH;1558.59100000000000000000;SUZUKI;NEW CELERIO POP 6AB;;0
68002M72R00;PANEL ASSY, FRONT DOOR LH;1213.76402437500000000000;SUZUKI;NEW CELERIO POP 6AB;;0
68002M72R01;PANEL ASSY, FRONT DOOR LH;1379.45200000000000000000;SUZUKI;NEW CELERIO POP 6AB;;0
68002M74L20;PANEL ASSY,FR DOOR,L;1372.11600000000000000000;SUZUKI;NEW CELERIO POP 6AB;;0
68002M74L20-000;PANEL ASSY FR DOOR L;0.00000000000000000000;SUZUKI;NEW CIAZ;;0
68002M74T00;PANEL ASSY,FRONT DOOR,L;2137.59800000000000000000;SUZUKI;NEW CELERIO POP 6AB;;0
68002M76M10;PANEL ASSY,FRONT DOOR,L;1284.41735100000000000000;SUZUKI;NEW CELERIO POP 6AB;;0
68002M76M11;PANEL ASSY,FRONT DOOR,L;1348.63800000000000000000;SUZUKI;NEW CIAZ;;0
68002M79M00;PANEL ASSY,FRONT DOOR,L;1434.90500000000000000000;SUZUKI;NEW CELERIO POP 6AB;;0
68002M81R00;PANELASSY,FRONTDOOR,L;1361.03400000000000000000;SUZUKI;NEW BALENO 6AB;;0
68002M81R20;PANEL ASSY,FRONT DOOR,L;1361.03400000000000000000;SUZUKI;NEW CELERIO POP 6AB;;0
68003-54P01-000;PANEL ASSY, RR DR RH;1836.53200000000000000000;SUZUKI;NEW CIAZ;;0
68003-54P01-COR;PANEL ASSY, RR DR RH;1117.62520000000000000000;SUZUKI;NEW CIAZ;;0
68003M55R00;PANEL ASSY, REAR DOOR, R;1639.57000000000000000000;SUZUKI;NEW CELERIO POP 6AB;;0
68003M55R01;PANEL ASSY,REAR DOOR,R;1639.56800000000000000000;SUZUKI;NEW CELERIO POP 6AB;;0
68003M55R02;PANEL ASSY,REAR DOOR,R;1721.54900000000000000000;SUZUKI;NEW CELERIO POP 6AB;;0
68003M55T00;PANEL ASSY,REAR DOOR,RH;1558.59100000000000000000;SUZUKI;NEW CELERIO POP 6AB;;0
68003M56R00;PANEL ASSY, REAR DOOR, R;1459.42941375000000000000;SUZUKI;NEW CELERIO POP 6AB;;0
68003M56R01;PANEL ASSY, REAR DOOR, R;1532.40000000000000000000;SUZUKI;NEW CELERIO POP 6AB;;0
68003M62S00;PANEL ASSY REAR DOOR RH;1180.76000000000000000000;SUZUKI;NEW CELERIO POP 6AB;;0
68003M62S01;PANEL ASSY REAR DOOR RH;1180.76000000000000000000;SUZUKI;NEW CELERIO POP 6AB;;0
68003M68P00;PANEL ASSY, REAR DOOR RH;1565.57400000000000000000;SUZUKI;NEW CELERIO POP 6AB;;0
68003M72R00;PANEL ASSY, REAR DOOR RH;1486.47153375000000000000;SUZUKI;NEW CELERIO POP 6AB;;0
68003M72R01;PANEL ASSY, REAR DOOR RH;1665.79600000000000000000;SUZUKI;NEW CELERIO POP 6AB;;0
68003M74L20;PANEL ASSY,RR DOOR,R;1565.50800000000000000000;SUZUKI;NEW CELERIO POP 6AB;;0
68003M74T00;PANEL ASSY,REAR DOOR,R;1838.31500000000000000000;SUZUKI;NEW CELERIO POP 6AB;;0
68003M76M10;PANEL ASSY,REAR DOOR,R;1213.81514000000000000000;SUZUKI;NEW BALENO 6AB;;0
68003M76M11;PANEL ASSYREAR DOORR;1379.50600000000000000000;SUZUKI;NEW CIAZ;;0
68003M79M00;PANEL ASSY,REAR DOOR,R;1520.21200000000000000000;SUZUKI;NEW CELERIO POP 6AB;;0
68003M81R00;PANEL ASSY,REAR DOOR,R;1423.60600000000000000000;SUZUKI;NEW CELERIO POP 6AB;;0
68004-54P01-000;PANEL ASSY, RR DR LH;1836.53200000000000000000;SUZUKI;NEW CIAZ;;0
68004-62R00-000;PANEL ASSY,RR DR,L;2115.89700000000000000000;SUZUKI;NEW CELERIO POP 6AB;;0
68004M55R00;PANEL ASSY, REAR DOOR, L;1433.61669150000000000000;SUZUKI;NEW CELERIO POP 6AB;;0
68004M55R01;PANEL ASSY, REAR DOOR, L;1433.61645000000000000000;SUZUKI;NEW CELERIO POP 6AB;;0
68004M55R02;PANEL ASSY,REAR DOOR,L;1505.29700000000000000000;SUZUKI;NEW CELERIO POP 6AB;;0
68004M55T00;PNL ASSY,REAR DOOR,LH;1738.22700000000000000000;SUZUKI;NEW CELERIO POP 6AB;;0
68004M56R00;PANEL ASSY, REAR DOOR, L;1459.16547525000000000000;SUZUKI;NEW CELERIO POP 6AB;;0
68004M56R01;PANEL ASSY, REAR DOOR, L;1532.12400000000000000000;SUZUKI;NEW CELERIO POP 6AB;;0
68004M62S00;PANEL ASSY REAR DOOR LH;1124.53307662500000000000;SUZUKI;NEW CELERIO POP 6AB;;0
68004M62S01;PANEL ASSY REAR DOOR LH;1180.76000000000000000000;SUZUKI;NEW CELERIO POP 6AB;;0
68004M68P00;PANEL ASSY, REAR DOOR LH;1565.57400000000000000000;SUZUKI;NEW CELERIO POP 6AB;;0
68004M72R00;PANEL ASSY, REAR DOOR LH;1422.60420487500000000000;SUZUKI;NEW CELERIO POP 6AB;;0
68004M72R01;"PANEL ASSY REAR DOOR L          ";1598.73400000000000000000;SUZUKI;NEW CELERIO POP 6AB;;0
68004M74L20;PANEL ASSY,RR DOOR,L;1566.07300000000000000000;SUZUKI;NEW CELERIO POP 6AB;;0
68004M74T00;PANEL ASSY,REAR DOOR,L;1733.31100000000000000000;SUZUKI;NEW CELERIO POP 6AB;;0
68004M76M10;PANEL;1712.80000000000000000000;SUZUKI;NEW CELERIO POP 6AB;;0
68004M76M11;PANEL;1838.31500000000000000000;SUZUKI;NEW CELERIO POP 6AB;;0
68004M79M00;PANEL ASSY,REAR DOOR,L;1520.21200000000000000000;SUZUKI;NEW CELERIO POP 6AB;;0
68004M81R00;PANEL ASSY,REAR DOOR,L;1423.60600000000000000000;SUZUKI;NEW CELERIO POP 6AB;;0
69100-54P01-000;PANEL ASSY, BK DR;1164.72702937500000000000;SUZUKI;NEW CELERIO POP 6AB;;0
69100-54P01-COR;PANEL ASSY, BK DR;1282.86018000000000000000;SUZUKI;NEW CIAZ;;0
69100-77R01-000;PANEL ASSY,BACK DOOR;2693.93200000000000000000;SUZUKI;NEW CIAZ;;0
69100-77R04-000;PANEL ASSY,BACK DOOR;2693.93200000000000000000;SUZUKI;NEW CIAZ;;0
69100-86R00-000;PANEL, BACK DOOR APK###;2201.15200000000000000000;SUZUKI;NEW CELERIO POP 6AB;;0
69100M55R00;PANEL BACK  DOOR;950.91300000000000000000;SUZUKI;NEW CELERIO POP 6AB;;0
69100M55T00;PNL ASSY,BACK DOOR;1370.89500000000000000000;SUZUKI;NEW CIAZ;;0
69100M55T10;PANEL ASSY,BACK DOOR;1419.63200000000000000000;SUZUKI;;;0
69100M62S10;PANEL ASSY BACK DOOR;881.24200000000000000000;SUZUKI;NEW CELERIO POP 6AB;;0
69100M68P10;PANEL ASSY, BACK DOOR;1004.81900000000000000000;SUZUKI;NEW CELERIO POP 6AB;;0
69100M68P20;PANEL ASSY, BACK DOOR;969.96935700000000000000;SUZUKI;NEW CELERIO POP 6AB;;0
69100M68P21;PANEL ASSY BACK DOOR;1018.46700000000000000000;SUZUKI;NEW CELERIO POP 6AB;;0
69100M68P60;BACK DOOR PANEL;1004.81900000000000000000;SUZUKI;NEW CELERIO POP 6AB;;0
69100M72R20;PANEL ASSY, BACK DOOR;1382.24600000000000000000;SUZUKI;NEW CELERIO POP 6AB;;0
69100M72R60;PANEL ASSY,BACK DOOR;1766.35800000000000000000;SUZUKI;NEW CELERIO POP 6AB;;0
69100M74L30;PANEL ASSY,BACK DOOR;935.34400000000000000000;SUZUKI;NEW CELERIO POP 6AB;;0
69100M74L30-000;PANEL ASSYBACK DOOR;0.00000000000000000000;SUZUKI;NEW CIAZ;;0
69100M74T00;PANEL ASSY,BACK DOOR;2465.85800000000000000000;SUZUKI;NEW CELERIO POP 6AB;;0
69100M76M00;PANEL,ASSY BACK DOOR;996.04800000000000000000;SUZUKI;NEW CELERIO POP 6AB;;0
69100M76M50;PANEL,ASSY BACK DOOR;1224.69700000000000000000;SUZUKI;NEW CELERIO POP 6AB;;0
69100M81R10;PANEL ASSY,BACK DOOR;1045.92600000000000000000;SUZUKI;NEW CIAZ;;0
69310-77R00-000;"HINGE, FRONT DOOR NO.1 ";102.22900000000000000000;SUZUKI;NEW CIAZ;;0
69310M74L00;HINGEFRONT DOOR UPPERR;42.30700000000000000000;SUZUKI;NEW CIAZ;;0
69320-77R00-000;"HINGE, FRONT DOOR NO.2 ";102.22700000000000000000;SUZUKI;NEW CIAZ;;0
69320M74L00;HINGEFRONT DOOR UPPERR;42.30700000000000000000;SUZUKI;NEW CIAZ;;0
69320M82S00;HINGE COMPFRONT DOOR UPPERL;62.80800000000000000000;SUZUKI;NEW CIAZ;;0
69330M74L00;HINGEFRONT DOOR LOWER;40.78300000000000000000;SUZUKI;NEW CELERIO POP 6AB;;0
69340M82S00;HINGE COMPFRONT DOOR LOWERL;69.56600000000000000000;SUZUKI;NEW CIAZ;;0
69410M66R00;HINGE, REAR DOOR UPPER RH;60.62900000000000000000;SUZUKI;NEW CIAZ;;0
69420M74L00;HINGE, REAR DOOR UPPER;49.82300000000000000000;SUZUKI;NEW CIAZ;;0
69430M74L00;HINGEREAR DOOR LOWER R;47.42600000000000000000;SUZUKI;NEW CIAZ;;0
69510-77R00-000;HINGE,BACK DR UPPER;412.67000000000000000000;SUZUKI;NEW CIAZ;;0
69510M72R00;HINGE, BACK DOOR;37.08300000000000000000;SUZUKI;NEW CIAZ;;0
69520-77R00-000;HINGE,BACK DR LOWER;412.67000000000000000000;SUZUKI;NEW CIAZ;;0
71079M74T00;SET, SEAL BUMPER FRONT;87.50700000000000000000;SUZUKI;NEW CELERIO POP 6AB;;0
71089M62S10;BUMPER REAR, WITH PARK SENSOR;340.00000000000000000000;SUZUKI;NEW CELERIO POP 6AB;;0
71110M76M00;CROSSMEMBER COMP,FRONT LO;244.45900000000000000000;SUZUKI;NEW CIAZ;;0
71420-78R10-000;STAY COMP,RADIATOR,R;83.60700000000000000000;SUZUKI;NEW CELERIO POP 6AB;;0
71421M76M00;COVER,SPLASH,R;34.24000000000000000000;SUZUKI;NEW CIAZ;;0
71430-78R11-000;STAY COMP,RADIATOR,L;83.60700000000000000000;SUZUKI;NEW CELERIO POP 6AB;;0
71431M76M00;COVER,SPLASH,L;41.42100000000000000000;SUZUKI;NEW CIAZ;;0
71711-54P00-N49;BUMPER, FR (BLACK/PRIMARY);2008.44811912500000000000;SUZUKI;NEW CELERIO POP 6AB;;0
71711-54P10-N49;BUMPER, FR (BLACK/PRIMARY);2108.87000000000000000000;SUZUKI;NEW BALENO 6AB;;0
71711-61M00-799;PARE CHOC AV SUP;1112.28000000000000000000;SUZUKI;NEW CELERIO POP 6AB;;0
71711-64R00-799;BUMPER, FRONT AKK414;1905.56500000000000000000;SUZUKI;NEW CELERIO POP 6AB;;0
71711-78R00-5PK;BUMPER,FRONT (BLACK;1827.71100000000000000000;SUZUKI;NEW CELERIO POP 6AB;;0
71711-80J20-799;BUMPER FR;1785.92900000000000000000;SUZUKI;NEW CELERIO POP 6AB;;0
71711-86R10-N49;BUMPER FRONT UPPER (BLACK /PRIMARY);2162.35400000000000000000;SUZUKI;NEW CELERIO POP 6AB;;0
71711M50S00-799;BUMPER, FRONT (PRIMARY;1189.54800000000000000000;SUZUKI;NEW CELERIO POP 6AB;;0
71711M54T00-799;BUMPER, FR (PRIMARY;1268.31616000000000000000;SUZUKI;NEW BALENO 6AB;;0
71711M54T01-799;BUMPER FRONT;1331.73200000000000000000;SUZUKI;NEW CELERIO POP 6AB;;0
71711M55R00-799;BUMPER, FR (PRIMARY);906.82100000000000000000;SUZUKI;NEW CELERIO POP 6AB;;0
71711M55T00-799;BUMPER,FRONT;1111.49900000000000000000;SUZUKI;NEW CELERIO POP 6AB;;0
71711M56R00-799;BUMPER FR;952.95700000000000000000;SUZUKI;NEW CELERIO POP 6AB;;0
71711M62S00-5PK;BUMPER FRONT LOWER (BLACK);832.63500000000000000000;SUZUKI;NEW CELERIO POP 6AB;;0
71711M62S00-799;BUMPER FRONT LOWER (BLACK);832.63500000000000000000;SUZUKI;NEW CELERIO POP 6AB;;0
71711M68P00-799;BUMPER,FRONT;903.24385200000000000000;SUZUKI;NEW CELERIO POP 6AB;;0
71711M68P01-799;BUMPER,FRONT;948.40600000000000000000;SUZUKI;NEW CELERIO POP 6AB;;0
71711M72R00-799;BUMPER, FRONT(PRIMARY);1479.15200000000000000000;SUZUKI;NEW CELERIO POP 6AB;;0
71711M73T11-5PK;BUMPER,FRONT;705.39400000000000000000;SUZUKI;NEW CELERIO POP 6AB;;0
71711M74T00-799;BUMPER,FRONT;1466.27300000000000000000;SUZUKI;NEW CELERIO POP 6AB;;0
71711M75T00-799;BUMPER,FRONT;869.73700000000000000000;SUZUKI;NEW BALENO 6AB;;0
71711M76M00-5PK;FR BUMPER W/O FOG LAMP;736.09816000000000000000;SUZUKI;NEW CELERIO POP 6AB;;0
71711M76M00-799;BUMPER FR;772.90300000000000000000;SUZUKI;NEW CELERIO POP 6AB;;0
71711M76M00-COR;P-C AV A/AB;868.21875000000000000000;SUZUKI;NEW CELERIO POP 6AB;;0
71711M76MA0-5PK;FRONT BUMPER;736.09816000000000000000;SUZUKI;NEW CELERIO POP 6AB;;0
71711M76MA0-799;BUMPER FR;772.90300000000000000000;SUZUKI;NEW CELERIO POP 6AB;;0
71711M76T00-5PK;BUMPER,FRONT;697.70900000000000000000;SUZUKI;NEW CELERIO POP 6AB;;0
71711M79M00-799;BUMPER FRONT (PRIMARY);881.11700000000000000000;SUZUKI;NEW CELERIO POP 6AB;;0
71711M81R00-799;BUMPER, FRONT;913.71500000000000000000;SUZUKI;NEW CELERIO POP 6AB;;0
71711M82R00-799;BUMPER FRONT;1143.11000000000000000000;SUZUKI;NEW CELERIO POP 6AB;;0
71711M82R02-799;BUMPER FRONT;1200.26600000000000000000;SUZUKI;NEW CELERIO POP 6AB;;0
71711M83P00-5PK;BUMPER FRONT (BLACK);875.86600000000000000000;SUZUKI;NEW CELERIO POP 6AB;;0
71711M83P00-799;BUMPER FRONT (PRIMARY);875.86600000000000000000;SUZUKI;NEW CELERIO POP 6AB;;0
71711M83P00-COR;BUMPER FRONT (PRIMARY);834.15795000000000000000;SUZUKI;NEW CIAZ;;0
71712M79M00;CAP FRONT BUMPER;34.69100000000000000000;SUZUKI;NEW BALENO 6AB;;0
71712M79M00-5PK;CAP,FRONT BUMPER;34.69100000000000000000;SUZUKI;NEW BALENO 6AB;;0
71713-78R00-5PK;"GARNISH,FR BUMPER LICENSE ";133.81900000000000000000;SUZUKI;NEW CELERIO POP 6AB;;0
71720M76M00-5PK;GRILLE COMPRADIATOR LOWER;101.35300000000000000000;SUZUKI;NEW CIAZ;;0
71721-61M00-5PK;GRILLE,RADIATOR LOWER;684.29600000000000000000;SUZUKI;NEW CELERIO POP 6AB;;0
71721-64R10-5PK;BUMPER, FRONT LOWER AKK414;2012.63000000000000000000;SUZUKI;NEW CELERIO POP 6AB;;0
71721-78R00-5PK;NET,FRONT BUMPER (BLACK;156.48100000000000000000;SUZUKI;NEW CELERIO POP 6AB;;0
71721-86R10-5PK;BUMPER FRONT LOWER (BLACK);808.38200000000000000000;SUZUKI;NEW CELERIO POP 6AB;;0
71721M50S00-5PK;GRILLE, RADIATOR LOWER (BLACK;116.28500000000000000000;SUZUKI;NEW CELERIO POP 6AB;;0
71721M52R00-5PK;GRILLE;118.20700000000000000000;SUZUKI;NEW CELERIO POP 6AB;;0
71721M55T00;GRILLE,RADIATOR LOWER;197.25400000000000000000;SUZUKI;NEW CELERIO POP 6AB;;0
71721M55T00-5PK;GRILLE,RADIATOR LOWER;141.76800000000000000000;SUZUKI;NEW CELERIO POP 6AB;;0
71721M56R00-5PK;GRILLE, RADIATOR LOWER;95.34200000000000000000;SUZUKI;NEW CELERIO POP 6AB;;0
71721M62S00;BUMPER,FRONT UPPER;680.00000000000000000000;SUZUKI;NEW CELERIO POP 6AB;;0
71721M62S00-799;BUMBER FRONT UPPER (PRIMARY);585.49900000000000000000;SUZUKI;NEW CELERIO POP 6AB;;0
71721M68P00-5PK;GRILLE, RADIATOR LOWER (BLACK);86.61200000000000000000;SUZUKI;NEW CELERIO POP 6AB;;0
71721M73R00-5PK;GRILLE, RADIATOR LOWER(BLACK);56.63500000000000000000;SUZUKI;NEW CELERIO POP 6AB;;0
71721M74T00-5PK;BUMPER,FRONT LOWER;314.70600000000000000000;SUZUKI;NEW CELERIO POP 6AB;;0
71721M75T00-5PK;GRILLE,RADIATOR LOWER;264.47800000000000000000;SUZUKI;NEW BALENO 6AB;;0
71721M79M00-5PK;GRILLERADIATOR LOWER (BLACK);93.36200000000000000000;SUZUKI;NEW CELERIO POP 6AB;;0
71721M81R10;GRILLE,RADIATOR LOWER;175.14700000000000000000;SUZUKI;NEW BALENO 6AB;;0
71721M81R10-5PK;GRILLE,RADIATOR LOWER;212.64300000000000000000;SUZUKI;NEW CELERIO POP 6AB;;0
71721M82R00-5PK;GRILLE RADIATOR LOWER (BLACK);247.28400000000000000000;SUZUKI;NEW CELERIO POP 6AB;;0
71721M83P00-5PK;GRILLE RADIATOR LOWER (BLACK);91.87400000000000000000;SUZUKI;NEW CELERIO POP 6AB;;0
71722M76T00-5PK;BUMPER,FRONT LOWER,L;96.65700000000000000000;SUZUKI;NEW CELERIO POP 6AB;;0
71722M81R00-5PK;CAP,TOWING HOOK;29.27400000000000000000;SUZUKI;NEW CIAZ;;0
71731-54P00-000;HOLDER, FR BUMPER SIDE RH;74.72600000000000000000;SUZUKI;NEW CELERIO POP 6AB;;0
71731-71L00-000;HOLDER,FR BUMPER SIDE,R;39.80400000000000000000;SUZUKI;NEW CELERIO POP 6AB;;0
71731M50S00;HOLDER, FR BUMPER SIDE RH;46.80300000000000000000;SUZUKI;NEW CELERIO POP 6AB;;0
71731M55R00;SUPPORT;55.33000000000000000000;SUZUKI;NEW CELERIO POP 6AB;;0
71731M55T00;HOLDER,FR BUMPR SIDE,RH;51.78600000000000000000;SUZUKI;NEW CELERIO POP 6AB;;0
71731M62S00;HOLDER, FR BUMPER SIDE RH;40.41500000000000000000;SUZUKI;NEW CELERIO POP 6AB;;0
71731M68P00;HOLDER,FR BUMPER SIDE,R;48.58100000000000000000;SUZUKI;NEW CELERIO POP 6AB;;0
71731M73R00;HOLDER, FR BUMPER SIDE RH;42.15300000000000000000;SUZUKI;NEW CELERIO POP 6AB;;0
71731M74L00;HOLDER, FR BUMPER SIDE RH;47.28700000000000000000;SUZUKI;NEW CELERIO POP 6AB;;0
71731M74T00;HOLDER,FR BUMPER SIDE,R;45.14000000000000000000;SUZUKI;NEW CELERIO POP 6AB;;0
71731M76M00;HOLDER,FR BUMPER SIDE,R;39.61200000000000000000;SUZUKI;NEW CELERIO POP 6AB;;0
71731M76M00-000;HOLDERFR BUMPER SIDER;0.00000000000000000000;SUZUKI;NEW CIAZ;;0
71731M76M00-COR;HOLDERFR BUMPER SIDER;36.63387000000000000000;SUZUKI;NEW CIAZ;;0
71731M79M10;HOLDER,FR BUMPER SIDE,R;48.89700000000000000000;SUZUKI;NEW CELERIO POP 6AB;;0
71731M81R00;HOLDER,FR BUMPER SIDE,R;50.10600000000000000000;SUZUKI;NEW CELERIO POP 6AB;;0
71731M84M00-COR;GLISSIERE P-C AVD CELERIO;42.80400000000000000000;SUZUKI;NEW CELERIO POP 6AB;;0
71732-61M00-000;HOLDER,FR BUMPER SIDE,L,AKK416;72.15100000000000000000;SUZUKI;NEW CELERIO POP 6AB;;0
71732-62R00-000Á;HOLDER,FR BUMPER SIDE,L;41.07700000000000000000;SUZUKI;NEW CELERIO POP 6AB;;0
71732-71L00-000;HOLDER,FR BUMPER SIDE,L;39.80400000000000000000;SUZUKI;NEW CELERIO POP 6AB;;0
71732M55T00;HOLDER,FR BUMPR SIDE,LH;51.78600000000000000000;SUZUKI;NEW CELERIO POP 6AB;;0
71732M73R00;HOLDER, FR BUMPER SIDE LH;42.15300000000000000000;SUZUKI;NEW CELERIO POP 6AB;;0
71732M74L00;HOLDER, FR BUMPER SIDE LH;47.28700000000000000000;SUZUKI;NEW CIAZ;;0
71732M74T00;HOLDER,FR BUMPER SIDE,L;45.06100000000000000000;SUZUKI;NEW CELERIO POP 6AB;;0
71732M76M00-000;HOLDERFR BUMPER SIDEL;0.00000000000000000000;SUZUKI;NEW CIAZ;;0
71732M79M10-000;HOLDERFR BUMPER SIDEL;36.63387000000000000000;SUZUKI;NEW CIAZ;;0
71732M81R00;HOLDER,FR BUMPER SIDE,L;49.69100000000000000000;SUZUKI;NEW CELERIO POP 6AB;;0
71733-54P00-000;HOLDER,FR BU;89.36000000000000000000;SUZUKI;NEW CELERIO POP 6AB;;0
71733M74L00;HOLDER, FR BUMPER FR RH;46.67100000000000000000;SUZUKI;NEW CELERIO POP 6AB;;0
71734-54P00-000;HOLDER,FR BU;89.35900000000000000000;SUZUKI;NEW CELERIO POP 6AB;;0
71734M68L00;HOLDER, FR BUMPER FR LH;46.67100000000000000000;SUZUKI;NEW CELERIO POP 6AB;;0
71740-64R01-C48;GRILLE, RADIATOR AKK416/T2;4440.50800000000000000000;SUZUKI;NEW CELERIO POP 6AB;;0
71740M50S10-C48;GRILLE, RADIATOR UPPER;268.71500000000000000000;SUZUKI;NEW CIAZ;;0
71740M50UB0-DB8;GRILLE,RADIATOR UPPER;1131.94100000000000000000;SUZUKI;NEW CIAZ;;0
71740M54T10-C48;GRILLE, RADIATOR (BLACK/CHROME;701.56900000000000000000;SUZUKI;NEW CIAZ;;0
71740M55R00;GRILLE COMP,RADIATOR UPPER;328.37800000000000000000;SUZUKI;NEW BALENO 6AB;;0
71740M55R00-C48;GRILLE;344.79700000000000000000;SUZUKI;NEW CIAZ;;0
71740M55T10-C48;GRILLE COMP,RADIATOR UPPER;559.33500000000000000000;SUZUKI;NEW CELERIO POP 6AB;;0
71740M56R00-C48;GRILLE COMP, RADIATOR UPPER;155.89100000000000000000;SUZUKI;NEW CIAZ;;0
71740M68P10-C48;GRILLE, RADIATOR UPPER (BLACK);253.90600000000000000000;SUZUKI;NEW CIAZ;;0
71740M68T00;GRILLE COMP,RADIATOR UPPER;549.00000000000000000000;SUZUKI;NEW CELERIO POP 6AB;;0
71740M68T00-C48;GRILLE, RADIATOR UPPER (BLACK);522.70900000000000000000;SUZUKI;NEW CIAZ;;0
71740M74T00-C48;GRILLE COMP,RADIATOR UPPER;900.63800000000000000000;SUZUKI;NEW CELERIO POP 6AB;;0
71740M74T20-KDJ;GRILLE COMP,RADIATOR UPPER;1203.09000000000000000000;SUZUKI;NEW CELERIO POP 6AB;;0
71740M76MA0;NET, FRONT BUMPER;609.11000000000000000000;SUZUKI;NEW BALENO 6AB;;0
71740M76T10-KDJ;GRILLE COMP,RADIATOR;1460.00200000000000000000;SUZUKI;NEW CELERIO POP 6AB;;0
71740M81R00-C48;GRILLECOMP,RADIATORUPPER;206.97300000000000000000;SUZUKI;NEW CELERIO POP 6AB;;0
71741-61M00-5PK;CALANDRE;389.18250000000000000000;SUZUKI;NEW CELERIO POP 6AB;;0
71741-78R00-000;SKIRT,FR AIR DAM;120.60100000000000000000;SUZUKI;NEW CIAZ;;0
71741M76M00-5PK;GRILLERADIATOR UPPER;163.07600000000000000000;SUZUKI;NEW CIAZ;;0
71741M76M10-5PK;GRILLERADIATOR UPPER;139.25800000000000000000;SUZUKI;NEW CIAZ;;0
71741M79M00-5PK;GRILLERADIATOR UPPER;110.47500000000000000000;SUZUKI;NEW CIAZ;;0
71741M83P00-5PK;GRILLE RADIATOR UPPER (BLACK);139.27500000000000000000;SUZUKI;NEW CIAZ;;0
71742M76M10-0PG;GARNISHRADIATOR GRILLE UPRR;26.97600000000000000000;SUZUKI;NEW CIAZ;;0
71742M76MA0-0PG;.GARNISH, FR BUMPER NET;129.71000000000000000000;SUZUKI;NEW CIAZ;;0
71742M79M00-0PG;GARNISHRADIATOR GRL UPR NO 1;110.90000000000000000000;SUZUKI;NEW CIAZ;;0
71742M82R00-0PG;GARNISH,RADIATOR GRL UPR NO.1;52.70200000000000000000;SUZUKI;NEW CIAZ;;0
71743M76M10-0PG;GARNISHRADIATOR GRILLE UPRL;40.62500000000000000000;SUZUKI;NEW CIAZ;;0
71743M79M00-0PG;GARNISHRADIATOR GRL UPR NO 2;90.61200000000000000000;SUZUKI;NEW CIAZ;;0
71744M76M10-0PG;GARNISHRADIATOR GRILLE LWRR;26.97600000000000000000;SUZUKI;NEW CIAZ;;0
71744M79M00-0PG;GARNISHRADIATOR GRL UPR NO 3;82.21800000000000000000;SUZUKI;NEW CIAZ;;0
71745M76M10-0PG;GARNISHRADIATOR GRILLE LWRL;26.97600000000000000000;SUZUKI;NEW CIAZ;;0
71745M79M00-0PG;GARNISHRADIATOR GRL UPR NO 4;82.21800000000000000000;SUZUKI;NEW CIAZ;;0
71746M76M00-5PK;COVERRADIATOR UPPER GRILLE;18.66000000000000000000;SUZUKI;NEW CELERIO POP 6AB;;0
71746M79M00-5PK;COVERMARK(S);26.73600000000000000000;SUZUKI;NEW CIAZ;;0
71750M55T30-C48;BEZEL COMP,FRONT FOG LAMP,R;172.49400000000000000000;SUZUKI;NEW CELERIO POP 6AB;;0
71750M82R00-N1V;BEZEL,FRONT FOG LAMP,R;165.66100000000000000000;SUZUKI;NEW CELERIO POP 6AB;;0
71750M82R10-C48;BEZEL,FRONT FOG LAMP,R;220.30700000000000000000;SUZUKI;NEW CELERIO POP 6AB;;0
71751-64R00-5PK;GARNISH, FOG LAMP AKK414;45.98700000000000000000;SUZUKI;NEW CELERIO POP 6AB;;0
71751-64R10-0PG;GARNISH, FOG LAMP AKK414;358.67200000000000000000;SUZUKI;NEW CELERIO POP 6AB;;0
71751-86R00-0PG;GARNISH DRL RH(CHROME);591.53300000000000000000;SUZUKI;NEW CELERIO POP 6AB;;0
71751M50S10-5PK;KBEZEL, FRONT FOG LAMP RH;63.11400000000000000000;SUZUKI;NEW CELERIO POP 6AB;;0
71751M52R00-5PK;BEZEL, FRONT FOG LAMP RH;86.10400000000000000000;SUZUKI;NEW CELERIO POP 6AB;;0
71751M52R10-5PK;BEZEL, FRONT FOG LAMP RH1;102.63900000000000000000;SUZUKI;NEW CELERIO POP 6AB;;0
71751M54T10-5PK;BEZEL, FRONT FOG LAMP RH;48.47800000000000000000;SUZUKI;NEW CELERIO POP 6AB;;0
71751M55T10-5PK;BEZEL,FRONT FOG LAMP,R;91.92400000000000000000;SUZUKI;NEW CELERIO POP 6AB;;0
71751M56R10-5PK;BEZEL, FR FOG LAMP RH (BLACK);71.14000000000000000000;SUZUKI;NEW CELERIO POP 6AB;;0
71751M68P10-5PK;BEZEL, FRONT FOG LAMP RH;52.98100000000000000000;SUZUKI;NEW CELERIO POP 6AB;;0
71751M73R10-5PK;BEZEL, FRONT FOG LAMP RH(BLACK);31.01900000000000000000;SUZUKI;NEW CELERIO POP 6AB;;0
71751M74T20-ZAM;BEZEL,FRONT HEAD LAMP,R;28.70700000000000000000;SUZUKI;NEW CELERIO POP 6AB;;0
71751M76MB0;BEZEL,FRONT FOG LAMP,R;210.00000000000000000000;SUZUKI;NEW CELERIO POP 6AB;;0
71751M76MB0-Z2S;BEZEL, FRONT FOG LAMP RH;178.78300000000000000000;SUZUKI;NEW CELERIO POP 6AB;;0
71751M76MB0-ZHJ;BEZEL, FRONT FOG LAMP RH;178.78200000000000000000;SUZUKI;NEW CIAZ;;0
71751M79M00-5PK;BEZELFRONT FOG LAMPR;41.63000000000000000000;SUZUKI;NEW CELERIO POP 6AB;;0
71751M79M10-5PK;BEZELFRONT FOG LAMPR;51.28500000000000000000;SUZUKI;NEW CELERIO POP 6AB;;0
71751M83P10-5PK;BEZEL FRONT FOG LAMP RH;59.42900000000000000000;SUZUKI;NEW CELERIO POP 6AB;;0
71752-86R00-0PG;GARNISH DRL LH(CHROME);591.53300000000000000000;SUZUKI;NEW CELERIO POP 6AB;;0
71752M55T00-0PG;GARNISH,FRONT FOG LAMP BEZEL,R;62.26900000000000000000;SUZUKI;NEW CIAZ;;0
71760M55T30-C48;BEZEL COMP,FRONT FOG LAMP,L;172.49400000000000000000;SUZUKI;NEW CELERIO POP 6AB;;0
71760M82R00;BEZEL, FRONT FOG LAMP, L;164.00000000000000000000;SUZUKI;NEW CELERIO POP 6AB;;0
71760M82R00-N1V;BEZEL,FRONT FOG LAMP LH;163.50400000000000000000;SUZUKI;NEW CELERIO POP 6AB;;0
71760M82R10-C48;BEZEL,FRONT FOG LAMP LH;220.58400000000000000000;SUZUKI;NEW CELERIO POP 6AB;;0
71761-64R00-5PK;GARNISH, FOG LAMP AKK414;45.98700000000000000000;SUZUKI;NEW CELERIO POP 6AB;;0
71761-64R10-0PG;GARNISH, FOG LAMP AKK414;358.67200000000000000000;SUZUKI;NEW CELERIO POP 6AB;;0
71761M50S10-5PK;BEZEL, FRONT FOG LAMP LH;63.11400000000000000000;SUZUKI;NEW CELERIO POP 6AB;;0
71761M52R00-5PK;BEZEL, FRONT FOG LAMP LH;86.10400000000000000000;SUZUKI;NEW CELERIO POP 6AB;;0
71761M52R10-5PK;BEZEL, FRONT FOG LAMP LH1;102.63900000000000000000;SUZUKI;NEW CELERIO POP 6AB;;0
71761M55T10-5PK;BEZEL,FRONT FOG LAMP,L;91.92400000000000000000;SUZUKI;NEW CELERIO POP 6AB;;0
71761M73R10-5PK;BEZEL, FRONT FOG LAMP LH(BLACK);93.99100000000000000000;SUZUKI;NEW CELERIO POP 6AB;;0
71761M74T20-ZAM;BEZEL,FRONT HEAD LAMP,L;28.70700000000000000000;SUZUKI;NEW CELERIO POP 6AB;;0
71761M76MB0-ZHJ;BEZEL, FRONT FOG LAMP LH;178.78200000000000000000;SUZUKI;NEW CIAZ;;0
71761M76T00-5PK;BEZEL,HEAD LAMP,L;61.28600000000000000000;SUZUKI;NEW CELERIO POP 6AB;;0
71761M79M00-5PK;BEZELFRONT FOG LAMPL;41.19400000000000000000;SUZUKI;NEW CELERIO POP 6AB;;0
71761M79M10-5PK;BEZELFRONT FOG LAMPL;51.29200000000000000000;SUZUKI;NEW CIAZ;;0
71762M55T00-0PG;GARNISH,FRONT FOG LAMP BEZEL,L;62.26900000000000000000;SUZUKI;NEW CIAZ;;0
71762M82R00-0CB;GARNISH, FRONT FOG LAMP BEZEL,;161.84700000000000000000;SUZUKI;NEW CIAZ;;0
71771M55T00;REINF,FRONT BUMPER CTR;130.29000000000000000000;SUZUKI;NEW CIAZ;;0
71771M76T00-PER;GARNISH,FR BUMPER LOWER;229.28300000000000000000;SUZUKI;NEW CELERIO POP 6AB;;0
71771M81R00;GUIDE,GRILLE AIR;197.41500000000000000000;SUZUKI;NEW CELERIO POP 6AB;;0
71771M81R00-5PK;GUIDE,GRILLE AIR(BLACK);210.29300000000000000000;SUZUKI;NEW CIAZ;;0
71772M55T00;REINF,FRONT BUMPER SIDE,R;91.92400000000000000000;SUZUKI;NEW CIAZ;;0
71773M55T00;REINF,FRONT BUMPER SIDE,L;35.37300000000000000000;SUZUKI;NEW CIAZ;;0
71780-62R10-5PK;EXTENSION,FR BPR,L(BLACK);213.24300000000000000000;SUZUKI;NEW CELERIO POP 6AB;;0
71791-61M00-000;CACHE TRAVERSE AV;220.35667500000000000000;SUZUKI;NEW CELERIO POP 6AB;;0
71791M55T00;SEAL,BUMPER FRONT;47.85500000000000000000;SUZUKI;NEW CIAZ;;0
71811-54AC1-N49;"PARE CHOC AR ";2021.38000000000000000000;SUZUKI;NEW CIAZ;;0
71811-54P00-A9R;BUMPER, RR (TURQUOISE/BLACK);0.00000000000000000000;SUZUKI;NEW CIAZ;;0
71811-54P00-N49;BUMPER, RR (BLACK/PRIMARY);0.00000000000000000000;SUZUKI;NEW CELERIO POP 6AB;;0
71811-54P01-COR;PARA CHOC AR;1925.12707000000000000000;SUZUKI;NEW CIAZ;;0
71811-54P01-N49;BUMPER,RR APK41#;2021.38342087500000000000;SUZUKI;NEW CELERIO POP 6AB;;0
71811-54P02-N49;BUMPER,RR;2021.38300000000000000000;SUZUKI;NEW CELERIO POP 6AB;;0
71811-54P10-A9R;BUMPER, RR (TURQUOISE/BLACK);0.00000000000000000000;SUZUKI;NEW CIAZ;;0
71811-54P10-APK416;PARE CHOC;0.00000000000000000000;SUZUKI;NEW CIAZ;;0
71811-54P10-N49;BUMPER, RR (BLACK/PRIMARY);2021.38300000000000000000;SUZUKI;NEW BALENO 6AB;;0
71811-54P11-N49;BUMPER RR (BLACK/ PRIMARY);2021.38300000000000000000;SUZUKI;NEW BALENO 6AB;;0
71811-54P12-N49;BUMPER,RR;2021.38300000000000000000;SUZUKI;NEW CIAZ;;0
71811-54P13-N49;BUMPER,RR;2122.45200000000000000000;SUZUKI;NEW CELERIO POP 6AB;;0
71811-61M00-799;BUMPER,RR UPPER;1347.88600000000000000000;SUZUKI;NEW CELERIO POP 6AB;;0
71811-61M10-799;BUMPER, REAR UPPER AKK416;1273.83500000000000000000;SUZUKI;NEW CELERIO POP 6AB;;0
71811-62R10-799;BUMPER,RR(PRIMARY);1934.06200000000000000000;SUZUKI;NEW CELERIO POP 6AB;;0
71811-72K00-799;"BUMPER, RR ";1438.27740000000000000000;SUZUKI;NEW CELERIO POP 6AB;;0
71811-72L10-799;BUMPER,RR(PRIMARY);1273.66300000000000000000;SUZUKI;NEW CELERIO POP 6AB;;0
71811-78R10-5PK;BUMPER,REAR (BLACK;1135.24579350000000000000;SUZUKI;NEW CELERIO POP 6AB;;0
71811-78R11-5PK;BUMPER,REAR;1192.00700000000000000000;SUZUKI;NEW CIAZ;;0
71811M55R00-799;BUMPER, RR (PRIMARY);822.55600000000000000000;SUZUKI;NEW CELERIO POP 6AB;;0
71811M55T00-799;BUMPER,REAR;1086.67700000000000000000;SUZUKI;NEW CELERIO POP 6AB;;0
71811M56R00-799;BUMPER, RR (PRIMARY);774.94200000000000000000;SUZUKI;NEW CELERIO POP 6AB;;0
71811M56R10-799;BUMPER REAR;767.44000000000000000000;SUZUKI;NEW CELERIO POP 6AB;;0
71811M68P00-799;BUMPERRR(PRIMARY);897.04400000000000000000;SUZUKI;NEW CELERIO POP 6AB;;0
71811M68P10-799;BUMPER,REAR;897.04400000000000000000;SUZUKI;NEW BALENO 6AB;;0
71811M74L00-799;YP8HB (SWIFT) REAR BUMPER;799.92000000000000000000;SUZUKI;NEW CELERIO POP 6AB;;0
71811M74L00-COR;YP8HB (SWIFT) REAR BUMPER;667.00589000000000000000;SUZUKI;NEW CIAZ;;0
71811M74T00-799;BUMPER,REAR UPPER;1723.88500000000000000000;SUZUKI;NEW CELERIO POP 6AB;;0
71811M75L00-799;YP8NB (DZIRE) REAR BUMPER;698.79800000000000000000;SUZUKI;NEW CELERIO POP 6AB;;0
71811M76M00-799;BUMPERRR;764.31400000000000000000;SUZUKI;NEW CELERIO POP 6AB;;0
71811M76MA0-5PK;BUMPER RR;680.44500000000000000000;SUZUKI;NEW CIAZ;;0
71811M76MA0-799;BUMPER, RR (PRIMARY);768.53300000000000000000;SUZUKI;NEW CELERIO POP 6AB;;0
71811M79M00-799;BUMPER REAR;996.03400000000000000000;SUZUKI;NEW BALENO 6AB;;0
71811M79M10-799;BUMPER REAR PRK SNSR;1257.41600000000000000000;SUZUKI;NEW BALENO 6AB;;0
71811M80T10-5PK;BUMPER,REAR;1192.00700000000000000000;SUZUKI;;;0
71811M81R00-799;BUMPER, REAR (BLACK);851.82900000000000000000;SUZUKI;NEW CELERIO POP 6AB;;0
71813M76T00-5PK;BUMPER,REAR LOWER,L;36.78000000000000000000;SUZUKI;NEW CELERIO POP 6AB;;0
71820M80T00;HOLDER ASSY,RR BUMPER SIDE,R;17.16600000000000000000;SUZUKI;NEW CELERIO POP 6AB;;0
71821-61M00-5PK;BUMPER, REAR LOWER (BLACK);1174.89100000000000000000;SUZUKI;NEW CELERIO POP 6AB;;0
71821-71L01-000;HOLDER,RR BUMPER,R;51.28900000000000000000;SUZUKI;NEW CELERIO POP 6AB;;0
71821-73K00-000;HOLDER RR BUMPER SIDE RH;47.18700000000000000000;SUZUKI;NEW CELERIO POP 6AB;;0
71821M55R00;HOLDER RR BUMPER SIDE RH;43.33700000000000000000;SUZUKI;NEW CELERIO POP 6AB;;0
71821M55T00;HOLDER,RR BUMPER SIDE,RH;60.44200000000000000000;SUZUKI;NEW CELERIO POP 6AB;;0
71821M62S00-799;BUMPER REAR SIDE RH (PRIMARY);277.53000000000000000000;SUZUKI;NEW CELERIO POP 6AB;;0
71821M72R00;HOLDER, RR BUMPER SIDE RH;33.37700000000000000000;SUZUKI;NEW CELERIO POP 6AB;;0
71821M76M00;HOLDER,RR BUMPER SIDE,R;41.98400000000000000000;SUZUKI;NEW CIAZ;;0
71821M79M00;HOLDER,RR BUMPER SIDE,R;47.26300000000000000000;SUZUKI;NEW CIAZ;;0
71821M79M00-000;HOLDERRR BUMPER SIDER;0.00000000000000000000;SUZUKI;NEW CIAZ;;0
71821M81R00;HOLDER,RR BUMPER SIDE,R;62.55900000000000000000;SUZUKI;NEW CELERIO POP 6AB;;0
71822-61M00-5PK;COVER,REAR FOG LAMP AKK416;20.79900000000000000000;SUZUKI;NEW CELERIO POP 6AB;;0
71822-62R00-000;HOLDER,RR BUMPER SIDE,L;23.80400000000000000000;SUZUKI;NEW CELERIO POP 6AB;;0
71822-71L01-000;HOLDER,RR BUMPER,L;51.28900000000000000000;SUZUKI;NEW CELERIO POP 6AB;;0
71822-73K00-000;HOLDER RR BUMPER SIDE LH;47.18700000000000000000;SUZUKI;NEW CELERIO POP 6AB;;0
71822M55R00;SUPPORT PARE CHOC AR G;43.33700000000000000000;SUZUKI;NEW CELERIO POP 6AB;;0
71822M55T00;HOLDER,RR BUMPER SIDE,LH;57.45600000000000000000;SUZUKI;NEW CELERIO POP 6AB;;0
71822M62S00-799;BUMPER REAR SIDE LH (PRIMARY);502.10200000000000000000;SUZUKI;NEW CELERIO POP 6AB;;0
71822M68L00;HOLDER, RR BUMPER SIDE LH;46.29500000000000000000;SUZUKI;NEW CELERIO POP 6AB;;0
71822M68P00;HOLDER,RR BUMPER SIDE,L;44.23800000000000000000;SUZUKI;NEW CELERIO POP 6AB;;0
71822M72R00;HOLDER, RR BUMPER SIDE LH;33.26100000000000000000;SUZUKI;NEW CELERIO POP 6AB;;0
71822M74K10-000;HOLDER RR BUMPER SIDE L;39.27656000000000000000;SUZUKI;NEW CIAZ;;0
71822M76M00;HOLDER,RR BUMPER SIDE,L;44.00000000000000000000;SUZUKI;NEW CELERIO POP 6AB;;0
71822M76M00-000;HOLDERRR BUMPER SIDEL;0.00000000000000000000;SUZUKI;NEW CIAZ;;0
71822M79M00;HOLDER,RR BUMPER SIDE,L;46.60400000000000000000;SUZUKI;NEW CELERIO POP 6AB;;0
71822M81R00;HOLDER,RR BUMPER SIDE,L;52.17000000000000000000;SUZUKI;NEW CELERIO POP 6AB;;0
71830M80T00;HOLDER ASSY,RR BUMPER SIDE,L;17.16600000000000000000;SUZUKI;NEW CELERIO POP 6AB;;0
71831M81R00-5PK;GARNISH,REFLECTOR,R;29.26200000000000000000;SUZUKI;NEW CIAZ;;0
71832M81R00-5PK;GARNISH,REFLECTOR,L;29.26200000000000000000;SUZUKI;NEW CIAZ;;0
71841-72L00-ZSC;GUARD,RR BUMPER;531.96500000000000000000;SUZUKI;NEW CELERIO POP 6AB;;0
71841M81R00;BRACKET,LICENSE LAMP;26.32900000000000000000;SUZUKI;NEW CIAZ;;0
71842M82R00-0PG;GARNISH,RR REFLECTOR BEZEL,L;46.05600000000000000000;SUZUKI;NEW CIAZ;;0
71851M74L00;PAD, REAR BUMPER;23.25300000000000000000;SUZUKI;NEW CIAZ;;0
71880-62R10-5PK;EXTENSION,RR BPR SIDE,L(BLACK);231.42600000000000000000;SUZUKI;NEW CELERIO POP 6AB;;0
72110-78R01-C48;GRILLE,RADIATOR;825.57500000000000000000;SUZUKI;NEW CELERIO POP 6AB;;0
72201M75T00;MUD FLUP,FRONT SET &REAR;0.00000000000000000000;SUZUKI;;;0
72201M76MA0;"SABOT ";239.46700000000000000000;SUZUKI;NEW CIAZ;;0
72201M76MA0-01;SABOT AR G;38.75287500000000000000;SUZUKI;NEW CELERIO POP 6AB;;0
72201M76MA0-02;SABOT AR D;40.69051875000000000000;SUZUKI;NEW CELERIO POP 6AB;;0
72201M76MA0-03;SABOT AV G;38.75288000000000000000;SUZUKI;NEW CIAZ;;0
72201M76MA0-04;SABOT AV D;38.75287500000000000000;SUZUKI;NEW CELERIO POP 6AB;;0
72211M76MA0;SABOT AV D;76.24900000000000000000;SUZUKI;NEW CIAZ;;0
72221M76MA0;"SABOT AV G ";76.24900000000000000000;SUZUKI;NEW CIAZ;;0
72231M76MA0;"SABOT AR D ";72.61800000000000000000;SUZUKI;NEW CIAZ;;0
72241M76MA0;"SABOT AR G ";72.61800000000000000000;SUZUKI;NEW CIAZ;;0
72310M74L00;STAY, FRONT HOOD;38.50100000000000000000;SUZUKI;NEW CIAZ;;0
72320M72R01;LINING COMPFRONT FENDER;132.44700000000000000000;SUZUKI;NEW CELERIO POP 6AB;;0
72321M74L00;LINING, FRONT FENDER RH;104.14800000000000000000;SUZUKI;NEW CIAZ;;0
72321M79M00;LINING,FRONT FENDER,R;107.85200000000000000000;SUZUKI;NEW CIAZ;;0
72321M79M00-000;LININGFRONT FENDERR;0.00000000000000000000;SUZUKI;NEW CIAZ;;0
72321M81R00;LINING,FRONT FENDER,R;100.44600000000000000000;SUZUKI;NEW CELERIO POP 6AB;;0
72322-62R00-000;LINING,FR FENDER,L;502.52600000000000000000;SUZUKI;NEW CELERIO POP 6AB;;0
72322M74L00;LINING, FRONT FENDER LH;104.14800000000000000000;SUZUKI;NEW CIAZ;;0
72322M76M00;LINING,FRONT FENDER,L;85.01047000000000000000;SUZUKI;NEW CIAZ;;0
72322M76M01;LINING,FRONT FENDER,L;90.94534000000000000000;SUZUKI;NEW CIAZ;;0
72322M76T00;LINING,FRONT FENDER,L;182.61600000000000000000;SUZUKI;NEW CELERIO POP 6AB;;0
72322M79M00;LINING,FRONT FENDER,L;107.85200000000000000000;SUZUKI;NEW CIAZ;;0
72322M81R00;LINING,FRONT FENDER,L;100.44600000000000000000;SUZUKI;NEW CELERIO POP 6AB;;0
72330M55T10-5PK;GARNISH,COWL TOP CTR;185.98500000000000000000;SUZUKI;NEW CELERIO POP 6AB;;0
72330M56R00-5PK;GARNISH COMP, COWL TOP;183.11400000000000000000;SUZUKI;NEW CELERIO POP 6AB;;0
72330M62S00-5PK;GARNISH,COWL TOP CTR(BLACK);146.53400000000000000000;SUZUKI;NEW CELERIO POP 6AB;;0
72330M73R20-5PK;GARNISH COMP,COWL TOP;163.17000000000000000000;SUZUKI;NEW CELERIO POP 6AB;;0
72330M74L10-5PK;GARNISH ASSY COWL TOP (BLACK);290.12900000000000000000;SUZUKI;NEW CIAZ;;0
72330M76M20-5PK;GARNISH COMPCOWL TOP;203.90800000000000000000;SUZUKI;NEW CIAZ;;0
72330M79M10-5PK;GARNISH ASSYCOWL TOPR;264.06400000000000000000;SUZUKI;NEW CIAZ;;0
72330M81R10;GARNISH COMP,COWL TOP CTR;188.00000000000000000000;SUZUKI;NEW CELERIO POP 6AB;;0
72330M81R10-5PK;GARNISH COMP,COWL TOP CTR;258.02200000000000000000;SUZUKI;NEW CELERIO POP 6AB;;0
72333M76M00-5PK;GARNISHCOWL TOP SIDER;20.96700000000000000000;SUZUKI;NEW CIAZ;;0
72334-78R00-000;HOLDER,COWL SID;21.80849737500000000000;SUZUKI;NEW CELERIO POP 6AB;;0
72334M76M00-5PK;GARNISHCOWL TOP SIDEL;20.96700000000000000000;SUZUKI;NEW CIAZ;;0
72340M74L00;MEMBER, LAMP SUPPORT RH;68.89000000000000000000;SUZUKI;NEW CIAZ;;0
72342-78R00-000;"SEAL,COWL TOP OUTER REAR ";165.49000000000000000000;SUZUKI;NEW CELERIO POP 6AB;;0
72342M81R00-5PK;GARNISH,COWL TOP SIDE,L;47.26300000000000000000;SUZUKI;NEW CIAZ;;0
72350M74L00;MEMBER, LAMP SUPPORT LH;68.89000000000000000000;SUZUKI;NEW CIAZ;;0
72350M74L00-000;MEMBER LAMP SUPPORT LH;0.00000000000000000000;SUZUKI;NEW CIAZ;;0
72351M55T00;PAD,FRONT FENDER,RH;171.76300000000000000000;SUZUKI;NEW CIAZ;;0
72351M74L00;COVER, FRONT FENDER RH;28.75500000000000000000;SUZUKI;NEW CIAZ;;0
72351M79M00;PAD,FRONT FENDER,R;72.12400000000000000000;SUZUKI;NEW CIAZ;;0
72352M55T00;PAD,FRONT FENDER,LH;82.41100000000000000000;SUZUKI;NEW CIAZ;;0
72352M74L00;COVER, FRONT FENDER LH;28.75500000000000000000;SUZUKI;NEW CIAZ;;0
72352M79M00;PAD,FRONT FENDER,L;77.33300000000000000000;SUZUKI;NEW CIAZ;;0
72360-78R00-000;"SEAL, HSEAL, HOOD REAR ";80.31700000000000000000;SUZUKI;NEW CELERIO POP 6AB;;0
72361M79M00;COVER,FR FENDER UPPER,R;29.27400000000000000000;SUZUKI;NEW CIAZ;;0
72361M81R00;SEAL,HOOD FRONT;33.30400000000000000000;SUZUKI;NEW CIAZ;;0
72362M55T00;SEAL,HOOD REAR;44.74300000000000000000;SUZUKI;NEW CIAZ;;0
72362M79M00;COVER,FR FENDER UPPER,L;31.70500000000000000000;SUZUKI;NEW CIAZ;;0
72363M79M00;SEAL,HOOD FRONT;13.08400000000000000000;SUZUKI;NEW CIAZ;;0
72364M79M00;CUSHION,FR FENDER,R;10.19900000000000000000;SUZUKI;NEW CIAZ;;0
72365M79M00;CUSHION,FR FENDER,L;7.77400000000000000000;SUZUKI;NEW CIAZ;;0
72370M76T00;SILENCER COMP,FR FENDER FR,L;55.30100000000000000000;SUZUKI;NEW CELERIO POP 6AB;;0
72371-78R00-000;COVER,FRONT PANEL UP;49.54400000000000000000;SUZUKI;NEW CELERIO POP 6AB;;0
72371M55T10-5PK;GARNISH,COWL TOP SIDE,RH;20.71700000000000000000;SUZUKI;NEW CELERIO POP 6AB;;0
72371M56R00-5PK;GARNISH, COWL TOP SIDE, R;46.44100000000000000000;SUZUKI;NEW CELERIO POP 6AB;;0
72371M56R10-5PK;GARNISH, COWL TOP SIDE RH;48.42400000000000000000;SUZUKI;NEW CELERIO POP 6AB;;0
72371M62S00;GARNISH,COWL TOP SIDE,R;45.00000000000000000000;SUZUKI;NEW CELERIO POP 6AB;;0
72371M74T10-5PK;GARNISH,COWL TOP SIDE,R;21.15500000000000000000;SUZUKI;NEW CELERIO POP 6AB;;0
72371M79M10-5PK;GARNISHTOP SIDER(BLACK);26.70000000000000000000;SUZUKI;NEW CIAZ;;0
72372M55T10-5PK;GARNISH,COWL TOP SIDE,LH;14.03600000000000000000;SUZUKI;NEW CELERIO POP 6AB;;0
72372M56R00-5PK;GARNISH, COWL TOP SIDE, L;11.94400000000000000000;SUZUKI;NEW CELERIO POP 6AB;;0
72372M68P10-5PK;GARNISHCOWL TOP SIDEL(BLACK;32.62500000000000000000;SUZUKI;NEW CELERIO POP 6AB;;0
72372M74T10-5PK;GARNISH,COWL TOP SIDE,L;22.03700000000000000000;SUZUKI;NEW CELERIO POP 6AB;;0
72372M79M10-5PK;GARNISHTOP SIDEL(BLACK);25.67600000000000000000;SUZUKI;NEW CIAZ;;0
72380M62S00;CROSSMEMBER,FRONT LOWER;176.23700000000000000000;SUZUKI;NEW CIAZ;;0
72381-78R10-000;"SHROUD,RADIATOR UPR ";241.81100000000000000000;SUZUKI;NEW CELERIO POP 6AB;;0
72382-78R10;"SHROUD RADIATOR LWR ";271.81900000000000000000;SUZUKI;NEW CIAZ;;0
72390M74L00;CROSSMEMBER, FRONT LOWER;0.00000000000000000000;SUZUKI;NEW CIAZ;;0
72390M76T00;ABSORBER COMP,FR BUMPER LOWER;248.25700000000000000000;SUZUKI;NEW CELERIO POP 6AB;;0
72391M81R00;COVER,FRONT FENDER,R;71.62900000000000000000;SUZUKI;NEW BALENO 6AB;;0
72392M81R00;COVER,FRONT FENDER,L;71.60200000000000000000;SUZUKI;NEW CELERIO POP 6AB;;0
72393M69R00;COVER,SPLASH,R;53.02500000000000000000;SUZUKI;NEW CIAZ;;0
72394M69R00;COVER,SPLASH,L;53.02500000000000000000;SUZUKI;NEW CIAZ;;0
72411M68P00;COVER,ENGINE UNDER;225.12300000000000000000;SUZUKI;NEW CELERIO POP 6AB;;0
72411M74L00;COVER, ENGINE UNDER RH;91.97600000000000000000;SUZUKI;NEW CIAZ;;0
72411M74L10;COVER, ENGINE UNDER RH;87.59633000000000000000;SUZUKI;NEW CIAZ;;0
72421M68P00;COVER,ENGINE UNDER SIDE,R;58.95839250000000000000;SUZUKI;NEW CELERIO POP 6AB;;0
72421M68P01;COVER,ENGINE UNDER SIDE,R;61.90600000000000000000;SUZUKI;NEW CELERIO POP 6AB;;0
72422M68P01;COVER, ENGINE UNDER SIDE, L;92.03000000000000000000;SUZUKI;NEW CELERIO POP 6AB;;0
72432M50S00;COVER, FRONT END UPPER LH;64.83986991247500000000;SUZUKI;NEW CELERIO POP 6AB;;0
72432M55R00;COVER, FRONT END UPPER LH;122.57200000000000000000;SUZUKI;NEW CELERIO POP 6AB;;0
72432M55T00;COVER,FR END UPPER;117.12100000000000000000;SUZUKI;NEW CELERIO POP 6AB;;0
72432M56R00;COVER, FRONT END UPPER, L;107.39500000000000000000;SUZUKI;NEW CELERIO POP 6AB;;0
72432M68P00;COVER,FRONT END UPPER,L;80.17700000000000000000;SUZUKI;NEW CELERIO POP 6AB;;0
72432M68T00;"COVER,FRONT END UPPER,L       ";135.43100000000000000000;SUZUKI;NEW CELERIO POP 6AB;;0
72432M72R00;COVER, FRONT END UPPER LH;63.44100000000000000000;SUZUKI;NEW CELERIO POP 6AB;;0
72432M74T00;COVER,FRONT END UPPER;130.11600000000000000000;SUZUKI;NEW CELERIO POP 6AB;;0
72432M79M00;COVER,FRONT END,R;24.21200000000000000000;SUZUKI;NEW CIAZ;;0
72432M82R00;COVER,FRONT END,R;71.79400000000000000000;SUZUKI;NEW CELERIO POP 6AB;;0
72433M55T00;COVER,FR END LOWER;102.71300000000000000000;SUZUKI;NEW CELERIO POP 6AB;;0
72433M76T00;COVER,FRONT END LOWER,L;48.37400000000000000000;SUZUKI;NEW CELERIO POP 6AB;;0
72433M79M00;COVER,FRONT END,L;24.21200000000000000000;SUZUKI;NEW CIAZ;;0
72440M55R50;SILENCER,FRONT HOOD APK417;44.20400000000000000000;SUZUKI;NEW CIAZ;;0
72440M55T00;SILENCER ,FRONT HOOD;118.46500000000000000000;SUZUKI;NEW CIAZ;;0
72440M72R00;SILENCER,FR HOOD;123.54789000000000000000;SUZUKI;NEW CIAZ;;0
72440M74L01;SILENCER, FRONT HOOD;82.74200000000000000000;SUZUKI;NEW CIAZ;;0
72440M79M00;SILENCER,FRONT HOOD;73.78100000000000000000;SUZUKI;NEW CIAZ;;0
72460M68P00;SOUS PARE CHOC;81.03400000000000000000;SUZUKI;NEW CIAZ;;0
72460M72R00;ABSORBER, FR BUMPER LOWER;85.88000000000000000000;SUZUKI;NEW CELERIO POP 6AB;;0
72460M74L00;COVER COMP,FR BUMPER LOWER;96.74800000000000000000;SUZUKI;NEW CIAZ;;0
72460M79M00;ABSORBER COMP,FR BUMPER LOWER;172.83400000000000000000;SUZUKI;NEW CIAZ;;0
72460M79M00-000;ABSORBER COMPFR BUMPER LOWER;53.36651000000000000000;SUZUKI;NEW CIAZ;;0
72470M72R00-5PK;GARNISH COMP,COWL TOP SIDE,L;25.42700000000000000000;SUZUKI;NEW CELERIO POP 6AB;;0
72471M55T00;COVER,FR FENDER UPPER,RH;17.59200000000000000000;SUZUKI;NEW CIAZ;;0
72472M55T00;COVER,FR FENDER UPPER,LH;7.89400000000000000000;SUZUKI;NEW CIAZ;;0
72520M74L00;TRAY, BATTERY;49.28000000000000000000;SUZUKI;NEW CIAZ;;0
72520M76M00;TRAY,BATTERY1;69.61500000000000000000;SUZUKI;NEW CIAZ;;0
72610-54P10-C48;GARNISH, FR FENDER RH;118.63000000000000000000;SUZUKI;NEW CIAZ;;0
72811-54P00-000;LINING, RR FENDER RH;242.09026135875000000000;SUZUKI;NEW CELERIO POP 6AB;;0
72811M55R00;PARE A BOUE AR D;148.46700000000000000000;SUZUKI;NEW CELERIO POP 6AB;;0
72811M72R00;LINING, REAR FENDER RH;88.75400000000000000000;SUZUKI;NEW CELERIO POP 6AB;;0
72811M74T00;LINING,REAR FENDER,R;137.71000000000000000000;SUZUKI;NEW CELERIO POP 6AB;;0
72811M76MA0;LINING, RR WHEEL HSG RH;48.15700000000000000000;SUZUKI;NEW CELERIO POP 6AB;;0
72811M79M00;LINING, RR FENDER RH;99.27900000000000000000;SUZUKI;NEW CIAZ;;0
72811M81R00;LINING,REAR WHEEL HSG,R;80.23300000000000000000;SUZUKI;NEW CELERIO POP 6AB;;0
72821-54P00-000;LINING, RR FENDER LH;262.09000000000000000000;SUZUKI;NEW CELERIO POP 6AB;;0
72821-54P10-000;LINING, RR FENDER,L;357.75300000000000000000;SUZUKI;NEW CELERIO POP 6AB;;0
72821-62R00-000;LINING,RR WHEEL HSG,L;106.62100000000000000000;SUZUKI;NEW CELERIO POP 6AB;;0
72821M55R00;PARE A BOUE AR G;148.46700000000000000000;SUZUKI;NEW CELERIO POP 6AB;;0
72821M56R00;LINING, REAR FENDER, L;161.06200000000000000000;SUZUKI;NEW CELERIO POP 6AB;;0
72821M68P00;LINING,REAR FENDER,L;207.64500000000000000000;SUZUKI;NEW CELERIO POP 6AB;;0
72821M72R00;LINING, REAR FENDER LH;88.75400000000000000000;SUZUKI;NEW CELERIO POP 6AB;;0
72821M76M00;LINING, RR WHEEL HSG LH;49.19300000000000000000;SUZUKI;NEW CELERIO POP 6AB;;0
72821M76MA0;LINING, RR WHEEL HSG LH;53.71300000000000000000;SUZUKI;NEW CELERIO POP 6AB;;0
72821M76T00;LINING,REAR FENDER,L;224.83400000000000000000;SUZUKI;NEW CELERIO POP 6AB;;0
72821M79M00;LINING, RR FENDER LH;158.16200000000000000000;SUZUKI;NEW CELERIO POP 6AB;;0
72821M81R00;LINING,REAR WHEEL HSG,L;80.23300000000000000000;SUZUKI;NEW CELERIO POP 6AB;;0
73110-54P10-5PK;PANEL, INSTRUMENT MAIN (BLACK);1889.20800000000000000000;SUZUKI;NEW CIAZ;;0
73110-86R10-5PK;PANEL,INSTRUMENT APK414-3;2682.02959000000000000000;SUZUKI;NEW CIAZ;;0
73110M55T60-5PK;PANEL,INSTRUMENT MAIN UPR;1748.09900000000000000000;SUZUKI;NEW CELERIO POP 6AB;;0
73110M72R50-5PK;PANEL, INSTRUMENT MAIN UPR(BLACK);1283.97800000000000000000;SUZUKI;NEW CELERIO POP 6AB;;0
73111M62S51;PANEL INSTRUMENT MAIN;620.00000000000000000000;SUZUKI;NEW CELERIO POP 6AB;;0
73111M62S51-5PK;PANEL INSTRUMENT MAIN;609.33600000000000000000;SUZUKI;NEW CELERIO POP 6AB;;0
73111M74L10-5PK;YP8 INSTRUMENT PANEL LH: 5PK;748.03600000000000000000;SUZUKI;NEW CIAZ;;0
73111M79M01-5PK;PANELINSTRUMENT MAIN UPPER;0.00000000000000000000;SUZUKI;NEW CIAZ;;0
73111M79M10-5PK;PANEL, INSTRUMENT MAIN;1592.36721000000000000000;SUZUKI;NEW CIAZ;;0
73111M79M11-5PK;PANELINSTRUMENT MAIN UPPER;1755.58500000000000000000;SUZUKI;NEW CELERIO POP 6AB;;0
73111M81R50;PANEL,INSTRUMENT MAIN;685.77600000000000000000;SUZUKI;NEW CELERIO POP 6AB;;0
73111M81R50-5PK;PANEL,INSTRUMENT MAIN;720.06500000000000000000;SUZUKI;NEW CELERIO POP 6AB;;0
73112M76M50-5PK;PANELINSTRUMENT MAIN LOWER;714.55800000000000000000;SUZUKI;NEW CELERIO POP 6AB;;0
73112M76M50-P4Z;PANELINSTRUMENT MAIN LOWER;714.55800000000000000000;SUZUKI;NEW CIAZ;;0
73112M79M00-000;CHANNELPASSENGER AIR BAG;1460.28992000000000000000;SUZUKI;NEW CIAZ;;0
73113M79M00;FELT,I/P UPPER CTR;3.77900000000000000000;SUZUKI;NEW CIAZ;;0
73114M76M00;"SILENCER I/P TOP ";137.41500000000000000000;SUZUKI;NEW CELERIO POP 6AB;;0
73114M79M00;FELT,I/P UPPER SIDE;3.19800000000000000000;SUZUKI;NEW CIAZ;;0
73118M74L00;SEAL INSTRUMENT PANEL;22.64400000000000000000;SUZUKI;NEW CIAZ;;0
73121M56R61-5PK;PANEL,INSTRUMENT MAIN LOWER;730.49100000000000000000;SUZUKI;NEW CIAZ;;0
73123M82M00;FELT,I/P TOP;2.55900000000000000000;SUZUKI;NEW CIAZ;;0
73200M76M50;"BRACKET INSTRUMENT PANEL ";517.48800000000000000000;SUZUKI;NEW CELERIO POP 6AB;;0
73311M74L10-5PK;PANELINSTRUMENT CLUSTER;82.25300000000000000000;SUZUKI;NEW CIAZ;;0
73311M81R50-5PK;PANEL,INSTRUMENT CLUSTER;94.59000000000000000000;SUZUKI;NEW CIAZ;;0
73410M56R50-5PK;"BOX GLOVE BLACK ";151.78800000000000000000;SUZUKI;NEW CIAZ;;0
73410M72R50-5PK;BOX, GLOVE (BLACK;177.15400000000000000000;SUZUKI;NEW CELERIO POP 6AB;;0
73410M76M50-5PK;BOX GLOVE;78.24619000000000000000;SUZUKI;NEW CIAZ;;0
73410M76M50-P4Z;BOX COMPGLOVE;101.02200000000000000000;SUZUKI;NEW CIAZ;;0
73410M81R50-5PK;BOX COMP,GLOVE;279.31400000000000000000;SUZUKI;NEW CELERIO POP 6AB;;0
73610M56R00-DJJ;LOUVER, CTR VENT;87.41800000000000000000;SUZUKI;NEW CELERIO POP 6AB;;0
73610M79M10-BJC;LOUVER CTR VENT;182.35800000000000000000;SUZUKI;NEW CIAZ;;0
73630-77R00-5PK;LOUVER, SIDE VENT (BLACK;74.34384000000000000000;SUZUKI;NEW CIAZ;;0
73630M79M00-BJC;LOUVER SIDE VENT RH;147.16400000000000000000;SUZUKI;NEW CIAZ;;0
73630M79M00-C48;LOUVER SIDE VENT RH;147.16400000000000000000;SUZUKI;NEW CIAZ;;0
73630M81R00-GJL;LOUVER COMP,SIDE VENT;41.29100000000000000000;SUZUKI;NEW BALENO 6AB;;0
73640M74L00-5PK;LOUVER SIDE VENT LH;48.76100000000000000000;SUZUKI;NEW CIAZ;;0
73640M79M00-BJC;LOUVER SIDE VENT LH;147.16400000000000000000;SUZUKI;NEW CIAZ;;0
73640M79M00-C48;LOUVER SIDE VENT LH;134.94100000000000000000;SUZUKI;NEW CIAZ;;0
73651M79M00-5PK;NOZZLE SIDE DEMISTER RH;7.68500000000000000000;SUZUKI;NEW CIAZ;;0
73652M79M00-5PK;NOZZLE SIDE DEMISTER LH;7.68500000000000000000;SUZUKI;NEW CIAZ;;0
73800M74L00-GJL;BOX ASSY I/P CENTER UPPER;92.82500000000000000000;SUZUKI;NEW CIAZ;;0
73821M81R20-5PK;"GARNISH I/P CENTER ";143.51600000000000000000;SUZUKI;NEW CELERIO POP 6AB;;0
73822M55R50-5PK;GARNISH, I/P UPPER (BLACK;71.76200000000000000000;SUZUKI;NEW CIAZ;;0
73824-77R00-5PK;CAP,I/P CENTER(BLACK);73.51400000000000000000;SUZUKI;NEW CELERIO POP 6AB;;0
73824M76M00-5PK;BOXI/P LOWER;185.51300000000000000000;SUZUKI;NEW CELERIO POP 6AB;;0
73831M76M50-5PK;BEZELI/P SW;17.84100000000000000000;SUZUKI;NEW CIAZ;;0
73851M79M10-PPL;ORNAMENTI/P DRVR;75.15900000000000000000;SUZUKI;NEW CIAZ;;0
73852M79M10;ORNAMENT,I/P CENTER;207.22800000000000000000;SUZUKI;NEW CIAZ;;0
73852M79M10-PPL;ORNAMENT,I/P CENTER;207.22800000000000000000;SUZUKI;NEW CELERIO POP 6AB;;0
73860M82R10-DE4;ORNAMENT,I/P DRVR;39.14300000000000000000;SUZUKI;NEW CIAZ;;0
73870M82R10-DE4;ORNAMENT,I/P CENTER;215.93300000000000000000;SUZUKI;NEW CIAZ;;0
73910-71L10-5PK;DOOR ASSY, PASSENGER AIR BAG;516.10200000000000000000;SUZUKI;NEW CELERIO POP 6AB;;0
73910-78R50-5PK;MODULE ASSY,PASSENGER AIRBAG;3520.98010687500000000000;SUZUKI;NEW CELERIO POP 6AB;;0
73910-78R51-5PK;MDL ASSY,PASS AIRBAG;5129.93580750000000000000;SUZUKI;NEW CELERIO POP 6AB;;0
73910-80J10-P4Z;MODULE ASSY, PASSENGER AIR BAG;949.73600000000000000000;SUZUKI;NEW CELERIO POP 6AB;;0
73910-86R01-000;MODULE ASSY,PASSENGER AIR BAG;1809.58400000000000000000;SUZUKI;NEW CIAZ;;0
73910M55T00;MODULE ASSY,PASSENGER AIR BAG;1528.08700000000000000000;SUZUKI;NEW CELERIO POP 6AB;;0
73910M56R00;MODULE ASSY,PASSENGER AIR BAG;1458.88200000000000000000;SUZUKI;NEW CELERIO POP 6AB;;0
73910M62S50-5PK;MODULE ASSY,PASSENGER AIR BAG;1445.53500000000000000000;SUZUKI;NEW CELERIO POP 6AB;;0
73910M68P00;MODULE ASSY,PASSENGER AIR;1646.48000000000000000000;SUZUKI;NEW CELERIO POP 6AB;;0
73910M72R00;MODULE ASSY, PASSENGER AIR BAG;1853.38900000000000000000;SUZUKI;NEW CELERIO POP 6AB;;0
73910M76M50-5PK;MODULE ASSYPASSENGER AIR BAG;1217.25000000000000000000;SUZUKI;NEW CELERIO POP 6AB;;0
73910M79M00;MODULE ASSY,PASSENGER AIR;1609.97000000000000000000;SUZUKI;NEW CELERIO POP 6AB;;0
73910M79M01;MODULE ASSY,PASSENGER AIR BAG;1609.97000000000000000000;SUZUKI;NEW CELERIO POP 6AB;;0
73910M81R50-5PK;MODULE ASSY,PASSENGER AIRBAG;1192.88700000000000000000;SUZUKI;NEW CELERIO POP 6AB;;0
73920M74L00;HOUSING ASSY, PASSENGER;1464.85300000000000000000;SUZUKI;NEW CIAZ;;0
74120-77RC0-000;CORE S/ASSY,HEATER;369.23300000000000000000;SUZUKI;NEW CIAZ;;0
74120M76M10;HEATER CORE ASSY;234.97800000000000000000;SUZUKI;NEW CIAZ;;0
74150M68PA0;MOTOR ASSY, W/FAN;0.00000000000000000000;SUZUKI;NEW CIAZ;;0
74150M76M10;BLWR ASSY;387.75923000000000000000;SUZUKI;NEW CIAZ;;0
74150M81R20;BLOWER ASSY;274.59000000000000000000;SUZUKI;NEW CELERIO POP 6AB;;0
74174M76M10;.DOOR ASSY,INTAKE W/PACKING1;47.73500000000000000000;SUZUKI;NEW CIAZ;;0
74176M55R00;DOOR ASSY;211.54400000000000000000;SUZUKI;NEW BALENO 6AB;;0
74400M62S20-5PK;CONTROL UNIT,HVAC;231.45800000000000000000;SUZUKI;NEW CIAZ;;0
74400M76MK0-GJL;CONTROL UNIT,HVAC;265.62200000000000000000;SUZUKI;NEW CELERIO POP 6AB;;0
74400M81R50-CTP;CONTROL UNIT,HVAC;357.22900000000000000000;SUZUKI;NEW CIAZ;;0
74410-77R70-5PK;CONTROL ASSY,HVAC;450.99700000000000000000;SUZUKI;NEW CIAZ;;0
74463M76M00;.KNOB, FAN;18.72700000000000000000;SUZUKI;NEW CIAZ;;0
75110M55R20-R3F;CARPET ,FLOOR;638.05800000000000000000;SUZUKI;;;0
75130M55R10-R3F;CARPET, LUGGAGE FLOOR (BLACK;242.61500000000000000000;SUZUKI;NEW CELERIO POP 6AB;;0
75130M56R10-R3F;CARPET LUGGAGE FLOOR;261.13300000000000000000;SUZUKI;NEW BALENO 6AB;;0
75130M68P20-R3F;CARPET,LUG FL(BLACK);268.10300000000000000000;SUZUKI;NEW CELERIO POP 6AB;;0
75130M81R00-R3F;CARPET,LUGGAGE FLOOR(BLACK);117.41800000000000000000;SUZUKI;NEW CELERIO POP 6AB;;0
75430M76M00;HOLDER SPARE TIRE;18.06100000000000000000;SUZUKI;NEW CIAZ;;0
75460-54P00-GMY;BOARD, LUGGAGE FLOOR (BLACK);661.07444000000000000000;SUZUKI;NEW CIAZ;;0
75461M79M00;BOX TOOL;165.23000000000000000000;SUZUKI;NEW CIAZ;;0
75471M69R00;CAPTAIL END MEMBER;50.94200000000000000000;SUZUKI;NEW BALENO 6AB;;0
75481M76M10;BOX,TOOL;88.98700000000000000000;SUZUKI;NEW CIAZ;;0
75511M74L00;LINING, REAR FENDER RH;129.34200000000000000000;SUZUKI;NEW CIAZ;;0
75521M74L00;LINING, REAR FENDER LH;129.34200000000000000000;SUZUKI;NEW CIAZ;;0
75830M72R50-5PK;COVER,FL CONSOLE FRDRVR(BLACK);175.88100000000000000000;SUZUKI;NEW CELERIO POP 6AB;;0
75850M68P00-5PK;BASE,FLOOR CONSOLE REAR(BLACK;300.72200000000000000000;SUZUKI;NEW CELERIO POP 6AB;;0
75850M79M01-5PK;BASE ,FLOOR CONSOLE REAR;692.21900000000000000000;SUZUKI;NEW CIAZ;;0
75851M68P00-5PK;BOX FLOOR CONSOLE RR (BLACK);120.22500000000000000000;SUZUKI;NEW CIAZ;;0
75880M68P00-000;BRACKET FL CONSOLE COVER;16.80000000000000000000;SUZUKI;NEW CIAZ;;0
75881M68P00-000;BRACKETFLOOR CONSOLE BOX FR;15.75000000000000000000;SUZUKI;NEW CIAZ;;0
75882M68P00-000;BRACKETFLOOR CONSOLE BOX RR;15.75000000000000000000;SUZUKI;NEW CIAZ;;0
75901-78R61-000;RUBBER FLOOR MAT LHD MT JIMNY;170.13600000000000000000;SUZUKI;NEW CELERIO POP 6AB;;0
75901M76M40;Mat Black - LHD Celerio;157.11750000000000000000;SUZUKI;NEW CIAZ;;0
75901M79M50;Mat Black - LHD Ciaz;410.65479000000000000000;SUZUKI;NEW CIAZ;;0
76131M81R50-5PK;TRIM,DASH SIDE,R(BLACK);120.73900000000000000000;SUZUKI;NEW CELERIO POP 6AB;;0
76141M68K10-5PK;TRIM,DASH SIDE,L;67.81500000000000000000;SUZUKI;NEW CIAZ;;0
76141M81R00-5PK.;"TRIM DASH SIDE L ";56.78800000000000000000;SUZUKI;NEW CELERIO POP 6AB;;0
76150-77R00-5PK;SCUFF COMP,SIDE SILL FRONT,R;87.92800000000000000000;SUZUKI;NEW CIAZ;;0
76150M74L10-5PK;SCUFFCOMP SIDE SILL FRONT SIL;59.74700000000000000000;SUZUKI;NEW CIAZ;;0
76151M66R00-5PK;SCUFF,SIDE SILL FR,R(BLACK);99.09600000000000000000;SUZUKI;NEW CELERIO POP 6AB;;0
76151M68P01-5PK;SCUFF SIDE SILL FRONT RH;144.83264000000000000000;SUZUKI;NEW CELERIO POP 6AB;;0
76151M76M00-5PK;SCUFF,SIDE SILL FR,RH;42.76800000000000000000;SUZUKI;NEW CIAZ;;0
76151M79M00-5PK;SCUFF SIDE SILL FR RH (BLACK);27.72300000000000000000;SUZUKI;NEW CIAZ;;0
76160-77R00-5PK;SCUFF COMP,SIDE SILL FRONT,L;87.92800000000000000000;SUZUKI;NEW CIAZ;;0
76160M74L10-5PK;SCUFF SIDE SILL FR LH;60.09900000000000000000;SUZUKI;NEW CIAZ;;0
76161M76M00-5PK;SCUFF,SIDE SILL FR,LH;14.97700000000000000000;SUZUKI;NEW CIAZ;;0
76161M79M00-5PK;SCUFF SIDE SILL FR LH (BLACK);27.72300000000000000000;SUZUKI;NEW CIAZ;;0
76170M74L00-5PK;SCUFF SIDE SILL REAR RH;39.28000000000000000000;SUZUKI;NEW CIAZ;;0
76181M69R00-5PK;SCUFF,SIDE SILL REAR,L(BLACK);107.64200000000000000000;SUZUKI;NEW CELERIO POP 6AB;;0
76191-71L00-5PK;TRIM,TAIL END;186.59300000000000000000;SUZUKI;NEW CELERIO POP 6AB;;0
76191M74L10-5PK;TRIM COMPTAIL END;159.96100000000000000000;SUZUKI;NEW CIAZ;;0
76191M76M00-P4Z;TRIMTAIL END;28.17100000000000000000;SUZUKI;NEW CIAZ;;0
76210M74L10-6GS;TRIM CTR PILLAR UPR RH (GRAY);53.07000000000000000000;SUZUKI;NEW CIAZ;;0
76210M79M00-V6N;TRIM CTR PILLAR UPPER RH;32.67400000000000000000;SUZUKI;NEW CIAZ;;0
76211M76M00-6GS;TRIMCTR PILLAR UPPERR;23.10200000000000000000;SUZUKI;NEW CIAZ;;0
76220M74L10-6GS;TRIM CTR PILLAR UPR LH (GRAY);53.07000000000000000000;SUZUKI;NEW CIAZ;;0
76220M79M00-V6N;TRIM CTR PILLAR UPPER LH;32.67400000000000000000;SUZUKI;NEW CIAZ;;0
76221M76M00-6GS;TRIMCTR PILLAR UPPERL;23.10200000000000000000;SUZUKI;NEW CIAZ;;0
76230M79M00-5PK;TRIM CTR PILLAR LOWER RH;70.91000000000000000000;SUZUKI;NEW CIAZ;;0
76231M76M01-5PK;TRIM,CTR PILLAR LWR,RH;53.05700000000000000000;SUZUKI;NEW CIAZ;;0
76237M70F00-5PK;CLIP,BACK DR TRIM(BLACK);3.25100000000000000000;SUZUKI;NEW CIAZ;;0
76240M79M00-5PK;TRIM CTR PILLAR LOWER LH;74.45600000000000000000;SUZUKI;NEW CIAZ;;0
76241M68L00-5PK;TRIMCTR PILLAR LOWERL;54.39000000000000000000;SUZUKI;NEW CIAZ;;0
76241M76M01-5PK;TRIM,CTR PILLAR LWR,LH;61.68000000000000000000;SUZUKI;NEW CIAZ;;0
76250M55R00-6GS;TRIM QTR INNER UPR RH (GRAY);17.52300000000000000000;SUZUKI;NEW CIAZ;;0
76250M62S20-6GS;TRIM, QUARTER UPPER RH (GRAY);111.28100000000000000000;SUZUKI;NEW CELERIO POP 6AB;;0
76250M74L00-6GS;TRIM QTR INNER UPR RH (GRAY);143.05100000000000000000;SUZUKI;NEW CIAZ;;0
76251M76M00-6GS;TRIMQUARTER UPPERR;36.46500000000000000000;SUZUKI;NEW CELERIO POP 6AB;;0
76260M55R00-6GS;TRIM COMP,QUARTER UPPER,L;86.02400000000000000000;SUZUKI;NEW CIAZ;;0
76260M74L00-6GS;TRIM QTR INNER UPR LH (GRAY);143.05100000000000000000;SUZUKI;NEW CIAZ;;0
76261M76M00-6GS;TRIMQUARTER UPPERL;36.46500000000000000000;SUZUKI;NEW CELERIO POP 6AB;;0
76270-77R00-5PK;TRIM COMP,QUARTER LOWER,R;427.08100000000000000000;SUZUKI;NEW CIAZ;;0
76270M76M00-5PK;TRIM,QUARTER LWR,R;390.17800000000000000000;SUZUKI;NEW CIAZ;;0
76270M81R00-5PK;TRIM,QUARTER LOWER,R(BLACK);302.83200000000000000000;SUZUKI;NEW BALENO 6AB;;0
76280-77R00-5PK;TRIM COMP,QUARTER LOWER,L;427.08100000000000000000;SUZUKI;NEW CIAZ;;0
76280M75T00-5PK;TRIM,QUARTER LOWER,LH;0.00000000000000000000;SUZUKI;;;0
76280M76M00-5PK;TRIM COMPQUARTER LWRL;390.17800000000000000000;SUZUKI;NEW CIAZ;;0
76280M81R00-5PK;TRIM COMPQUARTER LWRL;321.64900000000000000000;SUZUKI;NEW BALENO 6AB;;0
76291-54P00-000;TRIM,FR DR OPNG,R;237.97000000000000000000;SUZUKI;NEW BALENO 6AB;;0
76291-77R00-000;TRIM,FRONT DOOR OPENING;127.96200000000000000000;SUZUKI;NEW CIAZ;;0
76291M74L00;TRIM, FRONT DOOR OPENING;87.36000000000000000000;SUZUKI;NEW CIAZ;;0
76291M76M00-5PK;TRIMFRONT DOOR OPENING;20.68100000000000000000;SUZUKI;NEW CELERIO POP 6AB;;0
76295-54P00;TRIM,RR DR OPNG,R;127.58900000000000000000;SUZUKI;NEW CIAZ;;0
76295M76M00-5PK;TRIMREAR DOOR OPENING;32.76000000000000000000;SUZUKI;NEW CELERIO POP 6AB;;0
76295M79M03;TRIM, FR DOOR OPENING;114.48600000000000000000;SUZUKI;NEW CIAZ;;0
76310M79M10-GMY;TRIM,PARTITION(BLACK);930.46500000000000000000;SUZUKI;NEW CELERIO POP 6AB;;0
76410M79M02-V6N;GRIP ASSISTANT (BEIGE)LH;52.17100000000000000000;SUZUKI;NEW CIAZ;;0
76430-78R10-000;CABLE COMP,FUEL LID OPENER LH;86.27100000000000000000;SUZUKI;;;0
76430M55R10;CABLE ,FUEL LID OPENER;123.06400000000000000000;SUZUKI;NEW CELERIO POP 6AB;;0
76430M55T10;CABLE,FUEL LID OPENER;129.69000000000000000000;SUZUKI;NEW CELERIO POP 6AB;;0
76430M56R10;CABLE , FUEL LID OPENER;93.53100000000000000000;SUZUKI;NEW CELERIO POP 6AB;;0
76430M62S10;CABLE COMP,FUEL LID OPENER;72.88800000000000000000;SUZUKI;NEW CELERIO POP 6AB;;0
76430M68P10;CABLE,FUEL LID OPENER;107.21200000000000000000;SUZUKI;NEW CELERIO POP 6AB;;0
76430M72R10;CABLE, FUEL LID OPENER;135.23700000000000000000;SUZUKI;NEW CELERIO POP 6AB;;0
76430M74L00;CABLE, FUEL LID OPENER;87.68800000000000000000;SUZUKI;NEW CELERIO POP 6AB;;0
76430M74T00;CABLE COMP,FUEL LID OPENER;125.48800000000000000000;SUZUKI;NEW CELERIO POP 6AB;;0
76430M74T10;CABLE COMP,FUEL LID OPENER;125.48800000000000000000;SUZUKI;NEW CELERIO POP 6AB;;0
76430M75L10;CABLE, FUEL LID OPENER;87.68800000000000000000;SUZUKI;NEW CELERIO POP 6AB;;0
76430M76M10;CABLE COMP,FUEL LID OPENER;72.56100000000000000000;SUZUKI;NEW CELERIO POP 6AB;;0
76430M76T10;CABLE COMP,FUEL LID OPENER;137.00000000000000000000;SUZUKI;NEW CELERIO POP 6AB;;0
76430M79M10;CABLE, FUEL LID OPENER;132.73900000000000000000;SUZUKI;NEW CELERIO POP 6AB;;0
76430M81R10;CABLE COMP,FUEL LID OPENER;78.64900000000000000000;SUZUKI;NEW CELERIO POP 6AB;;0
76630M79M00-R3F;TRIM TRUNK ROOM SIDE RH;622.58200000000000000000;SUZUKI;NEW CIAZ;;0
76640M79M00-R3F;TRIM TRUNK ROOM SIDE LH;622.70400000000000000000;SUZUKI;NEW CIAZ;;0
76682M79M00;COVER,TRUNK LID INNER,R;41.58000000000000000000;SUZUKI;NEW CIAZ;;0
76683M79M00;COVER,TRUNK LID INNER,L;41.58000000000000000000;SUZUKI;NEW CIAZ;;0
77141M50S00-0CB;TAPE, FR PILLAR UPPER RH;48.77500000000000000000;SUZUKI;NEW CIAZ;;0
77141M68P10-0CB;TAPE,FR PILLAR UPPER,RH;179.37100000000000000000;SUZUKI;NEW CIAZ;;0
77141M74L10-0CB;TAPEFR PILLAR UPPERR;136.40800000000000000000;SUZUKI;NEW CIAZ;;0
77142-78R02-5PK;CAP,ROOF SIDE DRIP FR,L(BLACK);40.44200000000000000000;SUZUKI;NEW CELERIO POP 6AB;;0
77146M74L10-0CB;TAPEFR PILLAR UPPERL;136.18900000000000000000;SUZUKI;NEW CIAZ;;0
77151M82000;FILM, MEMBER 4TH MOUNTING;6.97000000000000000000;SUZUKI;NEW CIAZ;;0
77180M79M00-5PK;GARNISH FR PILLAR OUTERR;36.26600000000000000000;SUZUKI;NEW CIAZ;;0
77190M55R00;GARNISH COMP,QUARTER,L;56.59400000000000000000;SUZUKI;NEW CIAZ;;0
77190M79M00-5PK;GARNISH FR PILLAR OUTERL;36.26700000000000000000;SUZUKI;NEW CIAZ;;0
77191M76M00-5PK;GARNISHFR PILLAR OUTER LH;28.19300000000000000000;SUZUKI;NEW CIAZ;;0
77210-70L00-ZRJ;GUARD,SIDE SPLASH,R(RED);3843.41700000000000000000;SUZUKI;NEW CELERIO POP 6AB;;0
77211M55T00-799;GUARD,SIDE SILL SPLASH,RH;534.99200000000000000000;SUZUKI;NEW CELERIO POP 6AB;;0
77211M74L00;GUARD, SIDE SILL SPLASH RH;146.54400000000000000000;SUZUKI;NEW CIAZ;;0
77220-62R10-5PK;GUARD,FR SPLASH,L(BLACK);328.95600000000000000000;SUZUKI;NEW CELERIO POP 6AB;;0
77220-70L00-ZRJ;GUARD,SIDE SPLASH,L(RED);3498.81400000000000000000;SUZUKI;NEW CELERIO POP 6AB;;0
77220M76T00-5PK;GUARD ASSY,FR FENDER SPLASH,L;87.77900000000000000000;SUZUKI;NEW CELERIO POP 6AB;;0
77221M55T00-799;GUARD,SIDE SILL SPLASH,L(PRIMARY);534.99200000000000000000;SUZUKI;NEW CELERIO POP 6AB;;0
77221M74L00;GUARD, SIDE SILL SPLASH LH;146.54400000000000000000;SUZUKI;NEW CIAZ;;0
77230M79M00;HOLDER, LICENSE LAMP;20.28900000000000000000;SUZUKI;NEW CIAZ;;0
77241M79M00;COVER,TRUNK LID SWITCH;31.28700000000000000000;SUZUKI;NEW CIAZ;;0
77250M79M10-0PG;GARNISH,TRUNK LID;87.85900000000000000000;SUZUKI;NEW CIAZ;;0
77260-62R10-5PK;GUARD,RR FNDR SPLASH,L(BLACK);362.01700000000000000000;SUZUKI;NEW CELERIO POP 6AB;;0
77260M76T00-5PK;GUARD ASSY,RR FENDER SPLASH,L;72.04600000000000000000;SUZUKI;NEW CELERIO POP 6AB;;0
77330-78R00-000;OUTLET COMP,VENTILATOR;124.64100000000000000000;SUZUKI;NEW CELERIO POP 6AB;;0
77330M68P00;OUTLET,VENTILATOR;50.76900000000000000000;SUZUKI;NEW CELERIO POP 6AB;;0
77330M74L11;OUTLET COMP,VENTILATOR;45.78400000000000000000;SUZUKI;NEW CIAZ;;0
77330M74L21;OUTLET COMP,VENTILATOR;44.97900000000000000000;SUZUKI;NEW CIAZ;;0
77330M76M00;OUTLET COMP,VENTILATOR;39.32200000000000000000;SUZUKI;NEW CIAZ;;0
77330M81R00;OUTLET COMP,VENTILATOR;44.64100000000000000000;SUZUKI;NEW CELERIO POP 6AB;;0
77511-78R00-5PK;GUARD, FR SPLASH RH (BLACK;397.05600000000000000000;SUZUKI;NEW CELERIO POP 6AB;;0
77521-78R00-5PK;GUARD, FR SPLASH LH (BLACK;397.05600000000000000000;SUZUKI;NEW CELERIO POP 6AB;;0
77531-78R00-5PK;GUARD, RR SPLASH RH (BLACK;423.61800000000000000000;SUZUKI;NEW CELERIO POP 6AB;;0
77535-78R00-000;STRAKE, REAR RH;67.65400000000000000000;SUZUKI;NEW CELERIO POP 6AB;;0
77541-78R00-5PK;GUARD, RR SPLASH LH (BLACK;423.61800000000000000000;SUZUKI;NEW CELERIO POP 6AB;;0
77545-78R00-000;STRAKE,REAR,L;67.65400000000000000000;SUZUKI;NEW CELERIO POP 6AB;;0
77550-78R00-5PK;GUARD SIDE SILL SPLASH RH;405.43200000000000000000;SUZUKI;NEW CELERIO POP 6AB;;0
77550M80T00-5PK;GUARD ASSY, SIDE SILL SPLASHRH;718.54400000000000000000;SUZUKI;NEW CELERIO POP 6AB;;0
77551-78R00-5PK;GUARD, SIDE SILL SPLASH RH;372.33409500000000000000;SUZUKI;NEW CELERIO POP 6AB;;0
77552-78R00-000;PROTECTOR, SIDE SILL SPLASH;76.23000000000000000000;SUZUKI;NEW CELERIO POP 6AB;;0
77560-78R00-5PK;GUARD SIDE SILL SPLASH LH;405.43200000000000000000;SUZUKI;NEW BALENO 6AB;;0
77560M80T00-5PK;GUARD ASSY,SIDE SILL SPLASH,L;754.47100000000000000000;SUZUKI;NEW CELERIO POP 6AB;;0
77561-78R00-5PK;GUARD, SIDE SILL SPLASH LH;405.43200000000000000000;SUZUKI;NEW CELERIO POP 6AB;;0
77581-78R00-000;HOLDER, RR FENDER SPLASH RH;32.52600000000000000000;SUZUKI;NEW CELERIO POP 6AB;;0
77590M80T00-5PK;GUARD ASSY,REAR DOOR SPLASH,R;221.86400000000000000000;SUZUKI;NEW CELERIO POP 6AB;;0
77591-78R00-000;HOLDER, RR FENDER SPLASH LH;32.52600000000000000000;SUZUKI;NEW CIAZ;;0
77690M80T00-5PK;GUARD ASSY,REAR DOOR SPLASH,L;221.86400000000000000000;SUZUKI;NEW CELERIO POP 6AB;;0
77811-63J00-0PG;EMBLEM, MARK S (CHROME);95.64900000000000000000;SUZUKI;NEW CELERIO POP 6AB;;0
77831-54P00-0PG;EMBLEM, VITARA (CHROME);92.57600000000000000000;SUZUKI;NEW CIAZ;;0
77831-71L00-0PG;EMBLEM,SWIFT;43.21500000000000000000;SUZUKI;NEW CELERIO POP 6AB;;0
77831M56R00-0PG;EMBLEM(DZIRE);43.58800000000000000000;SUZUKI;NEW CELERIO POP 6AB;;0
77831M62S00-0PG;EMBLEM (CHROME) S-PRESSO;36.97700000000000000000;SUZUKI;NEW CIAZ;;0
77831M73R00-0PG;EMBLEM(CHROME);33.55700000000000000000;SUZUKI;NEW CIAZ;;0
77832-78R00-0PG;EMBLEM, JIMNY (CHROME);95.40900000000000000000;SUZUKI;NEW CIAZ;;0
77841-70L00-DFT;EMBLEM,SPORT;42.42300000000000000000;SUZUKI;NEW CELERIO POP 6AB;;0
77851M54G00-0PG;EMBLEM (CHROME) VVT;22.84600000000000000000;SUZUKI;NEW CELERIO POP 6AB;;0
78110-78R50-6GS;LINING, ROOF (GRAY;1579.59900000000000000000;SUZUKI;NEW CELERIO POP 6AB;;0
78110M76M10-6GS;LINING COMPROOF;372.50200000000000000000;SUZUKI;NEW CIAZ;;0
78110M79M10-V6N;LINING ROOF (GRAY);523.03200000000000000000;SUZUKI;NEW CIAZ;;0
78110M79M30-V6N;LINING ROOF (GRAY);472.71600000000000000000;SUZUKI;NEW CIAZ;;0
78111M81R60-6GS;"LINING ROOF ";264.08900000000000000000;SUZUKI;NEW BALENO 6AB;;0
78121-77R00-000;ABSORBER,ROOF SIDE INNER FR,R;86.87900000000000000000;SUZUKI;NEW CIAZ;;0
78121M56R00;ABSORBER,ROOF SIDE RAIL FR,RH;16.55300000000000000000;SUZUKI;NEW CIAZ;;0
78122-77R00-000;ABSORBER,ROOF SIDE INNER FR,L;86.87900000000000000000;SUZUKI;NEW CIAZ;;0
78123-77R00-000;ABSORBER,ROOF SIDE INNER RR,R;89.89200000000000000000;SUZUKI;NEW CIAZ;;0
78124-77R00-000;ABSORBER,ROOF SIDE INNER RR,L;89.89200000000000000000;SUZUKI;NEW CIAZ;;0
78130-71L01-000;MOLDING,ROOF,R;185.11400000000000000000;SUZUKI;NEW CELERIO POP 6AB;;0
78130M74L00;MOLDING, ROOF RH;169.00500000000000000000;SUZUKI;NEW CIAZ;;0
78131-78R00-5PK;MOLDING,ROOF DRIP REAR (BLACK;181.30300000000000000000;SUZUKI;NEW CELERIO POP 6AB;;0
78131M62S00;MOLDING ROOF RH;67.73500000000000000000;SUZUKI;NEW CIAZ;;0
78131M72R01;MOLDING ROOF RH;64.26000000000000000000;SUZUKI;NEW CIAZ;;0
78140-71L01-000;MOLDING,ROOF,L;185.11400000000000000000;SUZUKI;NEW CELERIO POP 6AB;;0
78140M74L00;MOLDING, ROOF LH;169.00600000000000000000;SUZUKI;NEW CIAZ;;0
78141-78R00-5PK;"MOLDING,ROOF DRIP SIDE,R ";217.19600000000000000000;SUZUKI;NEW CELERIO POP 6AB;;0
78141M56R01;MOLDING ROOF LH;110.18300000000000000000;SUZUKI;NEW CIAZ;;0
78141M72R01;MOLDING ROOF LH;95.76000000000000000000;SUZUKI;NEW CIAZ;;0
78142-78R01-5PK;CAP,ROOF DRIP MOLDING FR,R;48.65300000000000000000;SUZUKI;NEW CELERIO POP 6AB;;0
78142-78R02-5PK;CAP,ROOF MOLDING FR,R(BLACK);48.65300000000000000000;SUZUKI;NEW CELERIO POP 6AB;;0
78143-78R00-5PK;CAP,ROOF DRIP MOLDING RR,R;118.84900000000000000000;SUZUKI;NEW CELERIO POP 6AB;;0
78151-78R00-5PK;"MOLDING,ROOF DRIP SIDE,L ";217.19600000000000000000;SUZUKI;NEW CELERIO POP 6AB;;0
78151M76M00;MOLDING,ROOF,R;54.15600000000000000000;SUZUKI;NEW CIAZ;;0
78152-78R01-5PK;CAP,ROOF DRIP MOLDING FR,L;48.65300000000000000000;SUZUKI;NEW CELERIO POP 6AB;;0
78152-78R02-5PK;CAP,ROOF MOLDING FR,L(BLACK);17.58500000000000000000;SUZUKI;NEW CELERIO POP 6AB;;0
78153-78R00-5PK;CAP,ROOF DRIP MOLDING RR,L;118.84900000000000000000;SUZUKI;NEW CELERIO POP 6AB;;0
78161M76M00;MOLDING,ROOF,L;56.35800000000000000000;SUZUKI;NEW CIAZ;;0
78172-77R00-6GS;CAP,INSIDE REAR VIEW MIRROR(GRAY);97.78800000000000000000;SUZUKI;NEW BALENO 6AB;;0
78460-78003-281;HANDLE,DR WINDOW RGLTR;40.88500000000000000000;SUZUKI;NEW CELERIO POP 6AB;;0
78771-54P00-000;DEFLECTOR,SLIDING ROOF APK416;363.98800000000000000000;SUZUKI;NEW CIAZ;;0
78773-61M00-000;LINK,DEFLECTOR ASSY,L,AKK416;85.65500000000000000000;SUZUKI;NEW CIAZ;;0
78775-61M00-000;LINK, CONNECTOR AKK416;85.65900000000000000000;SUZUKI;NEW CIAZ;;0
78901-54P00-000;"MULTI ROOF RACK WITH RR ";484.98300000000000000000;SUZUKI;NEW CIAZ;;0
79111M55R31;"ID VIN PLATE ";209.24300000000000000000;SUZUKI;NEW CIAZ;;0
79161M76M00;PLACARD,TIRE INFORMATION;5.09400000000000000000;SUZUKI;NEW CIAZ;;0
81730-77R00-000;"SASH, FRONT DOOR REAR,R ";67.65400000000000000000;SUZUKI;NEW CIAZ;;0
81730M76M00;SASH, FR DR REAR LOWER RH;29.37300000000000000000;SUZUKI;NEW CIAZ;;0
81740-77R00-000;"SASH, FRONT DOOR REAR,L ";76.22500000000000000000;SUZUKI;NEW CIAZ;;0
81740M76M00;SASH, FR DR REAR LOWER LH;29.37300000000000000000;SUZUKI;NEW CIAZ;;0
81740M81R00;SASH COMPFR DR REAR LOWE;21.75250000000000000000;SUZUKI;;;0
81770M55T00;SASH ,REAR DOOR REAR,RH;46.25300000000000000000;SUZUKI;NEW CIAZ;;0
81770M74L00;SASH, REAR RH;74.16400000000000000000;SUZUKI;NEW CIAZ;;0
81770M76M00;SASH COMP,REAR DOOR CENTE;71.64100000000000000000;SUZUKI;NEW CIAZ;;0
81770M79M10;SASH COMP,REAR DOOR CENTE;87.45100000000000000000;SUZUKI;NEW CIAZ;;0
81780M74L00;SASH, REAR LH;84.71800000000000000000;SUZUKI;NEW CIAZ;;0
81780M74L00-000;SASH REAR LH;0.00000000000000000000;SUZUKI;NEW CIAZ;;0
81780M76M00;SASH COMP,REAR DOOR CENTE;71.64100000000000000000;SUZUKI;NEW CIAZ;;0
81780M79M10;SASH COMP,REAR DOOR CENTE;87.45100000000000000000;SUZUKI;NEW CIAZ;;0
81780M81R00;SASH COMPREAR DOOR REAR;38.11500000000000000000;SUZUKI;;;0
81810-54P00-000;STOP,FR DR OPEN, AZG412;91.13300000000000000000;SUZUKI;NEW CELERIO POP 6AB;;0
81810M81R00;STOP COMP DOOR OPEN;60.09300000000000000000;SUZUKI;NEW CELERIO POP 6AB;;0
81830M66R00;STOP, REAR DOOR OPEN;91.09200000000000000000;SUZUKI;NEW CIAZ;;0
81850-77R00-000;BALANCER,  BACK DOOR;185.85900000000000000000;SUZUKI;NEW CIAZ;;0
81850-77R01-000;BALANCER COMP,BACK DOOR;131.94300000000000000000;SUZUKI;NEW CIAZ;;0
81850M55R00;BALANCER, BACK DOOR RH;122.21700000000000000000;SUZUKI;NEW CIAZ;;0
81850M74L00;BALANCER, BACK DOOR RH;76.37300000000000000000;SUZUKI;NEW CIAZ;;0
81850M76M00;BALANCER COMP,BACK DOOR,R;120.14100000000000000000;SUZUKI;NEW CIAZ;;0
81850M76M10;BALANCER COMP,BACK DOOR,R;120.14100000000000000000;SUZUKI;NEW CELERIO POP 6AB;;0
81850M81R00;BALANCER COMP,BACK DOOR,R;252.75600000000000000000;SUZUKI;NEW CIAZ;;0
81860M55R00;BALANCER, BACK DOOR LH;122.21700000000000000000;SUZUKI;NEW CIAZ;;0
81860M74L00;BALANCER, BACK DOOR LH;76.37300000000000000000;SUZUKI;NEW CIAZ;;0
81860M76M00;BALANCER COMP,BACK DOOR,L;120.14100000000000000000;SUZUKI;NEW CIAZ;;0
81860M76M10;BALANCER COMP,BACK DOOR,L;120.14100000000000000000;SUZUKI;NEW CELERIO POP 6AB;;0
81860M81R00;BALANCER,BACK DOOR,L;164.56400000000000000000;SUZUKI;NEW CIAZ;;0
82081M55T00-0PG;SET,HANDLE & ANTENNA ASSY,RH;285.55600000000000000000;SUZUKI;NEW CIAZ;;0
82082M55T00-0PG;SET,HANDLE & ANTENNA ASSY,LH;285.55800000000000000000;SUZUKI;NEW CIAZ;;0
82082M66R40-ZHJ;HANDLE, FRONT DOOR OUT LH;243.09500000000000000000;SUZUKI;NEW CELERIO POP 6AB;;0
82110M55T10;LATCH,HOOD;308.74200000000000000000;SUZUKI;NEW CIAZ;;0
82110M81R30;LATCH COMP,HOOD;206.91100000000000000000;SUZUKI;NEW CIAZ;;0
82150M55T00;LEVER ,HOOD LATCH RELEASE;51.56600000000000000000;SUZUKI;NEW CIAZ;;0
82160M50S00;CABLE, HOOD LATCH RELEASE;73.62100000000000000000;SUZUKI;NEW CELERIO POP 6AB;;0
82160M55R00;CABLE COMP, HOOD LATCH RELEASE;77.07500000000000000000;SUZUKI;NEW CELERIO POP 6AB;;0
82160M55R10;CABLE, HOOD LATCH RELEASE;77.07500000000000000000;SUZUKI;NEW CELERIO POP 6AB;;0
82160M55T00;CABLE ,HOOD LATCH RELEASE;120.96000000000000000000;SUZUKI;NEW CELERIO POP 6AB;;0
82160M62S10;CABLE, HOOD LATCH RELEASE;70.59300000000000000000;SUZUKI;NEW CELERIO POP 6AB;;0
82160M68P00;CABLE COMP, HOOD LATCH RELEASE;83.79500000000000000000;SUZUKI;NEW CELERIO POP 6AB;;0
82160M72R00;CABLE COMP,HOOD LATCH RELEASE;104.13300000000000000000;SUZUKI;NEW CELERIO POP 6AB;;0
82160M74L00;CABLE COMP, HOOD LATCH RELEASE;74.88100000000000000000;SUZUKI;NEW CELERIO POP 6AB;;0
82160M74T00;CABLE COMP,HOOD LATCH RELEASE;113.20600000000000000000;SUZUKI;NEW CELERIO POP 6AB;;0
82160M76M10;CABLE COMP,HOOD LATCH RELEAS|;68.67200000000000000000;SUZUKI;NEW CELERIO POP 6AB;;0
82160M79M00;CABLE COMP, HOOD LATCH RELEASE;89.26800000000000000000;SUZUKI;NEW CELERIO POP 6AB;;0
82160M81R10;CABLE,HOOD LATCH RELEASE;67.81800000000000000000;SUZUKI;NEW CELERIO POP 6AB;;0
82160M82R00;CABLE,HOOD LATCH RELEASE;90.00000000000000000000;SUZUKI;NEW CELERIO POP 6AB;;0
82201M55T30;LATCH ASSY,FRONT DOOR,RH;428.29500000000000000000;SUZUKI;NEW CIAZ;;0
82201M55T50;LATCH ASSY,FRONT DOOR,RH;484.76600000000000000000;SUZUKI;NEW CIAZ;;0
82201M74LB2;LATCH ASSY,FRONT DOOR,R;196.43300000000000000000;SUZUKI;NEW CIAZ;;0
82201M74LD0;LATCH ASSY, FRONT DOOR RH;196.43300000000000000000;SUZUKI;NEW CIAZ;;0
82201M76M00;LATCH ASSY,FRONT DOOR,R;151.02100000000000000000;SUZUKI;NEW CIAZ;;0
82201M76M33;LATCH ASSY FRONT DOOR RH;143.82912000000000000000;SUZUKI;NEW CELERIO POP 6AB;;0
82201M79M32;LATCH ASSY, FRONT DOOR RH;148.89200000000000000000;SUZUKI;NEW CIAZ;;0
82201M79M50;LATCH ASSY, FRONT DOOR RH;221.47700000000000000000;SUZUKI;NEW CIAZ;;0
82201M81R10;LATCH ASSY,FRONT DOOR,R;259.96000000000000000000;SUZUKI;NEW CIAZ;;0
82201M81R20;LATCH ASSY,FRONT DOOR,R;280.96000000000000000000;SUZUKI;NEW CIAZ;;0
82202M55T10;LATCH ASSY,FRONT DOOR,LH;453.32300000000000000000;SUZUKI;NEW CELERIO POP 6AB;;0
82202M55T40;LATCH ASSY,FRONT DOOR,LH;498.91000000000000000000;SUZUKI;NEW CELERIO POP 6AB;;0
82202M74LB2;LATCH ASSY,FRONT DOOR,L;171.39400000000000000000;SUZUKI;NEW CIAZ;;0
82202M74LD0;LATCH ASSY, FRONT DOOR LH;239.97100000000000000000;SUZUKI;NEW CIAZ;;0
82202M76M12;LATCH ASSY FRONT DOOR LH;168.35500000000000000000;SUZUKI;NEW CIAZ;;0
82202M79M10;LATCH ASSY, FRONT DOOR LH;159.40800000000000000000;SUZUKI;NEW CIAZ;;0
82210-77R20-000;"LATCH, FRONT DOOR,R ";223.03000000000000000000;SUZUKI;NEW CIAZ;;0
82210-77R21-000;LATCH,FRONTDOOR,R;168.76200000000000000000;SUZUKI;NEW CIAZ;;0
82210-77R23-000;LATCH,FRONT DOOR,R;158.27100000000000000000;SUZUKI;NEW CIAZ;;0
82250-77R10-000;"LATCH, FRONT DOOR,L ";185.85900000000000000000;SUZUKI;NEW CIAZ;;0
82250-77R11-000;LATCH,FRONT DOOR,L;185.85900000000000000000;SUZUKI;NEW CIAZ;;0
82250-77R13-000;LATCH,FRONT DOOR,L;131.94300000000000000000;SUZUKI;NEW CIAZ;;0
82270-77830-000;"CYLINDER SET,FR DR LATCH,R ";235.87400000000000000000;SUZUKI;NEW CIAZ;;0
82280-54850-000;CYLINDER,FR DOOR LOCK APK416;473.42700000000000000000;SUZUKI;NEW BALENO 6AB;;0
82280-54851-000;CYLINDER,FR DOOR LOCK APK416;473.42700000000000000000;SUZUKI;NEW BALENO 6AB;;0
82280-77830-000;"CYLINDER SET,FR DR LATCH,L ";235.87400000000000000000;SUZUKI;NEW CIAZ;;0
82301-54P01-000;LATCH,FRONT;375.84900000000000000000;SUZUKI;NEW CELERIO POP 6AB;;0
82301-54P02-000;LATCH ASSY,REAR DOOR,R APK416;375.84900000000000000000;SUZUKI;NEW CELERIO POP 6AB;;0
82301M55R11;LATCH ASSY REAR DOOR RH;255.00100000000000000000;SUZUKI;NEW CELERIO POP 6AB;;0
82301M56R11;LATCH ASSY REAR DOOR RH;250.10700000000000000000;SUZUKI;NEW CELERIO POP 6AB;;0
82301M56R12;LATCH ASSY REAR DOOR RH;250.10700000000000000000;SUZUKI;NEW BALENO 6AB;;0
82301M62S20;LATCH ASSY,REAR DOOR,RH;169.58800000000000000000;SUZUKI;NEW CELERIO POP 6AB;;0
82301M68P11;LATCH ASSY,REAR DOOR,R;248.58800000000000000000;SUZUKI;NEW CELERIO POP 6AB;;0
82301M68P14;LATCH ASSY REAR DOOR RH;261.01700000000000000000;SUZUKI;NEW CELERIO POP 6AB;;0
82301M72R10;LATCH ASSY, REAR DOOR RH;299.68800000000000000000;SUZUKI;NEW CELERIO POP 6AB;;0
82301M72S12;LATCH ASSY REAR DOOR RH;299.68800000000000000000;SUZUKI;NEW CELERIO POP 6AB;;0
82301M74LA2;LATCH ASSY,REAR DOOR,R;210.33200000000000000000;SUZUKI;NEW CELERIO POP 6AB;;0
82301M74T10;LATCH ASSY,REAR DOOR,R;305.98600000000000000000;SUZUKI;NEW CELERIO POP 6AB;;0
82301M76M00;LATCH ASSY,REAR DOOR,R;190.80000000000000000000;SUZUKI;NEW CELERIO POP 6AB;;0
82301M76M13;"LATCH REAR DOOR R ";220.35600000000000000000;SUZUKI;NEW CIAZ;;0
82301M76M14;LATCH ASSY REAR DOOR RH;190.80000000000000000000;SUZUKI;NEW CELERIO POP 6AB;;0
82301M79M11;LATCH ASSY,REAR DOOR,RH;269.23600000000000000000;SUZUKI;NEW CELERIO POP 6AB;;0
82301M79MK0;LATCH ASSY,REAR DOOR,RH;269.23600000000000000000;SUZUKI;NEW CELERIO POP 6AB;;0
82301M81R10;LATCH ASSY,REAR DOOR,R;201.30000000000000000000;SUZUKI;NEW CELERIO POP 6AB;;0
82302-54P01-000;LATCH,REAR D;375.84900000000000000000;SUZUKI;NEW CELERIO POP 6AB;;0
82302-54P02-000;LATCH ASSY,REAR DOOR,L APK416;375.84900000000000000000;SUZUKI;NEW CELERIO POP 6AB;;0
82302M55R11;LATCH ASSY REAR DOOR LH;255.00100000000000000000;SUZUKI;NEW CELERIO POP 6AB;;0
82302M55R12;LATCH ASSY REAR DOOR LH;255.00100000000000000000;SUZUKI;NEW CELERIO POP 6AB;;0
82302M55T10;LATCH ASSY,REAR DOOR,LH;274.89500000000000000000;SUZUKI;NEW CELERIO POP 6AB;;0
82302M56R10;LATCH ASSY, REAR DOOR, L;238.10600000000000000000;SUZUKI;NEW CELERIO POP 6AB;;0
82302M56R12;LATCH ASSY, REAR DOOR, L;238.10600000000000000000;SUZUKI;NEW CELERIO POP 6AB;;0
82302M56R13;LATCH ASSY REAR DOOR LH;250.01100000000000000000;SUZUKI;NEW CELERIO POP 6AB;;0
82302M62S20;LATCH ASSY,REAR DOOR,LH;169.58800000000000000000;SUZUKI;NEW CELERIO POP 6AB;;0
82302M68P11;LATCH ASSY,REAR DOOR,L;261.01800000000000000000;SUZUKI;NEW CELERIO POP 6AB;;0
82302M72R10;LATCH ASSY, REAR DOOR LH;299.68800000000000000000;SUZUKI;NEW CELERIO POP 6AB;;0
82302M72S12;LATCH ASSY, REAR DOOR LH;299.68800000000000000000;SUZUKI;NEW CELERIO POP 6AB;;0
82302M74LA2;LATCH ASSY,REAR DOOR,L;210.33300000000000000000;SUZUKI;NEW CELERIO POP 6AB;;0
82302M74T10;LATCH ASSY,REAR DOOR,L;305.98600000000000000000;SUZUKI;NEW CELERIO POP 6AB;;0
82302M76M00;LATCH ASSY,REAR DOOR,L;190.80000000000000000000;SUZUKI;NEW CELERIO POP 6AB;;0
82302M76M13;"LATCH REAR DOOR L ";220.35600000000000000000;SUZUKI;NEW CIAZ;;0
82302M76M14;LATCH ASSY FRONT DOOR LH;190.80000000000000000000;SUZUKI;NEW CELERIO POP 6AB;;0
82302M76T11;LATCH ASSY,RR DR,L;291.46400000000000000000;SUZUKI;NEW CELERIO POP 6AB;;0
82302M79M11;LATCH ASSY,REAR DOOR,L;256.41500000000000000000;SUZUKI;NEW CELERIO POP 6AB;;0
82302M79M13;LATCH ASSY,REAR DOOR,L;269.23600000000000000000;SUZUKI;NEW CELERIO POP 6AB;;0
82302M79MK0;LATCH ASSY,REAR DOOR,LH;269.23600000000000000000;SUZUKI;NEW CELERIO POP 6AB;;0
82302M81R10;LATCH ASSY,REAR DOOR,L;201.30000000000000000000;SUZUKI;NEW CELERIO POP 6AB;;0
82510-77R10-000;"LATCH ASSY,BACK DOOR ";365.18200000000000000000;SUZUKI;NEW CIAZ;;0
82510M55R22;LATCH ASSY,BACK DOOR;192.78700000000000000000;SUZUKI;NEW CIAZ;;0
82510M74LA1;LATCH, BACK DOOR;155.84300000000000000000;SUZUKI;NEW CIAZ;;0
82510M76M00;LATCH ASSY,BACK DOOR;111.65600000000000000000;SUZUKI;NEW CIAZ;;0
82510M76M10;LATCH ASSY,BACK DOOR;214.77000000000000000000;SUZUKI;NEW CIAZ;;0
82510M81R00;LATCH ASSY,BACK DOOR;231.15400000000000000000;SUZUKI;NEW CIAZ;;0
82520-77R00-000;"LINK, BACK DOOR LATCH ";165.30000000000000000000;SUZUKI;NEW CIAZ;;0
82610M76M01;STRIKER, DOOR LATCH;13.49100000000000000000;SUZUKI;NEW CELERIO POP 6AB;;0
82610M82P00;STRIKERCOMP,DOORLATCH;77.70000000000000000000;SUZUKI;NEW CIAZ;;0
82761-77R00-000;STOPPER, BACK DOOR LOWER;19.51500000000000000000;SUZUKI;NEW CIAZ;;0
82801M69R50-26U;HANDLE ASSYSIDE DOOR OUT RH (WHITE);67.73600000000000000000;SUZUKI;NEW CELERIO POP 6AB;;0
82802M69R50-26U;HANDLE ASSYSIDE DOOR OUT LH (WHITE);96.63100000000000000000;SUZUKI;NEW CELERIO POP 6AB;;0
82810-57830-ZNL;HANDLE, SIDE DR OUT (WHITE);345.29300000000000000000;SUZUKI;NEW CELERIO POP 6AB;;0
82810M79820-ZHJ;HANDLE DOOR OUT (WHITE);143.90000000000000000000;SUZUKI;NEW CIAZ;;0
82811M79M10;FRAME, DOOR OUT RH;44.86400000000000000000;SUZUKI;NEW CIAZ;;0
82812M72R00;.BRACKET,FR DR OUT HANDLE,RH;9.79100000000000000000;SUZUKI;NEW CIAZ;;0
82812M79M00-ZAM;HANDLE SIDE DOOR OUT(BLACK);104.64500000000000000000;SUZUKI;NEW CIAZ;;0
82812M79M00-ZHJ;HANDLE DOOR OUT (WHITE);97.38300000000000000000;SUZUKI;NEW CIAZ;;0
82812M79M00-ZQM;HANDLE SIDE DOOR OUT(WHITE);104.73700000000000000000;SUZUKI;NEW CIAZ;;0
82812M79M20-0PG;HANDLE SIDE DOOR OUT;141.14800000000000000000;SUZUKI;NEW CIAZ;;0
82812M79M30-0PG;HANDLE SIDE DOOR OUT;180.77100000000000000000;SUZUKI;NEW CELERIO POP 6AB;;0
82813-57L10-ZNL;CAP, FRONT DOOR OUT LH (WHITE);105.89900000000000000000;SUZUKI;NEW CIAZ;;0
82814M79M00;PAD, DOOR OUT;2.55900000000000000000;SUZUKI;NEW CIAZ;;0
82815M79M00;CUSHION, DOOR OUT;2.87800000000000000000;SUZUKI;NEW CIAZ;;0
82820M72R20-ZAM;HANDLE FRONT DOOR OUT L;150.08700000000000000000;SUZUKI;NEW CIAZ;;0
82821M79M10;FRAME, DOOR OUT LH;44.86400000000000000000;SUZUKI;NEW CIAZ;;0
82830M68P10-ZHJ;HANDLEREAR DOOR OUTR(WHITE);160.07500000000000000000;SUZUKI;NEW CELERIO POP 6AB;;0
82830M68P20-0PG;HANDLE, DOOR OUT REAR R;172.02100000000000000000;SUZUKI;NEW CELERIO POP 6AB;;0
82833M75J00-5PK;CAPREAR DOOR OUT;45.46400000000000000000;SUZUKI;NEW CIAZ;;0
82833M79M00-ZAM;CAP DOOR OUT (BLACK)(BLACK);82.42600000000000000000;SUZUKI;NEW CIAZ;;0
82833M79M00-ZHJ;CAP DOOR OUT LH (WHITE);77.49600000000000000000;SUZUKI;NEW CIAZ;;0
82833M79M00-ZQM;CAP DOOR OUT (BLACK)(WHITE);77.27800000000000000000;SUZUKI;NEW CIAZ;;0
82833M79M10-0PG;CAP DOOR OUT;38.61300000000000000000;SUZUKI;NEW CIAZ;;0
82840M55R00-5PK;HANDLE, REAR DOOR OUT LH;152.38200000000000000000;SUZUKI;NEW CELERIO POP 6AB;;0
82840M68P20-0PG;HANDLE, DOOR OUT REAR L;172.02100000000000000000;SUZUKI;NEW CELERIO POP 6AB;;0
82841M79M00;FRAME, DOOR OUT LH;44.86400000000000000000;SUZUKI;NEW CIAZ;;0
82841M82G02;HANDLE,BACK DOOR INNER;8.19400000000000000000;SUZUKI;NEW CELERIO POP 6AB;;0
82850-77R00-5PK;HANDLE ASSY,BACK DOOR (BLACK;148.68700000000000000000;SUZUKI;NEW CIAZ;;0
82850M72R10;HANDLE ASSY,BACK DOOR LOCK;100.60500000000000000000;SUZUKI;NEW CELERIO POP 6AB;;0
82850M76M00;HANDLE ASSY,BACK DOOR LOCK;100.80500000000000000000;SUZUKI;NEW CELERIO POP 6AB;;0
82850M76M00-5PK;HANDLE ASSYBACK DOOR LOCK;100.80500000000000000000;SUZUKI;NEW CIAZ;;0
82850M76M10-ZTG;HANDLE,BACKDOOR;100.80500000000000000000;SUZUKI;NEW CELERIO POP 6AB;;0
82850M81R00;HANDLE ASSY,BACK DOOR LOCK;62.00000000000000000000;SUZUKI;NEW CELERIO POP 6AB;;0
82850M81R00-5PK;HANDLE ASSY,BACK DOOR LOCK;115.01100000000000000000;SUZUKI;NEW CELERIO POP 6AB;;0
83110-63JA1-5PK;HANDLE,DRINSIDE,R;59.06800000000000000000;SUZUKI;NEW CIAZ;;0
83110M62S00;HANDLE SIDE DOOR INSIDE RH;44.01600000000000000000;SUZUKI;NEW CIAZ;;0
83110M62S10-GJL;HANDLE COMP,SIDE DOOR INSIDE,R;61.88300000000000000000;SUZUKI;NEW CIAZ;;0
83130M62S00;HANDLE SIDE DOOR INSIDE LH;44.01600000000000000000;SUZUKI;NEW CELERIO POP 6AB;;0
83130M74L10-C48;HANDLE ASSY DOOR INSIDE LH;94.24400000000000000000;SUZUKI;NEW CELERIO POP 6AB;;0
83130M76M00-5PK;HANDLESIDE DOOR INSIDE LH;63.79700000000000000000;SUZUKI;NEW CIAZ;;0
83401-54P02-000;REGULATOR,FR;921.74000000000000000000;SUZUKI;NEW CELERIO POP 6AB;;0
83401-77R20-000;"REGULATOR ASSY,FRONT WINDOW,R ";383.43800000000000000000;SUZUKI;NEW CELERIO POP 6AB;;0
83401M55R00;APPAREIL MONTE GLASSE AV DROIT;268.01334000000000000000;SUZUKI;NEW CELERIO POP 6AB;;0
83401M55R01;REGULATOR ASSYFRONT WINDOWRH;268.01334000000000000000;SUZUKI;NEW CELERIO POP 6AB;;0
83401M56R00;REGULATOR ASSY, FRONT WINDOW,;268.01334000000000000000;SUZUKI;NEW CELERIO POP 6AB;;0
83401M62S00;REGULATOR ASSY, FR WINDOW,RH;250.79900000000000000000;SUZUKI;NEW CELERIO POP 6AB;;0
83401M68P00;REGULATOR ASSY,FRONT WINDOW,R|;389.61500000000000000000;SUZUKI;NEW CELERIO POP 6AB;;0
83401M74L12;REGULATOR ASSY,FRONT WINDOW;255.29500000000000000000;SUZUKI;NEW CELERIO POP 6AB;;0
83401M76M00;REGULATOR ASSY,FRONT WINDOW,R|;117.83349112500000000000;SUZUKI;NEW CELERIO POP 6AB;;0
83401M76M20;REGULATOR ASSY,FRONT WINDOW,R|;268.28900000000000000000;SUZUKI;NEW CELERIO POP 6AB;;0
83401M79M00;REGULATOR ASSY, FR WINDOW,RH;278.04184537500000000000;SUZUKI;NEW BALENO 6AB;;0
83401M79M20;REGULATOR ASSY,FRONT WINDOW,R;192.48400000000000000000;SUZUKI;NEW CELERIO POP 6AB;;0
83401M81R10;REGULATOR ASSY,FRONT WINDOW,R;127.59000000000000000000;SUZUKI;NEW CIAZ;;0
83402-54P12-000;REGULATOR,FR;877.99331875500000000000;SUZUKI;NEW CELERIO POP 6AB;;0
83402-77R10-000;"REGULATOR ASSY,FRONT WINDOW,L ";441.74100000000000000000;SUZUKI;NEW CELERIO POP 6AB;;0
83402M55R11;REGULATOR ASSY, FRONT WINDOW LH;281.41400000000000000000;SUZUKI;NEW CIAZ;;0
83402M56R00;REGULATOR ASSY,FRONT WINDOW,LH;281.41400000000000000000;SUZUKI;NEW CELERIO POP 6AB;;0
83402M56R10;REGULATOR ASSY, FRONT WINDOW,;281.41400000000000000000;SUZUKI;NEW CELERIO POP 6AB;;0
83402M62S00;REGULATOR ASSY, FR WINDOW,LH;283.43200000000000000000;SUZUKI;NEW CELERIO POP 6AB;;0
83402M68P00;REGULATOR ASSY,FRONT WINDOW,L|;401.77000000000000000000;SUZUKI;NEW CELERIO POP 6AB;;0
83402M68P41;REGULATOR ASSY,FRONT WINDOW,LH;401.77000000000000000000;SUZUKI;NEW CELERIO POP 6AB;;0
83402M74L12;REGULATOR ASSY,FRONT WINDOW |;255.92400000000000000000;SUZUKI;NEW CELERIO POP 6AB;;0
83402M76M00;REGULATOR ASSY,FRONT WINDOW,L|;184.18916250000000000000;SUZUKI;NEW CELERIO POP 6AB;;0
83402M76M20;REGULATORASSYFRONTWIND;268.28900000000000000000;SUZUKI;NEW CELERIO POP 6AB;;0
83402M79M10;REGULATOR ASSY,FR WINDOW,LH;292.90600000000000000000;SUZUKI;NEW CIAZ;;0
83402M81R10;REGULATOR ASSY,FRONT WINDOW,L;127.48900000000000000000;SUZUKI;NEW CIAZ;;0
83410-77R10-000;REGULATOR S/ASSY,FR WDO,R;204.44600000000000000000;SUZUKI;NEW CELERIO POP 6AB;;0
83440-77R10-000;REGULATOR S/ASSY,FR WDO,L;204.44600000000000000000;SUZUKI;NEW CELERIO POP 6AB;;0
83501-54P10-000;REGULATOR,RE;912.06400000000000000000;SUZUKI;NEW CELERIO POP 6AB;;0
83501M55R00;REGULATOR ASSY, REAR WINDOW, R;77.77200000000000000000;SUZUKI;NEW CELERIO POP 6AB;;0
83501M68P00;REGULATOR ASSY,REAR WINDOW,R |;353.56600000000000000000;SUZUKI;NEW CELERIO POP 6AB;;0
83501M76M00;REGULATOR ASSY,REAR WINDOW,R |;191.27800000000000000000;SUZUKI;NEW CELERIO POP 6AB;;0
83501M76M10;REGULATOR ASSY,REAR WINDOW,R |;189.57600000000000000000;SUZUKI;NEW CELERIO POP 6AB;;0
83501M79M00;REGULATOR ASSY,RR WINDOW RH;255.85800000000000000000;SUZUKI;NEW CELERIO POP 6AB;;0
83501M79M10;REGULATOR ASSY,REAR WINDOW,R;167.09500000000000000000;SUZUKI;NEW CELERIO POP 6AB;;0
83501M81R10;REGULATOR ASSY,REAR WINDOW,R;165.28900000000000000000;SUZUKI;NEW CIAZ;;0
83502-54P10-000;REGULATOR,RE;912.06400000000000000000;SUZUKI;NEW CELERIO POP 6AB;;0
83502M55R00;REGULATOR ASSY, REAR WINDOW, L;80.23500000000000000000;SUZUKI;NEW CELERIO POP 6AB;;0
83502M68P00;REGULATOR ASSY,REAR WINDOW,L;353.13700000000000000000;SUZUKI;NEW CELERIO POP 6AB;;0
83502M75J12;REGULATOR ASSY,REAR WINDOW,R |;219.85500000000000000000;SUZUKI;NEW CELERIO POP 6AB;;0
83502M76M00;REGULATOR ASSY,REAR WINDOW,L |;182.16965812500000000000;SUZUKI;NEW BALENO 6AB;;0
83502M76M10;REGULATOR ASSY,REAR WINDOW,L |;191.27800000000000000000;SUZUKI;NEW CELERIO POP 6AB;;0
83502M79M00;REGULATOR ASSY,RR WINDOW LH;255.78500000000000000000;SUZUKI;NEW CELERIO POP 6AB;;0
83502M81R10;REGULATOR ASSY,REAR WINDOW,L;165.28900000000000000000;SUZUKI;NEW CELERIO POP 6AB;;0
83510M62S00;REGULATOR ASSY REAR WINDOWR RH;82.16300000000000000000;SUZUKI;NEW CELERIO POP 6AB;;0
83540M62S00;REGULATOR ASSY REAR WINDOWR LH;82.16300000000000000000;SUZUKI;NEW CELERIO POP 6AB;;0
83640M72J00;CHANNEL,RR GLASS LH;35.12100000000000000000;SUZUKI;NEW CIAZ;;0
83661M76M00;RUN, FR DOOR GLASS RH;123.52900000000000000000;SUZUKI;NEW CIAZ;;0
83701M79M10-A6W;TRIM, FRONT DOOR RH;1308.44000000000000000000;SUZUKI;NEW CIAZ;;0
83701M82R10-DCT;TRIM, FRONT DOOR RH;341.87962000000000000000;SUZUKI;NEW CIAZ;;0
83703M82R01-DCT;TRIM,RR DR,R(BLACK/SILVER/CHROME);578.91500000000000000000;SUZUKI;NEW CELERIO POP 6AB;;0
83710M55RA0-CTN;"TRIM FR DOOR R ";578.41800000000000000000;SUZUKI;NEW CIAZ;;0
83710M56RA0-CTN;TRIM FR DOOR R;478.10500000000000000000;SUZUKI;NEW CIAZ;;0
83710M81R10-5PK;TRIM COMP,FRONT DOOR,R;328.10100000000000000000;SUZUKI;NEW CELERIO POP 6AB;;0
83715M56R10-5PK;BEZEL, FR DOOR TRIM, RH;41.44000000000000000000;SUZUKI;NEW CELERIO POP 6AB;;0
83720-77R10-5PK;TRIM, FRONT DOOR,L(BLACK);1512.54500000000000000000;SUZUKI;NEW CELERIO POP 6AB;;0
83720M55RB0-CTN;TRIM,FR DR,L(BLACK/GRAY);578.41800000000000000000;SUZUKI;NEW CELERIO POP 6AB;;0
83720M56RB0-CTN;TRIM FR DOOR R;478.10500000000000000000;SUZUKI;NEW CELERIO POP 6AB;;0
83720M68PU1-BZQ;TRIM FRONT DOOR LH;896.38900000000000000000;SUZUKI;NEW BALENO 6AB;;0
83720M76M40-C9Y;"FR L TRIM DOOR ";293.87700000000000000000;SUZUKI;NEW CIAZ;;0
83730M56RA0-5PK;TRIM RR DOOR R;412.81700000000000000000;SUZUKI;NEW CIAZ;;0
83730M76M10-5PK;TRIM,RR DR,R(BLACK);410.18000000000000000000;SUZUKI;NEW CELERIO POP 6AB;;0
83730M81R00-5PK;TRIM COMP,REAR DOOR,R;415.60800000000000000000;SUZUKI;NEW CELERIO POP 6AB;;0
83740-54P20-C8J;TRIM RR DOOR L;1215.48890000000000000000;SUZUKI;NEW CELERIO POP 6AB;;0
83740M56RA0-5PK;TRIM, REAR DOOR,LH;412.81700000000000000000;SUZUKI;NEW CELERIO POP 6AB;;0
83740M81R10-5PK;TRIM,REAR DOOR,L(BLACK);415.60800000000000000000;SUZUKI;NEW CELERIO POP 6AB;;0
83770-54P00-5PK;TRIM, BACK DOOR (BLACK);517.41700000000000000000;SUZUKI;NEW CIAZ;;0
83770-77R00-5PK;TRIM,  BACK DOOR (BLACK;406.56500000000000000000;SUZUKI;NEW CIAZ;;0
83770M74L00-5PK;TRIM BACK DOOR (GRAY);101.99700000000000000000;SUZUKI;NEW CIAZ;;0
83770M76M00-P4Z;TRIM BACK DOOR;52.41500000000000000000;SUZUKI;NEW CIAZ;;0
83790M81R00-5PK;GARNISH COMP,REAR DOOR INNER,L;145.81900000000000000000;SUZUKI;NEW CIAZ;;0
83797M74L00-5PK;GARNISH DOOR INNER LH (BLACK);44.87300000000000000000;SUZUKI;NEW CIAZ;;0
83811-77R00-000;"WEATHERSTRIP,FRONT DOOR OUT,R ";165.89100000000000000000;SUZUKI;NEW CIAZ;;0
83811M74L01;WEATHERSTRIP, FRONTDOOR O;101.16100000000000000000;SUZUKI;NEW CIAZ;;0
83811M79M00;WEATHERSTRIP, FR DOOR OUT;105.49400000000000000000;SUZUKI;NEW CIAZ;;0
83811M79M10;WEATHERSTRIP, FR DOOR OUT RH;175.76500000000000000000;SUZUKI;NEW CIAZ;;0
83811M81R00;WEATHERSTRIP,FRONT DOOR OUT,R;64.31700000000000000000;SUZUKI;NEW CIAZ;;0
83821-77R00-000;"WEATHERSTRIP,FRONT DOOR OUT,L ";165.89100000000000000000;SUZUKI;NEW CIAZ;;0
83821M74L01;WEATHERSTRIP, FRONTDOOR O;103.14800000000000000000;SUZUKI;NEW CIAZ;;0
83821M79M00;WEATHERSTRIP, FR DOOR OUT;105.49400000000000000000;SUZUKI;NEW CIAZ;;0
83821M81R00;WEATHERSTRIP,FRONT DOOR OUT,L;89.45100000000000000000;SUZUKI;NEW CIAZ;;0
83831M74L01;WEATHERSTRIP, REAR DOOR O;101.00400000000000000000;SUZUKI;NEW CIAZ;;0
83831M76M00;WEATHERSTRIP,REAR DOOR OU;83.22200000000000000000;SUZUKI;NEW CIAZ;;0
83831M79M00;WEATHERSTRIP, RR DOOR OUT;104.53400000000000000000;SUZUKI;NEW CIAZ;;0
83831M79M10;WEATHERSTRIP, RR DOOR OUT RH;181.93200000000000000000;SUZUKI;NEW CIAZ;;0
83831M81R00;WEATHERSTRIP,REAR DOOR OUT,R;68.77100000000000000000;SUZUKI;NEW CIAZ;;0
83841M74L01;WEATHERSTRIP, REAR DOOR O;102.83700000000000000000;SUZUKI;NEW CIAZ;;0
83841M76M00;WEATHERSTRIP,REAR DOOR OU;83.22200000000000000000;SUZUKI;NEW CIAZ;;0
83841M79M00;WEATHERSTRIP, RR DOOR OUT;105.26300000000000000000;SUZUKI;NEW CIAZ;;0
83841M79M00-000;WEATHERSTRIP RR DOOR OUT LH;0.00000000000000000000;SUZUKI;NEW CIAZ;;0
83841M79M10;WEATHERSTRIP, RR DOOR OUT LH;181.93200000000000000000;SUZUKI;NEW CIAZ;;0
83841M81R00;WEATHERSTRIP,REAR DOOR OUT,L;56.92400000000000000000;SUZUKI;NEW CIAZ;;0
83851-77R00-000;"WEATHERSTRIP,FR DOOR INNER,R ";130.10000000000000000000;SUZUKI;NEW CIAZ;;0
83851M62S00;WEATHERSTRIP FR DOOR INNER RH;47.67100000000000000000;SUZUKI;NEW CIAZ;;0
83851M68P00;WEATHERSTRIP FR DOOR INNER RH;19.07900000000000000000;SUZUKI;NEW CIAZ;;0
83851M76M00;WEATHERSTRIP FR DOOR INNER RH;19.87600000000000000000;SUZUKI;NEW CIAZ;;0
83851M79M00;WEATHERSTRIP FR DOOR INNER RH;24.76300000000000000000;SUZUKI;NEW CIAZ;;0
83861-77R00-000;"WEATHERSTRIP,FR DOOR INNER,L ";130.10000000000000000000;SUZUKI;NEW CIAZ;;0
83861M76M00;WEATHERSTRIP FR DOOR INNER LH;22.26500000000000000000;SUZUKI;NEW CIAZ;;0
83861M79M00;WEATHERSTRIP FR DOOR INNER LH;33.90400000000000000000;SUZUKI;NEW CIAZ;;0
83881M55R00;WEATHERSTRIP,RR DOOR INNER,L;73.80500000000000000000;SUZUKI;NEW CELERIO POP 6AB;;0
83913-77R00-000;COVER, BACK DOOR SEALING;17.95500000000000000000;SUZUKI;NEW CIAZ;;0
83921M55R00-0CB;TAPE, FRONT DOOR OUTER FR RH;48.31900000000000000000;SUZUKI;NEW BALENO 6AB;;0
83921M68P00-0CB;TAPE, DOOR OUT FR LH (BLACK);75.92800000000000000000;SUZUKI;NEW CIAZ;;0
83921M74L10-0CB;TAPEFRONT DOOR OUTER FRR;59.60400000000000000000;SUZUKI;NEW CIAZ;;0
83921M75T00-0CB;TAPE,FRONT DOOR OUTER FRRH(BLACK);54.75700000000000000000;SUZUKI;NEW BALENO 6AB;;0
83922M50S00-0CB;TAPEFRONT DOOR OUTER FRL;20.55700000000000000000;SUZUKI;NEW CIAZ;;0
83922M55R00-0CB;TAPE, FRONT DOOR OUTER FR LH;54.06000000000000000000;SUZUKI;NEW BALENO 6AB;;0
83922M68P00-0CB;TAPE, DOOR OUT UP FR RH (BLACK);49.17371000000000000000;SUZUKI;NEW CIAZ;;0
83922M74L10-0CB;TAPEFRONT DOOR OUTER FRL;66.26000000000000000000;SUZUKI;NEW CIAZ;;0
83923M50S00-0CB;TAPE, FRONT DOOR OUTER RR RH;49.52100000000000000000;SUZUKI;;;0
83923M55R00-0CB;TAPE, FRONT DOOR OUTER RR RH;47.18600000000000000000;SUZUKI;NEW BALENO 6AB;;0
83923M74L10-0CB;TAPEFRONT DOOR OUTER RRR;53.70200000000000000000;SUZUKI;NEW CIAZ;;0
83923M79M00-0CB;TAPE FRONT DOOR OUTER RR RH;48.20700000000000000000;SUZUKI;NEW CIAZ;;0
83924M55R00-0CB;TAPE, FRONT DOOR OUTER RR LH;46.82400000000000000000;SUZUKI;NEW BALENO 6AB;;0
83924M74L10-0CB;TAPEFRONT DOOR OUTER RRL;48.05300000000000000000;SUZUKI;NEW CIAZ;;0
83924M75T00-0CB;TAPE,FRONT DOOR OUTER FRRH(BLACK);47.22300000000000000000;SUZUKI;NEW BALENO 6AB;;0
83924M79M00-0CB;TAPE FRONT DOOR OUTER RR LH;55.16200000000000000000;SUZUKI;NEW CIAZ;;0
83926-62R00-0CB;TAPE,RR DR OUTER ROOF,L;120.67200000000000000000;SUZUKI;NEW CELERIO POP 6AB;;0
83928-62R00-0CBÁ;TAPE,RR DR PILLAR FR,L;51.07900000000000000000;SUZUKI;NEW CELERIO POP 6AB;;0
83931M74L10-0CB;TAPEREAR DOOR OUTER FRR;74.06200000000000000000;SUZUKI;NEW CIAZ;;0
83931M75T00-0CB;TAPE,FRONT DOOR OUTER FRRH(BLACK);50.51200000000000000000;SUZUKI;NEW BALENO 6AB;;0
83931M79M00-0CB;TAPEREAR DOOR OUT FR RH (BLAC;55.16200000000000000000;SUZUKI;NEW CIAZ;;0
83932M74L10-0CB;TAPEREAR DOOR OUTER FRL;69.20000000000000000000;SUZUKI;NEW CIAZ;;0
83932M79M00-0CB;TAPEREAR DOOR OUT FR LH (BLAC;55.16200000000000000000;SUZUKI;NEW CIAZ;;0
83933M75T00-0CB;TAPE,FRONT DOOR OUTER RRRH(BLACK);48.89900000000000000000;SUZUKI;NEW BALENO 6AB;;0
83940-77R00-000;COVER, BACK DR HINGE LOWER;92.01900000000000000000;SUZUKI;NEW CIAZ;;0
83940M55R10;GARNISH, BACK DOOR LOWER;18.25600000000000000000;SUZUKI;NEW CELERIO POP 6AB;;0
83940M55T00;GARNISH ,BACK DOOR;694.56000000000000000000;SUZUKI;NEW CELERIO POP 6AB;;0
83940M55T00-0PG;GARNISH ,BACK DOOR;729.28800000000000000000;SUZUKI;NEW CELERIO POP 6AB;;0
83940M68P00-0PG;TAPE, TRUNK DOOR OUT FR LH (BLACK);433.88700000000000000000;SUZUKI;NEW CELERIO POP 6AB;;0
83940M72R10-KDJ;GARNISH, BACK DOOR LICENSE(BLACK/CHROME);526.17600000000000000000;SUZUKI;NEW CELERIO POP 6AB;;0
83940M74L00;GARNISH, BACK DOOR LOWER;50.09100000000000000000;SUZUKI;NEW CIAZ;;0
83940M74L20;GARNISH, BACK DOOR LOWER;184.44200000000000000000;SUZUKI;NEW CIAZ;;0
83940M74T01-ZHJ;GARNISH, BACK DOOR;439.46900000000000000000;SUZUKI;NEW CELERIO POP 6AB;;0
83940M76M00;GARNISH,BACK DOOR LOWER;384.05946000000000000000;SUZUKI;NEW BALENO 6AB;;0
83940M76M00-5PK;GARNISH,BACK DOOR LOWER;384.05946000000000000000;SUZUKI;NEW BALENO 6AB;;0
83940M76M00-ZHJ;GARNISH, BACK DOOR LOWER (WHITE);403.26200000000000000000;SUZUKI;NEW CELERIO POP 6AB;;0
83944M74L00;HOLDER, BACK DOOR SWITCH;3.26000000000000000000;SUZUKI;NEW CIAZ;;0
83950-77R00-000;COVER, BACK DR HINGE UPPER;92.01400000000000000000;SUZUKI;NEW CIAZ;;0
83961-78R00-000;CARRIER SPARE TIRE A6G415;169.73300000000000000000;SUZUKI;NEW CELERIO POP 6AB;;0
83970M81R00;GARNISH,RR DR RR OUTER,R;144.71100000000000000000;SUZUKI;NEW CIAZ;;0
83980M74LX0;SPOILER RR SWIFT;350.95883000000000000000;SUZUKI;NEW CIAZ;;0
83980M74T00-ZHJ;SPOILER, BACK DOOR;655.78800000000000000000;SUZUKI;NEW CELERIO POP 6AB;;0
83980M81R00;GARNISH COMP,RR DR RR OUTER,L;94.47800000000000000000;SUZUKI;NEW CIAZ;;0
839B0M50U10-CNY;GARNISH,BACK DOOR LICENSE;913.03600000000000000000;SUZUKI;NEW CELERIO POP 6AB;;0
84051M55T01;GLASS WINDSHIELD;1105.88000000000000000000;SUZUKI;NEW CELERIO POP 6AB;;0
84051M55T10;GLASS COMP,WINDSHIELD;1249.24300000000000000000;SUZUKI;NEW CELERIO POP 6AB;;0
84051M55T11;GLASS WINDSHIELD;1249.24300000000000000000;SUZUKI;NEW CELERIO POP 6AB;;0
84051M68P01;SET,GLASSWINDSHIELD;1070.56400000000000000000;SUZUKI;NEW CELERIO POP 6AB;;0
84051M68P02;GLASS,WINDSHIELD;1070.56400000000000000000;SUZUKI;NEW CELERIO POP 6AB;;0
84051M72R24;GLASS SETWINDSHIELD;1598.54800000000000000000;SUZUKI;NEW CIAZ;;0
84051M72R25;GLASS SET,WINDSHIELD;1678.47500000000000000000;SUZUKI;NEW CELERIO POP 6AB;;0
84051M79M00;SET,GLASS WINDSHIELD;1109.31900000000000000000;SUZUKI;;;0
84051M79M01;SETGLASS WINDSHIELD;1109.31900000000000000000;SUZUKI;;;0
84051M79M02;GLASS SET,WINDSHIELD;1109.31900000000000000000;SUZUKI;NEW CELERIO POP 6AB;;0
84051M79M12;GLASS SET,WINDSHIELD;1137.59900000000000000000;SUZUKI;;;0
84051M81R00;GLASS,SET WINDSHIELD;735.90200000000000000000;SUZUKI;NEW CELERIO POP 6AB;;0
84051M81R01;GLASS SET WINDSHIELD;772.69700000000000000000;SUZUKI;NEW CELERIO POP 6AB;;0
84051M81R02;GLASS,SET WINDSHIELD;772.69700000000000000000;SUZUKI;NEW CELERIO POP 6AB;;0
84051M81R12;GLASS,SET WINDSHIELD;777.64900000000000000000;SUZUKI;NEW CELERIO POP 6AB;;0
84501-54P01-000;GLASS, FRONT DOOR WINDOW RH;661.67300000000000000000;SUZUKI;NEW CIAZ;;0
84501-54P03-000;GLASS,FR DOOR WINDOW APK416;396.33722887500000000000;SUZUKI;NEW CELERIO POP 6AB;;0
84501-61M01-000;GLASS, FR DOOR WINDOW AKK416;581.11200000000000000000;SUZUKI;NEW CELERIO POP 6AB;;0
84501-77R01-000;GLASS,FRDRWINDOW,R;395.74100000000000000000;SUZUKI;NEW CELERIO POP 6AB;;0
84501-77R02-000;GLASS,FR DR WINDOW,R;415.52800000000000000000;SUZUKI;NEW CELERIO POP 6AB;;0
84501M55R00;GLASS, FRONT DOOR WINDOW RH;302.04800000000000000000;SUZUKI;NEW CIAZ;;0
84501M55T00;GLASS ,FRONT DOOR WINDOW,RH;298.97300000000000000000;SUZUKI;NEW CELERIO POP 6AB;;0
84501M55T10;GLASS,FRONT DOOR WINDOW,RH;442.70100000000000000000;SUZUKI;NEW CELERIO POP 6AB;;0
84501M56R00;GLASS COMP, FRONT DOOR WINDOW,;313.39000000000000000000;SUZUKI;NEW CIAZ;;0
84501M62S00;GLASS, FRONT DOOR WINDOW RH;277.08700000000000000000;SUZUKI;NEW CIAZ;;0
84501M68P00-000;GLASSFRONT DOOR WINDOWR;0.00000000000000000000;SUZUKI;NEW CELERIO POP 6AB;;0
84501M72R00;GLASS, FRONT DR WINDOW RH;362.02100000000000000000;SUZUKI;NEW CELERIO POP 6AB;;0
84501M74L00;GLASS, FRONT DOOR WINDOW RH;254.92800000000000000000;SUZUKI;NEW CIAZ;;0
84501M76M00;GLASS, FRONT DOOR WINDOW RH;271.85400000000000000000;SUZUKI;NEW CIAZ;;0
84501M81R00;GLASS COMP,FRONT DOOR WINDOW,R;289.87100000000000000000;SUZUKI;NEW CIAZ;;0
84501M81R01;GLASS COMP FRONT DOOR;289.87100000000000000000;SUZUKI;NEW CIAZ;;0
84502-54P01-000;GLASS, FR DR WINDOW LH;659.25500000000000000000;SUZUKI;NEW CELERIO POP 6AB;;0
84502-54P03-000;GLASS,FR DOOR WINDOW APK416;416.15400000000000000000;SUZUKI;NEW CELERIO POP 6AB;;0
84502-77R00-000;"GLASS, FRONT DOOR WINDOW,L ";415.52800000000000000000;SUZUKI;NEW CELERIO POP 6AB;;0
84502-77R01-000;GLASS,FRDRWINDOW,L;395.74100000000000000000;SUZUKI;NEW CELERIO POP 6AB;;0
84502-77R02-000;GLASS,FR DR WINDOW,L;415.52800000000000000000;SUZUKI;NEW CELERIO POP 6AB;;0
84502M4L00-COR;GLASS, FRONT DOOR WINDOW LH;0.00000000000000000000;SUZUKI;NEW CIAZ;;0
84502M55R00;GLASS, FRONT DOOR WINDOW LH;302.04800000000000000000;SUZUKI;NEW CIAZ;;0
84502M55T00;GLASS ,FRONT DOOR WINDOW,LH;299.22500000000000000000;SUZUKI;NEW CELERIO POP 6AB;;0
84502M55T10;GLASS,FRONT DOOR WINDOW,LH;442.70100000000000000000;SUZUKI;NEW CIAZ;;0
84502M56R00;GLASS COMP, FRONT DOOR WINDOW,;313.39000000000000000000;SUZUKI;NEW CIAZ;;0
84502M62S00;GLASS, FRONT DOOR WINDOW LH;277.08700000000000000000;SUZUKI;NEW CIAZ;;0
84502M72R00;GLASS, FRONT DR WINDOW LH;362.02100000000000000000;SUZUKI;NEW CELERIO POP 6AB;;0
84502M74L00;GLASS, FRONT DOOR WINDOW LH;254.92800000000000000000;SUZUKI;NEW CIAZ;;0
84502M74L00-000;GLASS, FRONT DOOR WINDOW LH;186.60143000000000000000;SUZUKI;NEW CIAZ;;0
84502M81R00;GLASS COMP,FRONT DOOR WINDOW,L;289.87100000000000000000;SUZUKI;NEW CIAZ;;0
84502M81R01;GLASS COMPFRONT DOOR WIN;289.87100000000000000000;SUZUKI;NEW CIAZ;;0
84503M55T00;GLASS ,REAR DOOR WINDOW,RH;425.39500000000000000000;SUZUKI;NEW CELERIO POP 6AB;;0
84503M55T20;GLASS,REAR DOOR WINDOW,RH;425.39500000000000000000;SUZUKI;NEW CELERIO POP 6AB;;0
84503M62S00;GLASS, RR DR WINDOW RH;260.03600000000000000000;SUZUKI;NEW CIAZ;;0
84503M68P00;GLASS, RR DR WINDOW RH;316.44500000000000000000;SUZUKI;NEW CELERIO POP 6AB;;0
84503M68P20;GLASS COMP,REAR DOOR WINDOW, |;353.12900000000000000000;SUZUKI;NEW CELERIO POP 6AB;;0
84503M72R00;GLASS, REAR DR WINDOW RH;405.26500000000000000000;SUZUKI;NEW CIAZ;;0
84503M81R00;GLASS COMP,REAR DOOR WINDOW,R;265.70700000000000000000;SUZUKI;NEW BALENO 6AB;;0
84503M81R01;GLASS COMPREAR DOOR WIND;278.99200000000000000000;SUZUKI;NEW CIAZ;;0
84504M55T00;GLASS ,REAR DOOR WINDOW,LH;338.87700000000000000000;SUZUKI;NEW CELERIO POP 6AB;;0
84504M55T20;GLASS,REAR DOOR WINDOW,LH;425.40100000000000000000;SUZUKI;NEW CELERIO POP 6AB;;0
84504M62S00;GLASS, RR DR WINDOW LH;260.03600000000000000000;SUZUKI;NEW CIAZ;;0
84504M68P20;GLASS, REAR DOOR WINDOW RH;354.35700000000000000000;SUZUKI;NEW CIAZ;;0
84504M72R00;GLASS, REAR DR WINDOW LH;405.26500000000000000000;SUZUKI;NEW CIAZ;;0
84504M81R00;GLASS COMP,REAR DOOR WINDOW,L;278.99200000000000000000;SUZUKI;NEW CIAZ;;0
84504M81R01;GLASS COMPREAR DOOR WIND;278.99200000000000000000;SUZUKI;NEW CIAZ;;0
84510-54P11-000;GLASS, WINDSHIELD APK416;2467.37100000000000000000;SUZUKI;NEW CELERIO POP 6AB;;0
84510-61M42-000;GLASS, WINDSHIELD AKK416;3315.81600000000000000000;SUZUKI;NEW CELERIO POP 6AB;;0
84510-78R02-000;GLASS,WINDSHIELD;1353.94276500000000000000;SUZUKI;NEW CELERIO POP 6AB;;0
84510-78R03-000;GLASS,WINDSHIELD;1526.64000000000000000000;SUZUKI;NEW CIAZ;;0
84510-78R04-000;GLASS,WINDSHIELD;1526.64000000000000000000;SUZUKI;NEW CELERIO POP 6AB;;0
84510-86R30-000;GLASS,WINDSHIELD APK414-3 GLX;1692.33800000000000000000;SUZUKI;NEW CELERIO POP 6AB;;0
84510M56R00;GLASS COMP, WINDSHIELD;820.06700000000000000000;SUZUKI;NEW CELERIO POP 6AB;;0
84510M62S00;GLASS, WINDSHIELD;666.90800000000000000000;SUZUKI;NEW CELERIO POP 6AB;;0
84510M62S02;GLASS COMPWINDSHIELD;666.90900000000000000000;SUZUKI;NEW CELERIO POP 6AB;;0
84510M68P01;GLASS, WINDSHIELD;1019.58516450000000000000;SUZUKI;NEW CELERIO POP 6AB;;0
84510M74L00;GLASS WINDSHIELD;787.55544000000000000000;SUZUKI;NEW BALENO 6AB;;0
84510M74L01;GLASS WINDSHIELD;826.93300000000000000000;SUZUKI;NEW CELERIO POP 6AB;;0
84510M79M00;GLASS, WINDSHIELD;971.98200000000000000000;SUZUKI;NEW CELERIO POP 6AB;;0
84511-81A03-000;"GLASS WINDSHIELD ";1006.82500000000000000000;SUZUKI;NEW CIAZ;;0
84511M55R00;GLASS, WINDSHIELD;947.77600000000000000000;SUZUKI;NEW CELERIO POP 6AB;;0
84511M56R00;GLASS COMP, WINDSHIELD;922.88300000000000000000;SUZUKI;NEW CELERIO POP 6AB;;0
84511M75T00;GLASS,WINDSHIELD;1141.08900000000000000000;SUZUKI;NEW BALENO 6AB;;0
84511M76M10;GLASS, WINDSHIELD;780.53200000000000000000;SUZUKI;NEW CELERIO POP 6AB;;0
84511M77P00;GLASS,WINDSHIELD;349.57400000000000000000;SUZUKI;NEW CELERIO POP 6AB;;0
84541-54P10-000;GLASS, REAR DOOR WINDOW RH;389.26100000000000000000;SUZUKI;NEW CIAZ;;0
84541-61M00-000;GLASS,REAR DOOR RH AKK416;590.83000000000000000000;SUZUKI;NEW CELERIO POP 6AB;;0
84541M55R00;GLASS, REAR DOOR WINDOW RH;330.19300000000000000000;SUZUKI;NEW CIAZ;;0
84541M56R00;GLASS, REAR DOOR WINDOW RH;318.85200000000000000000;SUZUKI;NEW CIAZ;;0
84541M74L00;GLASS, REAR DOOR WINDOW RH;231.71200000000000000000;SUZUKI;NEW CIAZ;;0
84541M74L00-000;GLASS, REAR DOOR WINDOW RH;0.00000000000000000000;SUZUKI;NEW CIAZ;;0
84541M76M00;GLASS, REAR DOOR WINDOW RH;207.68700000000000000000;SUZUKI;NEW CIAZ;;0
84541M79M00;GLASS, REAR DOOR WINDOW RH;341.21700000000000000000;SUZUKI;NEW CIAZ;;0
84546-54P10;GLASS, REAR DOOR WINDOW LH;354.17372000000000000000;SUZUKI;NEW CIAZ;;0
84546M55R00;GLASS, REAR DOOR WINDOW LH;330.19300000000000000000;SUZUKI;NEW CIAZ;;0
84546M56R00;GLASS, REAR DOOR WINDOW LH;320.67500000000000000000;SUZUKI;NEW CIAZ;;0
84546M74L00;GLASS, REAR DOOR WINDOW LH;232.94000000000000000000;SUZUKI;NEW CIAZ;;0
84546M76M00;GLASS, REAR DOOR WINDOW LH;209.83300000000000000000;SUZUKI;NEW CIAZ;;0
84546M79M00;GLASS, REAR DOOR WINDOW LH;342.43200000000000000000;SUZUKI;NEW CIAZ;;0
84551M56R00;GLASS, REAR DOOR PARTITION, R;254.35700000000000000000;SUZUKI;NEW CIAZ;;0
84551M74L00;GLASS, REAR DOOR PARTITION, R;247.21000000000000000000;SUZUKI;NEW CIAZ;;0
84551M75L00;GLASS, RR DR PARTITION RH;246.48000000000000000000;SUZUKI;NEW CELERIO POP 6AB;;0
84551M76M00;GLASS,REAR DOOR PARTITION;215.49300000000000000000;SUZUKI;NEW CELERIO POP 6AB;;0
84551M79M00;GLASS, REAR DOOR PARTITION, R;339.39400000000000000000;SUZUKI;NEW CIAZ;;0
84551M80T20;GLASS,RR DOOR PARTITION,R;254.37200000000000000000;SUZUKI;NEW BALENO 6AB;;0
84556M56R00;GLASS, REAR DOOR PARTITION, L;256.28500000000000000000;SUZUKI;NEW CIAZ;;0
84556M74L00;GLASS, REAR DOOR PARTITION, L;248.43200000000000000000;SUZUKI;NEW CIAZ;;0
84556M75L00;GLASS, RR DR PARTITION LH;249.64800000000000000000;SUZUKI;NEW CELERIO POP 6AB;;0
84556M76M00;GLASS,REAR DOOR PARTITION;205.68600000000000000000;SUZUKI;NEW CELERIO POP 6AB;;0
84556M79M00;GLASS, REAR DOOR PARTITION, L;340.48500000000000000000;SUZUKI;NEW CIAZ;;0
84570-54P11-000;GLASS, BACK DR WINDOW;1893.69300000000000000000;SUZUKI;NEW CELERIO POP 6AB;;0
84570-61M00-000;GLASS ,BACK DOOR WINDOW AKK416;2188.56600000000000000000;SUZUKI;NEW CELERIO POP 6AB;;0
84570-77R03-000;GLASS,BACK DR WINDOW;776.59200000000000000000;SUZUKI;NEW CELERIO POP 6AB;;0
84570-77R10-000;GLASS,  BACK DOOR WINDOW;776.59157362500000000000;SUZUKI;NEW CELERIO POP 6AB;;0
84570-77R11-000;GLASS,BACK DOOR WINDOW;815.42200000000000000000;SUZUKI;NEW CELERIO POP 6AB;;0
84570M55R10;GLASS, BACK WINDOW;748.17100000000000000000;SUZUKI;NEW CELERIO POP 6AB;;0
84570M55T20;GLASS,BACK DOOR WINDOW;792.55600000000000000000;SUZUKI;NEW CELERIO POP 6AB;;0
84570M56R10;GLASS, BACK WINDOW;648.29000000000000000000;SUZUKI;NEW CELERIO POP 6AB;;0
84570M62S10;GLASS, BACK WINDOW;499.04800000000000000000;SUZUKI;NEW CELERIO POP 6AB;;0
84570M68P20;GLASS,BACK DOOR WINDOW;737.64000000000000000000;SUZUKI;NEW CELERIO POP 6AB;;0
84570M68P30;GLASS, BACK DR WINDOW;669.78600000000000000000;SUZUKI;NEW CELERIO POP 6AB;;0
84570M72R20;GLASS, BACK DOOR WINDOW;616.79900000000000000000;SUZUKI;NEW CELERIO POP 6AB;;0
84570M74L00;GLASS, BACK DOOR WINDOW;487.52000000000000000000;SUZUKI;NEW CELERIO POP 6AB;;0
84570M74L00-000;GLASS BACK DOOR WINDOW;0.00000000000000000000;SUZUKI;NEW CIAZ;;0
84570M74T10;GLASS COMP,BACK DOOR WINDOW;1758.04000000000000000000;SUZUKI;NEW CELERIO POP 6AB;;0
84570M74T20;GLASS COMP,BACK DOOR WINDOW;1306.29900000000000000000;SUZUKI;NEW CELERIO POP 6AB;;0
84570M76M10;GLASS COMP,BACK DOOR WINDOW |;462.57100000000000000000;SUZUKI;NEW CELERIO POP 6AB;;0
84570M76M10-000;GLASS,  BACK DOOR WINDOW;0.00000000000000000000;SUZUKI;NEW CIAZ;;0
84570M79M00;GLASS, BACK WINDOW;765.99400000000000000000;SUZUKI;NEW CELERIO POP 6AB;;0
84570M79M02;GLASS BACK WINDOW;729.51800000000000000000;SUZUKI;NEW CELERIO POP 6AB;;0
84570M80T10;GLASS COMP,BACK DOOR WINDOW;860.37100000000000000000;SUZUKI;;;0
84570M81R10;GLASSCOMP,BACKDOORWINDOW;502.44200000000000000000;SUZUKI;NEW CELERIO POP 6AB;;0
84570M81R11;GLASS COMPBACK DOOR WIND;502.44200000000000000000;SUZUKI;NEW CELERIO POP 6AB;;0
84573M56R00;SPACER,BACK WINDOW GLASS;8.42300000000000000000;SUZUKI;NEW CIAZ;;0
84580-54P01-000;GLASS, REAR DOOR PARTITION, R;376.17200000000000000000;SUZUKI;NEW CIAZ;;0
84580-54P10-000;GLASS, REAR DOOR PARTITION, R;524.21100000000000000000;SUZUKI;NEW CIAZ;;0
84580-61M00-000;GLASS, QTR WINDOW AKK416;530.56100000000000000000;SUZUKI;NEW CELERIO POP 6AB;;0
84580M55T30;GLASS,QTR WINDOW,RH;434.13800000000000000000;SUZUKI;NEW CELERIO POP 6AB;;0
84580M68P01;GLASS, REAR DOOR PARTITION, R;254.60500000000000000000;SUZUKI;NEW CIAZ;;0
84580M68P30;GLASS, REAR DOOR PARTITION, R;378.67900000000000000000;SUZUKI;NEW CIAZ;;0
84580M72R00;GLASS, QTR WINDOW RH;216.10500000000000000000;SUZUKI;NEW CELERIO POP 6AB;;0
84580M74T00;GLASS COMP,QTR WINDOW,R;260.05100000000000000000;SUZUKI;NEW CELERIO POP 6AB;;0
84590-54P00;GLASS, REAR DOOR PARTITION, L;0.00000000000000000000;SUZUKI;NEW CIAZ;;0
84590-54P01-000;GLASS, REAR DOOR PARTITION, L;523.24900000000000000000;SUZUKI;NEW CIAZ;;0
84590-54P10-000;GLASS, REAR DOOR PARTITION, L;458.97800000000000000000;SUZUKI;NEW CIAZ;;0
84590-61M00-000;GLASS, QTR WINDOW AKK416;530.55800000000000000000;SUZUKI;NEW CELERIO POP 6AB;;0
84590-78R10-000;GLASSCOMP,QTRWINDOW,L;385.90000000000000000000;SUZUKI;NEW CELERIO POP 6AB;;0
84590M55T30;GLASS,QTR WINDOW,LH;434.13800000000000000000;SUZUKI;NEW CELERIO POP 6AB;;0
84590M68P01;GLASS, REAR DOOR PARTITION, L;255.43900000000000000000;SUZUKI;NEW CIAZ;;0
84590M68P30;GLASS, REAR DOOR PARTITION, L;377.47200000000000000000;SUZUKI;NEW CIAZ;;0
84590M72R00;GLASS, QTR WINDOW LH;256.68600000000000000000;SUZUKI;NEW CELERIO POP 6AB;;0
84590M74T00;GLASS COMP,QTR WINDOW,L;260.05100000000000000000;SUZUKI;NEW CELERIO POP 6AB;;0
84611-54P01;MOLDING WINDSHIELD;135.42200000000000000000;SUZUKI;NEW CELERIO POP 6AB;;0
84611M56R01;MOLDING WINDSHIELD;95.88400000000000000000;SUZUKI;NEW CELERIO POP 6AB;;0
84611M72R01;MOLDING, WINDSHIELD;120.54600000000000000000;SUZUKI;NEW CELERIO POP 6AB;;0
84611M72R02;MOLDING WINDSHIELD;126.57300000000000000000;SUZUKI;NEW CELERIO POP 6AB;;0
84611M74L00;.MOLDING, WINDSHIELD;65.96000000000000000000;SUZUKI;NEW CIAZ;;0
84611M76M00;MOLDING,WINDSHIELD;85.72200000000000000000;SUZUKI;NEW CIAZ;;0
84641-54P01-000;WEATHERSTRIP;289.80100000000000000000;SUZUKI;NEW CELERIO POP 6AB;;0
84641-77R00-000;WEATHERSTRIP,FRONT DOOR OPNG,R;247.29400000000000000000;SUZUKI;NEW CELERIO POP 6AB;;0
84641M55T00;WEATHERSTRIP,FRONT DR OPNG,RH;188.67200000000000000000;SUZUKI;NEW CELERIO POP 6AB;;0
84641M72R00;WEATHERSTRIP,FRONT DOOR OPNG,R;137.46200000000000000000;SUZUKI;NEW CELERIO POP 6AB;;0
84641M74L00;WEATHERSTRIP, DOOR OPNG RH;126.64600000000000000000;SUZUKI;NEW CIAZ;;0
84641M76M00;WEATHERSTRIP,FRONT DOOR OPNG|;116.56800000000000000000;SUZUKI;NEW CIAZ;;0
84641M79M00;WEATHERSTRIP, DOOR OPNG RH;90.89800000000000000000;SUZUKI;NEW CIAZ;;0
84641M81R00;WEATHERSTRIP,FRONT DOOR OPNG,R;152.25000000000000000000;SUZUKI;NEW CELERIO POP 6AB;;0
84651-54P01-000;WEATHERSTRIP;276.00095250000000000000;SUZUKI;NEW CELERIO POP 6AB;;0
84651-77R00-000;WEATHERSTRIP,FRONT DOOR OPNG,L;247.29300000000000000000;SUZUKI;NEW CIAZ;;0
84651M55T00;WEATHERSTRIP,FRONT DR OPNG,LH;130.14300000000000000000;SUZUKI;NEW CELERIO POP 6AB;;0
84651M72R00;WEATHERSTRIP,FRONT DOOR OPNG,L;85.69100000000000000000;SUZUKI;NEW CELERIO POP 6AB;;0
84651M74L00;WEATHERSTRIP, DOOR OPNG LH;130.56800000000000000000;SUZUKI;NEW CIAZ;;0
84651M76M00;WEATHERSTRIP,FRONT DOOR OPNG|;127.59800000000000000000;SUZUKI;NEW CIAZ;;0
84651M79M00;WEATHERSTRIP, DOOR OPNG LH;97.01800000000000000000;SUZUKI;NEW CIAZ;;0
84651M81R00;WEATHERSTRIP,FRONT DOOR OPNG,L;358.07100000000000000000;SUZUKI;NEW CELERIO POP 6AB;;0
84661M55T00;WEATHERSTRIP,REAR DOOR OPNG,RH;95.09900000000000000000;SUZUKI;NEW CELERIO POP 6AB;;0
84661M72R00;WEATHERSTRIP, DOOR OPENING RH |;104.51900000000000000000;SUZUKI;NEW CELERIO POP 6AB;;0
84661M74L00;WEATHERSTRIP, DOOR OPENING RH |;116.66800000000000000000;SUZUKI;NEW CIAZ;;0
84661M76M00;WEATHERSTRIP,REAR DOOR OPNG,R|;91.84500000000000000000;SUZUKI;NEW CIAZ;;0
84661M79M00;WEATHERSTRIP, DOOR OPENING RH |;129.50900000000000000000;SUZUKI;NEW CIAZ;;0
84661M81R00;WEATHERSTRIP,REAR DOOR OPNG,R;339.59100000000000000000;SUZUKI;NEW CELERIO POP 6AB;;0
84665M56R00;WEATHERSTRIP, RR DR PARTITION,;110.80400000000000000000;SUZUKI;NEW CELERIO POP 6AB;;0
84665M74L00;WEATHERSTRIP, DR PARTITIO;63.02300000000000000000;SUZUKI;NEW CELERIO POP 6AB;;0
84665M76M00;WEATHERSTRIP,RR DR PARTIT;64.82900000000000000000;SUZUKI;NEW CELERIO POP 6AB;;0
84665M79M00;WEATHERSTRIP,RR DR PARTIT;68.53400000000000000000;SUZUKI;NEW CELERIO POP 6AB;;0
84671M55T00;WEATHERSTRIP,REAR DOOR OPNG,LH;130.14300000000000000000;SUZUKI;NEW CELERIO POP 6AB;;0
84671M74L00;WEATHERSTRIP, DOOR OPENING LH |;118.82200000000000000000;SUZUKI;NEW CIAZ;;0
84671M76M00;WEATHERSTRIP,REAR DOOR OPNG,L|;109.45600000000000000000;SUZUKI;NEW CIAZ;;0
84671M79M00;WEATHERSTRIP, DOOR OPENING LH |;97.38300000000000000000;SUZUKI;NEW CIAZ;;0
84671M81R00;WEATHERSTRIP,REAR DOOR OPNG,L;340.85100000000000000000;SUZUKI;NEW CELERIO POP 6AB;;0
84675M56R00;WEATHERSTRIP, RR DR PARTITION,;114.20400000000000000000;SUZUKI;NEW CELERIO POP 6AB;;0
84675M74L00;WEATHERSTRIP, DR PARTITIO;54.85400000000000000000;SUZUKI;NEW CELERIO POP 6AB;;0
84675M75T00;WEATHERSTRIP,RR DR PARTITION,L;99.05400000000000000000;SUZUKI;NEW BALENO 6AB;;0
84675M76M00;WEATHERSTRIP,RR DR PARTIT;53.83100000000000000000;SUZUKI;NEW CELERIO POP 6AB;;0
84675M79M00;WEATHERSTRIP,RR DR PARTIT;68.53400000000000000000;SUZUKI;NEW CELERIO POP 6AB;;0
84681-61M14-000;WEATHERSTRIP,BACK DOOR APK416;263.16895500000000000000;SUZUKI;NEW CELERIO POP 6AB;;0
84681-61M15-000;WEATHERSTRIP,BACK DOOR APK416;413.73000000000000000000;SUZUKI;NEW CELERIO POP 6AB;;0
84681-77R00-000;WEATHERSTRIP, BACK DOOR OPNG;167.27300000000000000000;SUZUKI;NEW CIAZ;;0
84681M55R00;WEATHERSTRIP, BACK DOOR OPNG;101.69500000000000000000;SUZUKI;NEW CELERIO POP 6AB;;0
84681M55T00;WEATHERSTRIP,BACK DOOR OPNG;219.70000000000000000000;SUZUKI;NEW CELERIO POP 6AB;;0
84681M56R00;WEATHERSTRIP, TRUNK LID OPNG;130.78700000000000000000;SUZUKI;NEW CIAZ;;0
84681M62S00;WEATHERSTRIP, BACK DOOR OPNG;115.14600000000000000000;SUZUKI;NEW CIAZ;;0
84681M68P00;WEATHERSTRIP,BACK DOOR OP;112.19100000000000000000;SUZUKI;NEW CIAZ;;0
84681M72S00;WEATHERSTRIP,BACK DOOR OPNG;250.25500000000000000000;SUZUKI;NEW CELERIO POP 6AB;;0
84681M74L00;WEATHERSTRIP, DOOR OPENING;124.09300000000000000000;SUZUKI;NEW CIAZ;;0
84681M74T00;WEATHERSTRIP,BACK DOOR OPNG;170.95600000000000000000;SUZUKI;NEW CELERIO POP 6AB;;0
84681M76M00;WEATHERSTRIP,BACK DOOR OPNG;133.02600000000000000000;SUZUKI;NEW CIAZ;;0
84681M79M00;WEATHERSTRIP, OPNG;93.36600000000000000000;SUZUKI;NEW CIAZ;;0
84681M79M11;WEATHERSTRIP,TRUNKLIDOP;133.24500000000000000000;SUZUKI;NEW CIAZ;;0
84681M81R00;WEATHERSTRIP,BACK DOOR OPNG;141.75000000000000000000;SUZUKI;NEW CELERIO POP 6AB;;0
84682-77R00-000;WEATHERSTRIP, BACK DOOR UPPER;130.10000000000000000000;SUZUKI;NEW CIAZ;;0
84683-77R00-000;DRIP, BACK DOOR LATCH;89.71700000000000000000;SUZUKI;NEW CELERIO POP 6AB;;0
84701-54P30-26U;MIRROR ASSY, OUT REAR VIEW RH;1483.29764000000000000000;SUZUKI;NEW CIAZ;;0
84701-54P31-26U;MIRROR ASSY,REAR VIEW,R,APK41#;1557.46300000000000000000;SUZUKI;NEW CELERIO POP 6AB;;0
84701-65J30-ZDL;RETROVISEUR AV D;2479.26561750000000000000;SUZUKI;NEW CELERIO POP 6AB;;0
84701M55R50-ZHJ;MIRROR ASSY, OUT REAR VIEW;528.71500000000000000000;SUZUKI;NEW CELERIO POP 6AB;;0
84701M55R90-ZHJ;MIRROR ASSY, OUT REAR VIEW RH;747.52400000000000000000;SUZUKI;NEW CELERIO POP 6AB;;0
84701M55TB0-ZHJ;MIRROR ASSY,OUT REAR VIEW,RH;1163.08600000000000000000;SUZUKI;NEW CELERIO POP 6AB;;0
84701M55TG0-ZHJ;MIRROR ASSY,OUT REAR VIEW,RH;2875.85000000000000000000;SUZUKI;NEW CELERIO POP 6AB;;0
84701M62S20-26U;MIRROR ASSY, OUT REAR VIEW RH (WHITE);417.53500000000000000000;SUZUKI;NEW CIAZ;;0
84701M72RD0-ZHJ;MIRROR ASSY, OUT REAR VIEW RH(WHITE);1104.23500000000000000000;SUZUKI;NEW CELERIO POP 6AB;;0
84701M72RD1-WBE;MIRROR ASSY OUT REAR VIEW RH;1051.65200000000000000000;SUZUKI;NEW CELERIO POP 6AB;;0
84701M72RD2-WBE;MIRROR ASSY, OUT REAR VIEW, R;1104.65500000000000000000;SUZUKI;;;0
84701M72RD2-ZHJ;MIRROR ASSY, OUT REAR VIEW, R;1104.23500000000000000000;SUZUKI;;;0
84701M74LC1-ZHJ;MIRROR ASSYOUT REAR VIEWR;642.97800000000000000000;SUZUKI;NEW CELERIO POP 6AB;;0
84701M74LD3-ZHJ;MIRROR ASSY, OUT REAR VIEW RH;794.33300000000000000000;SUZUKI;NEW CIAZ;;0
84701M74TB0-ZHJ;MIRROR ASSY,OUT REAR VIEW,R;1144.72600000000000000000;SUZUKI;NEW CELERIO POP 6AB;;0
84701M74TG0-ZHJ;MIRROR ASSY,OUT REAR VIEW,R;2008.08800000000000000000;SUZUKI;NEW CELERIO POP 6AB;;0
84701M76M20;MIRROR ASSY,OUT REAR VIEW,R;440.03300000000000000000;SUZUKI;NEW CIAZ;;0
84701M76M20-5PK;MIRROR ASSY,OUT REAR VIEW,L;440.03300000000000000000;SUZUKI;NEW CELERIO POP 6AB;;0
84701M76M50;MIRROR ASSY, OUT RR VIEW RH;206.40800000000000000000;SUZUKI;NEW CELERIO POP 6AB;;0
84701M76M50-ZHJ;MIRROR ASSY OUT RR VIEW RH;471.47800000000000000000;SUZUKI;NEW BALENO 6AB;;0
84701M77P00;MIRROR ASSY,OUT REAR VIEW,R;159.39500000000000000000;SUZUKI;NEW CELERIO POP 6AB;;0
84701M79MA0-ZQM;MIRROR OUT RR VIEW RH(WHITE);851.33800000000000000000;SUZUKI;NEW CELERIO POP 6AB;;0
84701M79MB0-ZQM;MIRROR ASSY, OUT REAR VIEW RH;851.33800000000000000000;SUZUKI;NEW CIAZ;;0
84701M79MG0-ZAM;MIRROR, OUT RR VIEW RH(BLACK;1011.73724260875000000000;SUZUKI;NEW CELERIO POP 6AB;;0
84701M79MG3-ZAM;MIRROR ASSY, OUT REAR VIEW, R;1062.32400000000000000000;SUZUKI;NEW CELERIO POP 6AB;;0
84701M81RB0-ZHJ;MIRROR ASSY,OUT REAR VIEW,R;482.99900000000000000000;SUZUKI;NEW CIAZ;;0
84702-54P30-26U;MIRROR ASSY, OUT REAR VIEW LH;1557.46300000000000000000;SUZUKI;NEW CELERIO POP 6AB;;0
84702-54P31-26U;MIRROR ASSY,REAR VIEW,L,APK41#;1557.46300000000000000000;SUZUKI;NEW CIAZ;;0
84702-61LVB-Z2S;"MIRROR ASS RR VIEW L ";559.13000000000000000000;SUZUKI;NEW CIAZ;;0
84702M55R50-ZHJ;MIRROR ASSY, OUT REAR VIEW LH;525.84000000000000000000;SUZUKI;NEW CELERIO POP 6AB;;0
84702M55R90-ZHJ;MIRROR ASSY, OUT REAR VIEW LH;747.52400000000000000000;SUZUKI;NEW CIAZ;;0
84702M55R93-ZHJ;MIRROR ASSY, OUT REAR VIEW, L;747.52400000000000000000;SUZUKI;;;0
84702M55TB0;MIRROR ASSY,OUT REAR VIEW,LH;1107.70100000000000000000;SUZUKI;NEW CELERIO POP 6AB;;0
84702M55TB0-ZHJ;MIRROR ASSY,OUT REAR VIEW,LH;1163.08600000000000000000;SUZUKI;NEW CELERIO POP 6AB;;0
84702M55TG0;MIRROR ASSY,OUT REAR VIEW,LH;2738.90500000000000000000;SUZUKI;NEW CELERIO POP 6AB;;0
84702M55TG0-ZHJ;MIRROR ASSY,OUT REAR VIEW,LH;2875.85000000000000000000;SUZUKI;NEW CELERIO POP 6AB;;0
84702M56R50-ZHJ;MIRROR ASSY, OUT REAR VIEW LH;460.91000000000000000000;SUZUKI;NEW CIAZ;;0
84702M56R93-ZHJ;MIRROR ASSY, OUT REAR VIEW, L;747.52400000000000000000;SUZUKI;NEW CELERIO POP 6AB;;0
84702M62S20;MIRROR ASSY,OUT REAR VIEW,L;297.51800000000000000000;SUZUKI;NEW CELERIO POP 6AB;;0
84702M62S20-26U;MIRROR ASSY, OUT REAR VIEW LH (WHITE);417.53500000000000000000;SUZUKI;NEW CIAZ;;0
84702M68P30-ZAM;MIRROR ASSYOUT REAR VIEWL(B;601.23200000000000000000;SUZUKI;NEW CELERIO POP 6AB;;0
84702M68P50-ZHJ;MIRROR ASSY, OUT LH;833.23100000000000000000;SUZUKI;NEW CELERIO POP 6AB;;0
84702M72RD0-ZHJ;MIRROR ASSY, OUT REAR VIEW LH(WHITE);1104.23500000000000000000;SUZUKI;NEW CELERIO POP 6AB;;0
84702M72RD1-WBE;MIRROR ASSY OUT REAR VIEW LH;1104.23500000000000000000;SUZUKI;NEW CELERIO POP 6AB;;0
84702M72RD1-ZHJ;MIRROR ASSY OUT REAR VIEW LH;1104.23500000000000000000;SUZUKI;NEW CELERIO POP 6AB;;0
84702M72RD2-WBE;MIRROR ASSY, OUT REAR VIEW, L;1104.23500000000000000000;SUZUKI;NEW CELERIO POP 6AB;;0
84702M72RD2-ZHJ;MIRROR ASSY, OUT REAR VIEW, L;1104.23500000000000000000;SUZUKI;NEW CELERIO POP 6AB;;0
84702M74LC1-ZHJ;"MIRROR ASSY, OUT REAR VIEW LH ";642.97800000000000000000;SUZUKI;NEW CIAZ;;0
84702M74LD2-ZHJ;"MIRROR ASSY, OUT REAR VIEW LH ";794.33300000000000000000;SUZUKI;NEW CIAZ;;0
84702M74TB0-ZHJ;MIRROR ASSY,OUT REAR VIEW,L;1144.72600000000000000000;SUZUKI;NEW CELERIO POP 6AB;;0
84702M74TG0-ZHJ;MIRROR ASSY,OUT REAR VIEW,L;2008.08800000000000000000;SUZUKI;NEW CELERIO POP 6AB;;0
84702M76M20;MIRROR ASSY,OUT REAR VIEW,LH;419.07877000000000000000;SUZUKI;NEW CIAZ;;0
84702M76M50-ZHJ;MIRROR ASSY OUT RR VIEW LH;471.47800000000000000000;SUZUKI;NEW CIAZ;;0
84702M77P00;MIRROR ASSY,OUT REAR VIEW,L;60.74000000000000000000;SUZUKI;NEW CELERIO POP 6AB;;0
84702M79MA0-000;MIRROR OUT LF VIEW;0.00000000000000000000;SUZUKI;NEW CELERIO POP 6AB;;0
84702M79MA0-ZQM;MIRROR OUT RR VIEW LH(WHITE);851.33800000000000000000;SUZUKI;NEW CELERIO POP 6AB;;0
84702M79MB0-ZQM;"MIRROR ASSY, OUT REAR VIEW LH ";851.33800000000000000000;SUZUKI;NEW CIAZ;;0
84702M79MG0-ZAM;MIRROR, OUT RR VIEW LH(BLACK;1011.73724260875000000000;SUZUKI;NEW CELERIO POP 6AB;;0
84702M79MG3-ZAM;MIRROR ASSY, OUT REAR VIEW, L;1092.31300000000000000000;SUZUKI;NEW CELERIO POP 6AB;;0
84702M81RB0-ZHJ;MIRROR ASSY,OUT REAR VIEW,L;439.25300000000000000000;SUZUKI;NEW CIAZ;;0
84703-54M03-6GS;MIRROR ASSY,INS RR VIEW;145.94900000000000000000;SUZUKI;NEW CELERIO POP 6AB;;0
84703-71L00-000;MIRROR ASSY,INS RR VIEW;376.54300000000000000000;SUZUKI;;;0
84703M55R10-6GS;MIRROR ASSY,INSIDE REAR VIEW;231.69300000000000000000;SUZUKI;NEW CELERIO POP 6AB;;0
84703M62S10-6GS;MIRROR ASSY,INSIDE RR VIEW(GRAY);117.54280000000000000000;SUZUKI;NEW CELERIO POP 6AB;;0
84703M75J00-6GS;MIRROR ASSYINSIDE R;45.21500000000000000000;SUZUKI;NEW CELERIO POP 6AB;;0
84703M75J00-V6N;MIRROR ASSY INSIDE REAR VIEW;105.64700000000000000000;SUZUKI;NEW CELERIO POP 6AB;;0
84703M75J11-V6N;MIRROR ASSY INSIDE REAR VIEW;105.64700000000000000000;SUZUKI;NEW CELERIO POP 6AB;;0
84703M75J12-V6N;MIRROR ASSYINSIDE REAR VIEW;108.81675000000000000000;SUZUKI;NEW CELERIO POP 6AB;;0
84703M79M01;MIRROR ASSY,INSIDE RR VIEW;141.62900000000000000000;SUZUKI;NEW BALENO 6AB;;0
84718-61M20-26U;COVER, MIRROR VISOR RH;213.75500000000000000000;SUZUKI;NEW CELERIO POP 6AB;;0
84718-65J00-ZJ3;COVER, MIRROR VISOR RH;176.01919650000000000000;SUZUKI;NEW CELERIO POP 6AB;;0
84718-65J00-ZMA;COVER, MIRROR VISOR RH;133.40250000000000000000;SUZUKI;NEW CELERIO POP 6AB;;0
84718-77R00-5PK;COVER,OUT MIRROR VISOR,R;120.70000000000000000000;SUZUKI;NEW CELERIO POP 6AB;;0
84718M55T20;COVER,MIRROR VISOR,RH;275.84400000000000000000;SUZUKI;NEW CELERIO POP 6AB;;0
84718M55T20-ZHJ;COVER,MIRROR VISOR,RH;289.63600000000000000000;SUZUKI;NEW CELERIO POP 6AB;;0
84718M67P10;COVER, MIRROR VISOR RH;103.88100000000000000000;SUZUKI;NEW CELERIO POP 6AB;;0
84718M67P10-ZHJ;COVER, MIRROR VISOR RH;103.88100000000000000000;SUZUKI;NEW CELERIO POP 6AB;;0
84718M72R20-ZHJ;COVER, MIRROR VISOR RH(WHITE);119.93200000000000000000;SUZUKI;NEW CELERIO POP 6AB;;0
84718M74LA0-Z4Q;COVER MIRROR VISOR RH;162.23100000000000000000;SUZUKI;NEW CIAZ;;0
84718M76M00;COVER,OUT MIRROR VISOR,R;59.46300000000000000000;SUZUKI;NEW CELERIO POP 6AB;;0
84718M76M10;.COVER,OUT MIRROR VISOR RH;56.63102000000000000000;SUZUKI;NEW BALENO 6AB;;0
84718M76M20-ZHJ;COVER, MIRROR BASE RH;92.10600000000000000000;SUZUKI;NEW BALENO 6AB;;0
84718M79M00-ZQM;COVERMIRROR VISORRH(WHITE);105.24500000000000000000;SUZUKI;NEW CELERIO POP 6AB;;0
84718M79M20-ZHJ;COVER, MIRROR VISOR, RH (WHITE;106.84000000000000000000;SUZUKI;NEW CELERIO POP 6AB;;0
84719M74L00-ZHJ;COVER MIRROR BASE RH;39.03000000000000000000;SUZUKI;NEW CELERIO POP 6AB;;0
84728-61M20-ZNL;COVER, MIRROR VISOR LH;213.42700000000000000000;SUZUKI;NEW CELERIO POP 6AB;;0
84728-65J00-ZMA;COVER, MIRROR VISOR LH;133.40250000000000000000;SUZUKI;NEW CELERIO POP 6AB;;0
84728-77R00-5PK;COVER,OUT MIRROR VISOR,L;125.76600000000000000000;SUZUKI;NEW CELERIO POP 6AB;;0
84728M55T20;COVER,MIRROR VISOR,LH;275.84400000000000000000;SUZUKI;NEW CELERIO POP 6AB;;0
84728M55T20-ZHJ;COVER,MIRROR VISOR,LH;289.63600000000000000000;SUZUKI;NEW CELERIO POP 6AB;;0
84728M67P10;COVER, MIRROR VISOR LH;103.88100000000000000000;SUZUKI;NEW CELERIO POP 6AB;;0
84728M67P10-26U;COVER OUT MIRROR VISOR LH (WHITE);103.88100000000000000000;SUZUKI;NEW CELERIO POP 6AB;;0
84728M67P10-ZHJ;COVER, MIRROR VISOR LH;103.88100000000000000000;SUZUKI;NEW CELERIO POP 6AB;;0
84728M72R20;COVER, MIRROR VISOR LH (WHITE);94.66500000000000000000;SUZUKI;NEW CELERIO POP 6AB;;0
84728M72R20-ZHJ;COVER, MIRROR VISOR LH(WHITE);139.18800000000000000000;SUZUKI;NEW CELERIO POP 6AB;;0
84728M74LA0-Z4Q;COVER MIRROR VISOR LH;162.23100000000000000000;SUZUKI;NEW CELERIO POP 6AB;;0
84728M74LA0-ZHJ;COVER MIRROR VISOR LH;136.57200000000000000000;SUZUKI;NEW CIAZ;;0
84728M76M00;COVER,OUT MIRROR VISOR,L;59.46300000000000000000;SUZUKI;NEW CIAZ;;0
84728M76M10-ZAM;COVERMIRROR VISORL;144.47600000000000000000;SUZUKI;NEW CIAZ;;0
84728M76M20-ZHJ;COVER, MIRROR BASE LH;102.60600000000000000000;SUZUKI;NEW CIAZ;;0
84728M79M00-ZQM;COVERMIRROR VISORLH(WHITE);105.24500000000000000000;SUZUKI;NEW CELERIO POP 6AB;;0
84728M79M20;COVER, MIRROR VISOR, LH (WHITE;52.13400000000000000000;SUZUKI;NEW CELERIO POP 6AB;;0
84728M79M20-ZHJ;COVER, MIRROR VISOR, LH (WHITE;105.24500000000000000000;SUZUKI;NEW CELERIO POP 6AB;;0
84729M74L00-ZHJ;COVER MIRROR BASE LH;39.03000000000000000000;SUZUKI;NEW CELERIO POP 6AB;;0
84730M67P10;GLASS OUT RR VIEW RH;53.08400000000000000000;SUZUKI;NEW BALENO 6AB;;0
84730M69RA0;GLASS COMP,OUT RR VIEW MIR,R;84.34000000000000000000;SUZUKI;NEW CELERIO POP 6AB;;0
84730M72R00;GLASS, OUT RR VIEW MIR RH;53.94000000000000000000;SUZUKI;NEW CELERIO POP 6AB;;0
84730M74LC0;.GLASS, OUT REAR VIEW RH;64.47500000000000000000;SUZUKI;NEW CIAZ;;0
84730M74LC0-000;GLASS OUT REAR VIEW RH;0.00000000000000000000;SUZUKI;NEW CELERIO POP 6AB;;0
84730M74LE0;.GLASS,OUT RR VIEW MIRROR;64.47500000000000000000;SUZUKI;NEW CIAZ;;0
84730M74T00;GLASS, OUT RR VIEW MIRROR RH;159.59200000000000000000;SUZUKI;NEW CELERIO POP 6AB;;0
84730M79M00;MIRROR, OUT RR VIEW;80.29287000000000000000;SUZUKI;NEW CIAZ;;0
84730M79M10;.MIRROR, OUT RR VIEW;84.34000000000000000000;SUZUKI;NEW BALENO 6AB;;0
84740-61M00-000;GLASS,OUT RR VIEW,L, AKK416;262.50000000000000000000;SUZUKI;NEW CELERIO POP 6AB;;0
84740M67P10;GLASS OUT RR VIEW LH;52.88100000000000000000;SUZUKI;NEW CELERIO POP 6AB;;0
84740M69RA0;GLASS COMP,OUT RR VIEW MIR,L;84.30800000000000000000;SUZUKI;NEW CELERIO POP 6AB;;0
84740M72R00;GLASS, OUT RR VIEW MIR LH;53.94000000000000000000;SUZUKI;NEW CELERIO POP 6AB;;0
84740M74LC0;.GLASS, OUT REAR VIEW LH;64.47500000000000000000;SUZUKI;NEW CIAZ;;0
84740M74LE0;.GLASS,OUT RR VIEW MIRROR;64.47500000000000000000;SUZUKI;NEW CIAZ;;0
84740M74T00;GLASS, OUT RR VIEW MIRROR LH;159.59200000000000000000;SUZUKI;NEW CELERIO POP 6AB;;0
84740M79M00;.MIRROR, OUT RR VIEW;80.29287000000000000000;SUZUKI;NEW CIAZ;;0
84740M79M10;.MIRROR, OUT RR VIEW;84.30800000000000000000;SUZUKI;NEW CELERIO POP 6AB;;0
84750-77R00-5PK;5PKGARNISH, SASH BRKT INR,R;52.04100000000000000000;SUZUKI;NEW CELERIO POP 6AB;;0
84750M55T00-5PK;GARNISH ,SASH BRKT INR,RH;47.20000000000000000000;SUZUKI;NEW CELERIO POP 6AB;;0
84750M55T10-5PK;GARNISH ,SASH BRKT INR,RH;23.02000000000000000000;SUZUKI;NEW CELERIO POP 6AB;;0
84750M56R00-5PK;GARNISH, SASH BRKT INR,RH;27.29800000000000000000;SUZUKI;NEW CELERIO POP 6AB;;0
84750M56R10-5PK;GARNISH COMP, SASH BRKT INR, R;21.72400000000000000000;SUZUKI;NEW CELERIO POP 6AB;;0
84750M68P10-5PK;GARNISHSASH BRKT INRR(BLACK;23.45500000000000000000;SUZUKI;NEW CELERIO POP 6AB;;0
84750M72R10-5PK;GARNISH, SASH BRKT INR RH(BLACK);17.85000000000000000000;SUZUKI;NEW CELERIO POP 6AB;;0
84750M79M00-5PK;GARNISH RH (BLACK);13.65300000000000000000;SUZUKI;NEW CELERIO POP 6AB;;0
84761-50X50-000;SEAL,140X190;43.52500000000000000000;SUZUKI;NEW CELERIO POP 6AB;;0
84781M55R01;COVERINSIDE MIRROR;28.00000000000000000000;SUZUKI;NEW CELERIO POP 6AB;;0
84781M55R01-6GS;COVERINSIDE MIRROR;44.50300000000000000000;SUZUKI;NEW CELERIO POP 6AB;;0
84781M72R00-6GS;COVER,INS MIR STAY(GRAY);28.81700000000000000000;SUZUKI;NEW CELERIO POP 6AB;;0
84781M75J00-V6N;COVER INSIDE MIRROR STAY;19.56400000000000000000;SUZUKI;NEW CELERIO POP 6AB;;0
84790-77R00-5PK;5PKGARNISH, SASH BRKT INR,L;52.04100000000000000000;SUZUKI;NEW CELERIO POP 6AB;;0
84790M55T00-5PK;GARNISH ,SASH BRKT INR,LH;23.01400000000000000000;SUZUKI;NEW CELERIO POP 6AB;;0
84790M55T10-5PK;GARNISH ,SASH BRKT INR,LH;33.52900000000000000000;SUZUKI;NEW CELERIO POP 6AB;;0
84790M56R00-5PK;GARNISH, SASH BRKT INR,LH;27.29800000000000000000;SUZUKI;NEW CELERIO POP 6AB;;0
84790M56R10-5PK;GARNISH COMP, SASH BRKT INR, L;22.99700000000000000000;SUZUKI;NEW CELERIO POP 6AB;;0
84790M68P10-5PK;GARNISHSASH BRKT INRL(BLACK;23.45500000000000000000;SUZUKI;NEW CELERIO POP 6AB;;0
84790M72R10-5PK;GARNISH, SASH BRKT INR LH(BLACK);17.85000000000000000000;SUZUKI;NEW CELERIO POP 6AB;;0
84790M79M00-5PK;GARNISH LH (BLACK);13.65300000000000000000;SUZUKI;NEW CELERIO POP 6AB;;0
84801-54P41-6GS;SUNVISOR ASSY RH (GRAY);346.61700000000000000000;SUZUKI;NEW CELERIO POP 6AB;;0
84801-54P43-6GS;SUNVISOR APK416;363.94800000000000000000;SUZUKI;NEW CELERIO POP 6AB;;0
84801-62R11-J0T;SUNVISOR ASSY,R (GRAY;126.97400000000000000000;SUZUKI;NEW CELERIO POP 6AB;;0
84801M76M10-6GS;SUNVISOR ASSYR;70.21050750000000000000;SUZUKI;NEW CELERIO POP 6AB;;0
84801M76M11-6GS;SUNVISOR;118.04600000000000000000;SUZUKI;NEW CELERIO POP 6AB;;0
84801M76M90;SUNVISOR ASSY,R;179.00000000000000000000;SUZUKI;NEW CELERIO POP 6AB;;0
84801M76M90-6GS;SUNVISOR ASSY,R;106.59400000000000000000;SUZUKI;NEW CELERIO POP 6AB;;0
84801M76M90-V6N;SUNVISOR ASSY,RH;97.93500000000000000000;SUZUKI;NEW CELERIO POP 6AB;;0
84802-54P43-6GS;SUNVISOR, LH APK416;438.47400000000000000000;SUZUKI;NEW CELERIO POP 6AB;;0
84802-62R00-J0T;SUNVISOR ASSSUNVISOR ASSY,L (GRAYY,L (GRAY;118.45800000000000000000;SUZUKI;NEW CELERIO POP 6AB;;0
84802M62S00-6GS;SUNVISOR ASSY,L(GRAY);128.98700000000000000000;SUZUKI;NEW CELERIO POP 6AB;;0
84802M76M30-6GS;SUNVISOR ASSYL;73.72200000000000000000;SUZUKI;NEW CELERIO POP 6AB;;0
84802M76M40-6GS;SUNVISOR ASSY,L;102.93600000000000000000;SUZUKI;NEW CELERIO POP 6AB;;0
84802M76M40-V6N;SUNVISOR ASSY LH (BEIGE);93.27150000000000000000;SUZUKI;NEW CELERIO POP 6AB;;0
84851M66R00-V6N;HOLDER,SUNVISOR;11.96100000000000000000;SUZUKI;NEW CELERIO POP 6AB;;0
84851M74L00-6GS;HOLDER SUNVISOR (BLACK);7.96800000000000000000;SUZUKI;NEW CELERIO POP 6AB;;0
84901M55T20-BHE;BELT ASSY,FR,RH;883.90500000000000000000;SUZUKI;NEW CELERIO POP 6AB;;0
84901M56R52-BHE;BELT ASSY FR RH;953.50200000000000000000;SUZUKI;NEW CELERIO POP 6AB;;0
84901M56R52-HLK;BELT ASSY FR RH;1053.94600000000000000000;SUZUKI;NEW CELERIO POP 6AB;;0
84901M72RA2-HLK;BELT ASSY FR RH;1169.80700000000000000000;SUZUKI;NEW CELERIO POP 6AB;;0
84901M76M00-BHE;BELT ASSYFRR;575.99700000000000000000;SUZUKI;NEW CELERIO POP 6AB;;0
84901M76M01-BHE;BELT ASSY FR R;575.99700000000000000000;SUZUKI;NEW CELERIO POP 6AB;;0
84901M79M20-HLK;BELT ASSY FRONT RH (BEIGE B;845.74200000000000000000;SUZUKI;NEW CIAZ;;0
84901M81R20-BHE;BELT ASSY,FR,R;994.06000000000000000000;SUZUKI;NEW CELERIO POP 6AB;;0
84902M55T20-BHE;BELT ASSY,FR,LH;883.90500000000000000000;SUZUKI;NEW CELERIO POP 6AB;;0
84902M56R60-BHE;TONGUE ASSY, FR BELT LH;1112.75800000000000000000;SUZUKI;NEW CELERIO POP 6AB;;0
84902M56R60-HLK;BELT ASSY, FRONT LH;1112.75800000000000000000;SUZUKI;NEW CELERIO POP 6AB;;0
84902M56R62-BHE;BELT ASSY FR LH;1059.76960000000000000000;SUZUKI;NEW CELERIO POP 6AB;;0
84902M56R62-HLK;BELT ASSY FR LH;1059.76960000000000000000;SUZUKI;NEW CELERIO POP 6AB;;0
84902M56R62-V6N;BELT ASSY FR LH;1112.75800000000000000000;SUZUKI;NEW CELERIO POP 6AB;;0
84902M72RC2-HLK;BELT ASSY FR LH;1093.38220000000000000000;SUZUKI;NEW CELERIO POP 6AB;;0
84902M76M11-BHE;BELT ASSYFRL;575.99700000000000000000;SUZUKI;NEW CIAZ;;0
84902M79M21-HLK;BELT ASSYFRL;845.74200000000000000000;SUZUKI;NEW CIAZ;;0
84902M81R30-BHE;BELT ASSY,FR,L;993.93700000000000000000;SUZUKI;NEW CELERIO POP 6AB;;0
84904M76M00-BHE;BELT ASSYRRR;313.22700000000000000000;SUZUKI;NEW CELERIO POP 6AB;;0
84904M81R00;BELT ASSY,RR,R;531.00000000000000000000;SUZUKI;NEW CELERIO POP 6AB;;0
84904M81R00-5PK;BELT ASSY,RR,R;217.31600000000000000000;SUZUKI;NEW CELERIO POP 6AB;;0
84905M76M00-BHE;BELT ASSYRRL;238.66700000000000000000;SUZUKI;NEW CELERIO POP 6AB;;0
84905M81R00;BELT ASSY,RR,L;531.00000000000000000000;SUZUKI;NEW CELERIO POP 6AB;;0
84905M81R00-5PK;BELT ASSY,RR,L;217.31400000000000000000;SUZUKI;NEW CELERIO POP 6AB;;0
84906M76M00-5PK;BELT ASSYRR CENTER;151.99100000000000000000;SUZUKI;NEW CELERIO POP 6AB;;0
84908M56R00-5PK;BELT ASSY, RR;420.78300000000000000000;SUZUKI;NEW CELERIO POP 6AB;;0
84908M62S20-5PK;BELT ASSY, RR;378.41400000000000000000;SUZUKI;NEW CELERIO POP 6AB;;0
84908M79M00-5PK;BELT ASSY REAR (BEIGE);489.35100000000000000000;SUZUKI;NEW CIAZ;;0
84920-54P11-BHE;TONGUE ASSY,FR BELT,R APK416;1013.68900000000000000000;SUZUKI;NEW CELERIO POP 6AB;;0
84920-77R00-5PK;TONGUE ASSY,FR BELT, R AND LH;374.04000000000000000000;SUZUKI;NEW CIAZ;;0
84920M68P50-BHE;TONGUE ASSY FR BELT RH;477.13500000000000000000;SUZUKI;NEW CELERIO POP 6AB;;0
84940-54P11-BHE;TONGUE ASSY,FR BELT,APK416;1013.84300000000000000000;SUZUKI;NEW CELERIO POP 6AB;;0
84940-54P12-BHE;TONGUE ASSY,FR BELT,L;986.85100000000000000000;SUZUKI;NEW CELERIO POP 6AB;;0
84940M83P00-BHE;TONGUE ASSY FR BELT LH;0.00000000000000000000;SUZUKI;NEW CELERIO POP 6AB;;0
84940M83P20-BHE;TONGUE ASSY FR BELT LH;678.66700000000000000000;SUZUKI;NEW CELERIO POP 6AB;;0
84940M83P20-HLK;TONGUE ASSY FR BELT LH;538.53700000000000000000;SUZUKI;NEW CELERIO POP 6AB;;0
84960-77R00-5PK;TONGUE ASSY,RR BELT,R (BLACK;390.30300000000000000000;SUZUKI;NEW CELERIO POP 6AB;;0
84960M68P00-5PK;TONGUE ASSY RR RH (BLACK);155.84300000000000000000;SUZUKI;NEW CELERIO POP 6AB;;0
84960M75L02-5PK;TONGUE ASSY RR BELT (BLACK);255.56700000000000000000;SUZUKI;NEW CELERIO POP 6AB;;0
84980-77R00-5PK;TONGUE ASSY,RR BELT,L (BLACK;390.30300000000000000000;SUZUKI;NEW CIAZ;;0
84996M65DA0;CAP, SHOULDER ADJUSTER;1.51700000000000000000;SUZUKI;NEW CELERIO POP 6AB;;0
85002M76MB0-DAU;SEAT ASSY,FR LH;1422.91500000000000000000;SUZUKI;NEW CELERIO POP 6AB;;0
85106M79M22;.CUSHION S/ASSYFR LH;676.25600000000000000000;SUZUKI;NEW CELERIO POP 6AB;;0
85160M81R10;PAD COMP,FR CUSH;294.42900000000000000000;SUZUKI;;;0
85220M62R00-5PK;COVER,RCLNG OUTSIDE,R(BLACK);47.81900000000000000000;SUZUKI;NEW CELERIO POP 6AB;;0
85242M68P00-5PK;COVER,FR RCLNG INS LWR,L(BLACK);17.41000000000000000000;SUZUKI;NEW BALENO 6AB;;0
85305M50SA0;BACK ASSY, FR RH;1669.47800000000000000000;SUZUKI;NEW CIAZ;;0
85306M79M20;.BACK S/ASSY,FR LH;150.92300000000000000000;SUZUKI;NEW CELERIO POP 6AB;;0
85350-54P00-000;MODULE,SIDE AIRBAG APK416;863.07000000000000000000;SUZUKI;NEW CELERIO POP 6AB;;0
85350M55T00;MODULE ASSY,SIDE AIR BAG;1237.55900000000000000000;SUZUKI;NEW CELERIO POP 6AB;;0
85350M68PA0;MODULE ASSY, SIDE AIR BAG RH;453.03500000000000000000;SUZUKI;NEW CELERIO POP 6AB;;0
85355M68PA1;HARNESS ASSY, SIDE AIRBAG;157.94200000000000000000;SUZUKI;NEW CIAZ;;0
85380M68PC0-EEU;TRIM, FR BACK RH (BLUE/BLACK);338.71700000000000000000;SUZUKI;NEW CIAZ;;0
85501M76M00;VITRE AV D;0.00000000000000000000;SUZUKI;NEW CELERIO POP 6AB;;0
85603M68P42;FRAME ASSY,FR CUSH,L;375.13600000000000000000;SUZUKI;;;0
85603M81R10;FRAME ASSY,FR CUSH,L;725.78100000000000000000;SUZUKI;NEW CIAZ;;0
85711-65JA0-5PK;KNOB, RCLNG LH (BLACK);18.72500000000000000000;SUZUKI;NEW CELERIO POP 6AB;;0
85711M62R00-5PK;KNOB,RCLNG,L(BLACK);95.11800000000000000000;SUZUKI;NEW BALENO 6AB;;0
85713-65J00-5PK;LEVER, SEAT LIFTER LH (BLACK);85.81500000000000000000;SUZUKI;NEW CELERIO POP 6AB;;0
85720M62R00-5PK;COVER,RCLNG OUTSIDE,L(BLACK);114.62200000000000000000;SUZUKI;NEW BALENO 6AB;;0
85803M56R00;FRAME ASSY,FR BACK,L;390.79300000000000000000;SUZUKI;NEW BALENO 6AB;;0
85850-54P00-000;MODULE,SIDE AIRBAG APK416;810.10200000000000000000;SUZUKI;NEW CELERIO POP 6AB;;0
85850M55T00;MODULE ASSY,SIDE AIR BAG;1237.55300000000000000000;SUZUKI;NEW CELERIO POP 6AB;;0
87160M56R00;PAD COMP, RR CUSH;688.14700000000000000000;SUZUKI;NEW CIAZ;;0
8719018030061;LAMPE 12V 60/55 H4;12.99000000000000000000;SUZUKI;;;0
8719018030092;LAMPE 12V 55W H7;13.39000000000000000000;SUZUKI;;;0
87460M81R00-000;SEAT RR CUSHION;4.02288000000000000000;SUZUKI;NEW CELERIO POP 6AB;;0
87480M62S00;LOCK ASSY RR BACK RH;45.54400000000000000000;SUZUKI;NEW CELERIO POP 6AB;;0
87480M66R00;LOCK ASSY, RR BACK RH;88.75800000000000000000;SUZUKI;NEW CELERIO POP 6AB;;0
87491M68P10-5PK;COVER, RR SEAT HINGE RH;1.71900000000000000000;SUZUKI;NEW CELERIO POP 6AB;;0
87980M62S00;LOCK ASSY RR BACK LH;45.54400000000000000000;SUZUKI;NEW CELERIO POP 6AB;;0
88910-61P00-R3F;SHELF COMP,RR PARCEL;415.85500000000000000000;SUZUKI;NEW CELERIO POP 6AB;;0
88910M74L01-R3F;SHELF COMPRR PARCEL;186.91700000000000000000;SUZUKI;NEW CIAZ;;0
88910M76M00-S01;SHELF COMPREAR PARCEL;258.27700000000000000000;SUZUKI;NEW CIAZ;;0
88910M81R00;SHELF COMP,REAR PARCEL;528.00000000000000000000;SUZUKI;NEW CELERIO POP 6AB;;0
88910M81R00-R3F;SHELF COMP,REAR PARCEL;207.64200000000000000000;SUZUKI;NEW CELERIO POP 6AB;;0
88913-54P00-000;HOLDER,RR PARCEL,R APK416;50.97000000000000000000;SUZUKI;NEW CELERIO POP 6AB;;0
88915M55R00;"STRING REAR PARCEL ";7.58100000000000000000;SUZUKI;NEW CELERIO POP 6AB;;0
88917-54P00-000;HOLDER,RR PARCEL,L APK416;39.62200000000000000000;SUZUKI;NEW CELERIO POP 6AB;;0
88919-80J00-000;HOOK,REAR PARCEL STRING RW416;27.60400000000000000000;SUZUKI;NEW CELERIO POP 6AB;;0
88921M68P01;HOOK,RRPARCELSTRING;5.38100000000000000000;SUZUKI;NEW CELERIO POP 6AB;;0
88921M82P00;HOOK,REAR PARCEL STRING;9.15600000000000000000;SUZUKI;NEW CELERIO POP 6AB;;0
89100M68830;TANK SET, FUEL;1864.97200000000000000000;SUZUKI;NEW BALENO 6AB;;0
89101-61MA0-000;TANK ASSY,FUEL AKK416;2540.87200000000000000000;SUZUKI;NEW CELERIO POP 6AB;;0
89101-77R00-000;TANK COMP,FUEL;4738.79700000000000000000;SUZUKI;NEW CELERIO POP 6AB;;0
89101M68PC0;TANK, FUEL;802.54300000000000000000;SUZUKI;NEW CELERIO POP 6AB;;0
89101M79M20;TANK ASSYFUEL;988.20900000000000000000;SUZUKI;NEW CELERIO POP 6AB;;0
89185M68P10;PLATE,FUEL TANK BAFFLE;17.29600000000000000000;SUZUKI;;;0
89191-71L20-000;NUT,FUEL PUMP LOCK;128.12500000000000000000;SUZUKI;NEW CELERIO POP 6AB;;0
89192-62J00-000;O RING, FUEL PUMP;141.12300000000000000000;SUZUKI;NEW CELERIO POP 6AB;;0
89201-77R00-000;NECK ASSY,FUEL FILLER;617.79900000000000000000;SUZUKI;NEW CELERIO POP 6AB;;0
89210M55R30;NECK , FUEL FILLER;236.90900000000000000000;SUZUKI;NEW CELERIO POP 6AB;;0
89210M62S10;NECK COMP,FUEL FILLER;182.58800000000000000000;SUZUKI;NEW CELERIO POP 6AB;;0
89210M68P20;NECK, FUEL FILLER;243.36800000000000000000;SUZUKI;NEW CELERIO POP 6AB;;0
89210M68P20-000;NECK COMPFUEL FILLER;231.77857500000000000000;SUZUKI;NEW CELERIO POP 6AB;;0
89210M76M10;NECK ASSYFUEL FILLER;262.21700000000000000000;SUZUKI;NEW CELERIO POP 6AB;;0
89210M79M10;NECK COMP,FUEL FILLER;175.56300000000000000000;SUZUKI;NEW CELERIO POP 6AB;;0
89210M84M00;NECK COMP,FUEL FILLER;209.54100000000000000000;SUZUKI;NEW CELERIO POP 6AB;;0
89232M74L00;COVER, FUEL FILLER NECK;5.95900000000000000000;SUZUKI;NEW CELERIO POP 6AB;;0
89241-77R00-000;HOSE,FUEL TANK FILLER;115.83900000000000000000;SUZUKI;NEW CELERIO POP 6AB;;0
89260-77K01-000;CAP ASSY, FUEL FILLER;197.35300000000000000000;SUZUKI;NEW CELERIO POP 6AB;;0
89260M60MA0;CAP ASSY,FUEL FILLER;133.78700000000000000000;SUZUKI;NEW CELERIO POP 6AB;;0
89260M62S00;CAP ASSY,FUEL FILLER;111.93500000000000000000;SUZUKI;NEW CELERIO POP 6AB;;0
89285-63R00-000;PACKING,FUEL FILLER;21.24300000000000000000;SUZUKI;NEW CELERIO POP 6AB;;0
89285M58J00;PACKINGFUEL FILLER;4.90300000000000000000;SUZUKI;NEW CELERIO POP 6AB;;0
89310-77R00-000;PROTECTOR,FUEL TANK;444.04400000000000000000;SUZUKI;NEW CELERIO POP 6AB;;0
89360-77R00-000;BELT COMP,FUEL TANK FIXER,R;173.75600000000000000000;SUZUKI;NEW CELERIO POP 6AB;;0
89370-77R00-000;BELT COMP,FUEL TANK FIXER,L;127.42300000000000000000;SUZUKI;NEW CELERIO POP 6AB;;0
89910-81AL2-000;JACK COMP;413.09700000000000000000;SUZUKI;NEW CELERIO POP 6AB;;0
89910M55R00;JACK ASSY;301.32100000000000000000;SUZUKI;NEW BALENO 6AB;;0
89910M62S10;JACK ASSY;102.67100000000000000000;SUZUKI;NEW CELERIO POP 6AB;;0
89910M66R30;JACK ASSY;265.36800000000000000000;SUZUKI;NEW BALENO 6AB;;0
89910M74L00;JACK ASSY;113.49471000000000000000;SUZUKI;NEW CIAZ;;0
89910M74L10;JACK ASSY;99.74560000000000000000;SUZUKI;NEW CIAZ;;0
89960M66R00;TOOL ASSY;114.35100000000000000000;SUZUKI;NEW CELERIO POP 6AB;;0
89960M68P00;TOOL ASSY;100.01439000000000000000;SUZUKI;NEW CELERIO POP 6AB;;0
89961-78R00-000;WRENCH,WHEEL 19;92.25500000000000000000;SUZUKI;NEW CELERIO POP 6AB;;0
89961M75J00;WRENCH,WHEEL 19;123.79000000000000000000;SUZUKI;NEW CIAZ;;0
89969M52R00;BOLT, TOWING HOOK;51.01700000000000000000;SUZUKI;NEW CELERIO POP 6AB;;0
89969M63J00;BOLT,TOWING HOOK;33.18300000000000000000;SUZUKI;NEW CELERIO POP 6AB;;0
95111-61M00-000;BRACKET,CPRSR;359.30500000000000000000;SUZUKI;NEW CELERIO POP 6AB;;0
95141-54PB0-000;V BELT (4PK) APK416;61.34300000000000000000;SUZUKI;NEW CIAZ;;0
95141-61M00-000;V BELT,4PK830;51.41600000000000000000;SUZUKI;NEW BALENO 6AB;;0
95141-71L10-000;V-BELT,4PK 810;33.61400000000000000000;SUZUKI;NEW CELERIO POP 6AB;;0
95141-71P00;COURROIE CLIM SWIFT;0.00000000000000000000;SUZUKI;NEW CIAZ;;0
95141-77R10-000;V-BELT(4PK;83.72400000000000000000;SUZUKI;NEW CIAZ;;0
95141-79M00-000;V-BELT(4PK);55.25300000000000000000;SUZUKI;NEW CIAZ;;0
95141M55R30;V-BELT(4PK);59.09600000000000000000;SUZUKI;NEW CIAZ;;0
95141M62S00;V BELT;70.18100000000000000000;SUZUKI;NEW CIAZ;;0
95141M65L00;V-BELT (4PK 780) CELERIO;41.94100000000000000000;SUZUKI;NEW CELERIO POP 6AB;;0
95141M68P00;V-BELT (4PK);47.02700000000000000000;SUZUKI;NEW CIAZ;;0
95141M68P10;V-BELT(4PK);98.92600000000000000000;SUZUKI;NEW CELERIO POP 6AB;;0
95141M69R00;V-BELT(4PK);43.48300000000000000000;SUZUKI;NEW CELERIO POP 6AB;;0
95141M76M10;V-BELT(4PK;43.26400000000000000000;SUZUKI;NEW CIAZ;;0
95141M82R00;V-BELT(4PK;55.25300000000000000000;SUZUKI;NEW CIAZ;;0
95200-74S00-000;COMPRESSOR ASSY;0.00000000000000000000;SUZUKI;NEW CELERIO POP 6AB;;0
95200-77R12-000;COMPRESSOR ASSY;2637.85100000000000000000;SUZUKI;NEW CELERIO POP 6AB;;0
95200M55T00;COMPRESSOR ASSY;1956.41100000000000000000;SUZUKI;NEW CELERIO POP 6AB;;0
95200M79M00;COMPRESSOR ASSY;2129.50600000000000000000;SUZUKI;NEW CIAZ;;0
95200M81R00;COMPRESSOR ASSY;1984.28400000000000000000;SUZUKI;NEW BALENO 6AB;;0
95200M82R10;COMPRESSOR ASSY;1358.96000000000000000000;SUZUKI;NEW CELERIO POP 6AB;;0
95210-77R30-000;MAGNET CLUTCH;715.98900000000000000000;SUZUKI;NEW CELERIO POP 6AB;;0
95210M76M00;.CLUTCH MAGNET;892.08700000000000000000;SUZUKI;NEW CIAZ;;0
95310-61M00-000;CONDENSER ASSY;1490.74500000000000000000;SUZUKI;NEW CELERIO POP 6AB;;0
95310-62M00-000;CONDENSER ASSY AKK416;1490.74500000000000000000;SUZUKI;NEW CELERIO POP 6AB;;0
95310-62M10-000;CONDENSER ASSY AKK416;1490.74500000000000000000;SUZUKI;NEW CELERIO POP 6AB;;0
95310-77R00-000;CONDENSER ASSY;1116.77300000000000000000;SUZUKI;NEW CELERIO POP 6AB;;0
95310-80J01-000;CONDENSER ASSY;1041.04600000000000000000;SUZUKI;NEW CELERIO POP 6AB;;0
95310M55R00;CONDENSER ASSY;844.50100000000000000000;SUZUKI;NEW CELERIO POP 6AB;;0
95310M55T00;CONDENSER ASSY;1373.44400000000000000000;SUZUKI;NEW CELERIO POP 6AB;;0
95310M62S00;CONDENSER ASSY;618.15100000000000000000;SUZUKI;NEW CELERIO POP 6AB;;0
95310M66R00;CONDENSERASSY;615.51000000000000000000;SUZUKI;NEW CIAZ;;0
95310M68P00;CONDENSER ASSY;911.92400000000000000000;SUZUKI;NEW CELERIO POP 6AB;;0
95310M68P01;CONDENSER ASSY;911.92400000000000000000;SUZUKI;NEW CELERIO POP 6AB;;0
95310M72R00;CONDENSER ASSY;474.55200000000000000000;SUZUKI;NEW CELERIO POP 6AB;;0
95310M74L00;CONDENSER ASSY;794.92000000000000000000;SUZUKI;NEW CELERIO POP 6AB;;0
95310M75T00;CONDENSER ASSY;547.53900000000000000000;SUZUKI;NEW BALENO 6AB;;0
95310M76M00;CONDENSER ASSY;571.71000000000000000000;SUZUKI;NEW CELERIO POP 6AB;;0
95310M79M00;CONDENSER ASSY;710.93900000000000000000;SUZUKI;NEW CELERIO POP 6AB;;0
95310M79M10;CONDENSER ASSY;956.93700000000000000000;SUZUKI;NEW CELERIO POP 6AB;;0
95340-54P00-000;SHROUD,RADIATOR,UP APK416;62.45100000000000000000;SUZUKI;NEW CELERIO POP 6AB;;0
95340M62S00;SHROUD,COND LOWER1;24.77427750000000000000;SUZUKI;NEW CELERIO POP 6AB;;0
95341M62S00;SHROUD,COND RH;15.28400000000000000000;SUZUKI;NEW CELERIO POP 6AB;;0
95341M82R00;SHROUD,COND SIDE,R;15.49200000000000000000;SUZUKI;NEW CELERIO POP 6AB;;0
95342M62S00;SHROUD,COND LH;21.09100000000000000000;SUZUKI;NEW CELERIO POP 6AB;;0
95342M82R00;SHROUD,COND SIDE,L;15.49200000000000000000;SUZUKI;NEW CELERIO POP 6AB;;0
95343M79M00;SHROUD, COND SIDE,RH NO.2;24.26200000000000000000;SUZUKI;NEW CELERIO POP 6AB;;0
95344M79M00;SHROUD, COND SIDE,LH NO.2;26.72200000000000000000;SUZUKI;NEW CELERIO POP 6AB;;0
95400M72R00;COOLING UNIT,REAR;2272.01300000000000000000;SUZUKI;NEW CELERIO POP 6AB;;0
95410M81R20;EVAPORATOR ASSY-W/PACKING;375.81700000000000000000;SUZUKI;NEW CELERIO POP 6AB;;0
95411-77RC0-000;EVAPORATORS/ASSY;575.32500000000000000000;SUZUKI;NEW CIAZ;;0
95411M56RC0;EVAPORATOR SUB ASSY;826.04800000000000000000;SUZUKI;NEW CELERIO POP 6AB;;0
95481M72R30;HOSE,DRAIN L;157.01400000000000000000;SUZUKI;NEW CELERIO POP 6AB;;0
95541M76M00;SENSOR,EVAP OUTLET;82.16300000000000000000;SUZUKI;NEW CIAZ;;0
95546M74L00;SENSOR,REFRIGERANT PRESSU;156.55400000000000000000;SUZUKI;NEW CIAZ;;0
95569-78040-000;CHECK VALVE ASSY;126.64600000000000000000;SUZUKI;NEW CELERIO POP 6AB;;0
95640-54P10-000;SENSOR,ROOM TEMP APK416;258.46800000000000000000;SUZUKI;NEW CELERIO POP 6AB;;0
95640M55R00;SENSOR ASSY,ROOM TEMP1;135.94500000000000000000;SUZUKI;NEW CELERIO POP 6AB;;0
95640M68PA0;SENSOR ASSY, ROOM TEMP;142.40400000000000000000;SUZUKI;NEW CELERIO POP 6AB;;0
95640M72R10;SENSOR ASSY,ROOM TEMP;135.94500000000000000000;SUZUKI;NEW CELERIO POP 6AB;;0
95640M79MB0;SENSOR ASSYROOM TEMP;193.69200000000000000000;SUZUKI;NEW CELERIO POP 6AB;;0
95640M83PB0;"SENSOR ASSY, ROOM TEMP ";183.38900000000000000000;SUZUKI;NEW CELERIO POP 6AB;;0
95642-64G20-000;SENSOR,SUN LIGHT ATK412;254.28800000000000000000;SUZUKI;NEW CELERIO POP 6AB;;0
95643M67P00;SENSOR,AIR TEMP;100.10400000000000000000;SUZUKI;NEW CELERIO POP 6AB;;0
95653M63JG0;ACTUATOR ASSY MODE;463.00200000000000000000;SUZUKI;NEW CELERIO POP 6AB;;0
95710-77RB0-000;HOSE,SUCTION;346.63200000000000000000;SUZUKI;NEW CIAZ;;0
95710M55R30;HOSE, SUCTION;190.67400000000000000000;SUZUKI;NEW CELERIO POP 6AB;;0
95710M69R01;HOSE,SUCTION;330.23800000000000000000;SUZUKI;NEW CELERIO POP 6AB;;0
95710M72R00;HOSE, SUCTION;170.39700000000000000000;SUZUKI;NEW CELERIO POP 6AB;;0
95710M74L10;HOSE, SUCTION;245.54800000000000000000;SUZUKI;NEW CIAZ;;0
95710M76M10;HOSE,SUCTION;148.50234000000000000000;SUZUKI;NEW CIAZ;;0
95710M79M00;HOSE,SUCTION;114.69638000000000000000;SUZUKI;NEW CIAZ;;0
95710M79M01;HOSE,SUCTION;148.01600000000000000000;SUZUKI;NEW CIAZ;;0
95720-77RB0-000;HOSE,DISCHARGE;346.63200000000000000000;SUZUKI;NEW CIAZ;;0
95720M55R30;HOSE, DISCHARGE;162.93100000000000000000;SUZUKI;NEW CELERIO POP 6AB;;0
95720M68P00;HOSE, DISCHARGE;136.23300000000000000000;SUZUKI;NEW CELERIO POP 6AB;;0
95720M69R00;HOSE,DISCHARGE;292.68000000000000000000;SUZUKI;NEW CELERIO POP 6AB;;0
95720M72R00;HOSE,DISCHARGE;181.08000000000000000000;SUZUKI;NEW CELERIO POP 6AB;;0
95720M74L10;HOSE, DISCHARGE;204.01900000000000000000;SUZUKI;NEW CIAZ;;0
95720M76M00;HOSE,DISCHARGE;162.92000000000000000000;SUZUKI;NEW CIAZ;;0
95720M79M00;HOSE DISCHARGE;230.43700000000000000000;SUZUKI;NEW CIAZ;;0
95731-77RB0-000;PIPE,LIQUID;365.18200000000000000000;SUZUKI;NEW CIAZ;;0
95731M62S00;HOSE LIQUID;255.99500000000000000000;SUZUKI;NEW CELERIO POP 6AB;;0
95731M72R30;HOSE,LIQUID;183.00700000000000000000;SUZUKI;NEW CELERIO POP 6AB;;0
95731M74L10;PIPE, LIQUID;343.02700000000000000000;SUZUKI;NEW CIAZ;;0
95731M76M10;PIPE,LIQUID;421.47600000000000000000;SUZUKI;NEW CIAZ;;0
95731M79M10;PIPE,LIQUID;348.43500000000000000000;SUZUKI;NEW CIAZ;;0
95731M81R00;HOSE,LIQUID;408.58100000000000000000;SUZUKI;NEW CELERIO POP 6AB;;0
95732M72R30;PIPE,LIQUID NO.4;99.50000000000000000000;SUZUKI;NEW CELERIO POP 6AB;;0
95740M72R00;PIPE,SUCTION & LIQUID NO.2;263.27300000000000000000;SUZUKI;NEW CELERIO POP 6AB;;0
95740M72R10;PIPE,SUCTION & LIQUID NO.3;159.01400000000000000000;SUZUKI;NEW CELERIO POP 6AB;;0
95740M72R20;PIPE ASSY,DRAIN & SUCT;221.35900000000000000000;SUZUKI;NEW CELERIO POP 6AB;;0
95741M72R30;PIPE,SUCTION NO.1;170.39700000000000000000;SUZUKI;NEW CELERIO POP 6AB;;0
95741M79M10;PIPE,SUCTION;118.03800000000000000000;SUZUKI;NEW CIAZ;;0
95741M82R10;PIPE,SUCTION;148.59700000000000000000;SUZUKI;NEW CELERIO POP 6AB;;0
95850-61M00-000;FILTER AKK41;72.02000000000000000000;SUZUKI;NEW CELERIO POP 6AB;;0
95850M55R00;FILTER ASSY;57.73700000000000000000;SUZUKI;NEW CELERIO POP 6AB;;0
95850M68P00;"CABIN AIR FILTER ";95.25100000000000000000;SUZUKI;NEW CELERIO POP 6AB;;0
95850M79M00;CABIN AIR FILTER - CIAZ & NEW;59.55400000000000000000;SUZUKI;NEW CELERIO POP 6AB;;0
95860-59S00-000;FILTER S/ASSY,AIR REFINER;112.75500000000000000000;SUZUKI;NEW CELERIO POP 6AB;;0
95860-74P00-000;FILTER ASSY;107.38593000000000000000;SUZUKI;NEW CIAZ;;0
95860M81RB0;CABIN AIR FILTER;63.18900000000000000000;SUZUKI;NEW CELERIO POP 6AB;;0
95862M76M10-000;FILTER ASSY;100.73873000000000000000;SUZUKI;NEW CIAZ;;0
95862M76M30;FILTER;79.79800000000000000000;SUZUKI;NEW CELERIO POP 6AB;;0
99000-79NK0-030;RUBBER KEYRING JIMNY YEL/GRY;19.88140000000000000000;SUZUKI;NEW CELERIO POP 6AB;;0
99000M24120-965;COOLING WATER RED;69.78900000000000000000;SUZUKI;;;0
99000M24120-967;"COOLING WATER BLUE ";62.97700000000000000000;SUZUKI;;;0
99000M24121-135;AMT OIL(550 ML);136.35900000000000000000;SUZUKI;NEW CELERIO POP 6AB;;0
99016M62S00;"MANUAL SERVICE ";2069.76800000000000000000;SUZUKI;NEW CIAZ;;0
990E0-54P44-001;FRONT SKID PLATE 2TONE VITARA;971.49000000000000000000;SUZUKI;NEW CIAZ;;0
990E0-54P79-GRP;ALL GRIP LOGO VITARA (LY);52.11400000000000000000;SUZUKI;NEW CIAZ;;0
990J0M55R07-090;"COVER ROCKER PANEL ";506.32900000000000000000;SUZUKI;NEW CIAZ;;0
990J0M55R07-100;"COVER ROCKER PANEL R ";506.32900000000000000000;SUZUKI;NEW CIAZ;;0
990J0M55RQ0-010;"DOOR VISOR ";251.59900000000000000000;SUZUKI;NEW CELERIO POP 6AB;;0
990J0M55T01-010;BSM (OPG & INSERT ZAM);261.03600000000000000000;SUZUKI;NEW CELERIO POP 6AB;;0
990J0M55TQ0-010;"DOOR VISOR ";187.88300000000000000000;SUZUKI;NEW CELERIO POP 6AB;;0
990J0M55TQ0-020;"DOOR VISOR CHROME ";205.37500000000000000000;SUZUKI;NEW CELERIO POP 6AB;;0
990J0M56RQ0-010;DOOR VISOR;279.37100000000000000000;SUZUKI;NEW CELERIO POP 6AB;;0
990J0M56RQ0-020;"DOOR VISOR ";222.03000000000000000000;SUZUKI;NEW CELERIO POP 6AB;;0
990J0M62S07-210;WHEEL ARC CLADDING;500.48100000000000000000;SUZUKI;NEW BALENO 6AB;;0
990J0M62SEP-080;EXPEDITION W/O MAT;2042.73700000000000000000;SUZUKI;NEW CIAZ;;0
990J0M62SPJ-010;DOOR SIDE CLADDING;359.68900000000000000000;SUZUKI;NEW CELERIO POP 6AB;;0
990J0M62SPJ-020;PANEL INSTRUMENT CHROME INSERT;118.19400000000000000000;SUZUKI;NEW CELERIO POP 6AB;;0
990J0M62SQ0-010;DOOR VISOR;175.77700000000000000000;SUZUKI;NEW CELERIO POP 6AB;;0
990J0M68PQ0-010;DOOR VISOR;254.79900000000000000000;SUZUKI;NEW CELERIO POP 6AB;;0
990J0M72R01-020;BSM WITH FULL CHROME;405.80400000000000000000;SUZUKI;NEW CELERIO POP 6AB;;0
990J0M72R07-090;TRUNK LINE SPOILER - PRIMERED;423.36000000000000000000;SUZUKI;NEW CELERIO POP 6AB;;0
990J0M72RQ0-010;DOOR VISOR;184.36500000000000000000;SUZUKI;NEW CELERIO POP 6AB;;0
990J0M74L01-010;BODY SIDE MOULDING NSWIFT;60.22931000000000000000;SUZUKI;NEW CIAZ;;0
990J0M74L07-040;SWIFT STYLING - REAR SPL;461.50099000000000000000;SUZUKI;NEW CIAZ;;0
990J0M74L07-090;SIDE SKIRT SWIFT DZIRE;547.56214000000000000000;SUZUKI;NEW CIAZ;;0
990J0M74L07-190;Front spoiler YP8 HB minor - P;431.33879000000000000000;SUZUKI;NEW CIAZ;;0
990J0M74L07-360;Swift minor Styling Kit - new;1452.68928000000000000000;SUZUKI;NEW CIAZ;;0
990J0M74L13-020;WINDOW FRAME KIT SWIFT;95.09195000000000000000;SUZUKI;NEW CIAZ;;0
990J0M74L13-040;HANDLE PROT GRNSH CHR;153.43700000000000000000;SUZUKI;NEW CIAZ;;0
990J0M74L17-010;BMPR PTR CHROME N SWIFT;74.07200000000000000000;SUZUKI;NEW CIAZ;;0
990J0M74LB3-500;SCR QULT WTH SPRKLE SLVR&BLC |;478.83700000000000000000;SUZUKI;NEW CIAZ;;0
990J0M74LB3-530;SCR PU BLK&SILVER;535.06600000000000000000;SUZUKI;NEW CIAZ;;0
990J0M74LJ2-120;BODY GRAPHICS-LTD EDITION SWIF|;180.45610000000000000000;SUZUKI;NEW CIAZ;;0
990J0M74LP3-010;HEAD LMP GRNSH CHR;170.41012000000000000000;SUZUKI;NEW CIAZ;;0
990J0M74LPD-010;OVRM GARNISH;91.40000000000000000000;SUZUKI;NEW CIAZ;;0
990J0M74TES-010;FRONX SPORTS KIT;1473.03500000000000000000;SUZUKI;NEW BALENO 6AB;;0
990J0M75T01-040;BODY SIDE MOULDING;0.00000000000000000000;SUZUKI;;;0
990J0M75TTE-090;NEW SWIFT SPORTS KIT (NA E07/;1368.57100000000000000000;SUZUKI;;;0
990J0M75TTE-120;NEW SWIFT BASIC KIT(ALL SPEC);475.47600000000000000000;SUZUKI;NEW BALENO 6AB;;0
990J0M76M00-030;MUD FLP;79.46900000000000000000;SUZUKI;NEW CIAZ;;0
990J0M76M01-010;BODY SIDE MLDNG CELERIO;134.13100000000000000000;SUZUKI;NEW CIAZ;;0
990J0M76M01-080;BAGUETTE DE PORTE;314.54325000000000000000;SUZUKI;NEW CIAZ;;0
990J0M76M07-010;BCK DR SPLR PRMRD CELERIO;364.65200000000000000000;SUZUKI;NEW CIAZ;;0
990J0M76M13-020;BCK DR GARNSH CELERIO;143.78700000000000000000;SUZUKI;NEW CIAZ;;0
990J0M76M13-030;GARSH FG LMP CELERIO;43.23500000000000000000;SUZUKI;NEW CIAZ;;0
990J0M76M13-060;ORVM COVER CELERIO;128.25900000000000000000;SUZUKI;NEW CIAZ;;0
990J0M76MB3-080;S/C RED/BLK PU QUILT CELERIO;477.58426000000000000000;SUZUKI;NEW CIAZ;;0
990J0M76MM6-030;SEUIL DE PORTE;123.00900000000000000000;SUZUKI;NEW CIAZ;;0
990J0M76MP3-010;HD LMP GRNSH CELERIO;90.03897000000000000000;SUZUKI;NEW CIAZ;;0
990J0M76MP4-010;TL LMP GRNSH CELERIO;114.71500000000000000000;SUZUKI;NEW CIAZ;;0
990J0M76MP6-010;D/SILL GRD CELERIO;119.36300000000000000000;SUZUKI;NEW CIAZ;;0
990J0M76MQ0-010;DOOR VISOR;216.83700000000000000000;SUZUKI;NEW CELERIO POP 6AB;;0
990J0M76MQ0-010-1;DOOR VISOR FR L;75.36138750000000000000;SUZUKI;NEW CELERIO POP 6AB;;0
990J0M76MQ0-010-2;DOOR VISOR FR R;79.12900000000000000000;SUZUKI;NEW CELERIO POP 6AB;;0
990J0M76MQ0-010-3;DOOR VISOR RR L;73.29500000000000000000;SUZUKI;NEW CELERIO POP 6AB;;0
990J0M76MQ0-010-4;DOOR VISOR RR R;73.29500000000000000000;SUZUKI;NEW CELERIO POP 6AB;;0
990J0M76MTE-CE2;NEW CELERIO EXPORT COMBO;927.07200000000000000000;SUZUKI;NEW CIAZ;;0
990J0M76TQ0-010;"DOOR VISOR ";274.44400000000000000000;SUZUKI;NEW CELERIO POP 6AB;;0
990J0M79M01-010;BODY SIDE MOULDING CIAZ BLACK |;280.91600000000000000000;SUZUKI;NEW CIAZ;;0
990J0M79M07-100;Trunk lid spolier;1089.52027000000000000000;SUZUKI;NEW CIAZ;;0
990J0M79M07-110;Trunk lid spolier (Silky silve;913.12027000000000000000;SUZUKI;NEW CIAZ;;0
990J0M79M07-120;Trunk lid spolier (Pearl digni;913.12027000000000000000;SUZUKI;NEW CIAZ;;0
990J0M79M07-130;Trunk lid spolier (Glistening;724.71074000000000000000;SUZUKI;NEW CIAZ;;0
990J0M79M07-160;Trunk lid spolier (mid night b;879.79500000000000000000;SUZUKI;NEW CIAZ;;0
990J0M79M07-170;Trunk lid spolier (clear beige;724.71074000000000000000;SUZUKI;NEW CIAZ;;0
990J0M79M07-220;PRIMED FRONT BODY;404.79500000000000000000;SUZUKI;NEW CIAZ;;0
990J0M79M07-230;PRIMED FRONT BODY;265.06636000000000000000;SUZUKI;NEW CIAZ;;0
990J0M79M07-240;PRIMED FRONT SIDE;791.30600000000000000000;SUZUKI;NEW CIAZ;;0
990J0M79M07-340;TRUNK LID SPOILER BLUE;826.05900000000000000000;SUZUKI;NEW CELERIO POP 6AB;;0
990J0M79MP5-010;Fog Lamp Garnish;152.01900000000000000000;SUZUKI;NEW CIAZ;;0
990J0M79MP6-010;D/ SILL GRD CIAZ;63.03600000000000000000;SUZUKI;NEW CIAZ;;0
990J0M79MQ0-040;DOOR VISOR;203.41200000000000000000;SUZUKI;NEW CELERIO POP 6AB;;0
990J0M80TLF-010;PORTABLE FOLDING TABLE LIFESTY;207.70600000000000000000;SUZUKI;NEW CELERIO POP 6AB;;0
990J0M80TLF-110;PREMIUM MAT;90.00000000000000000000;SUZUKI;NEW CELERIO POP 6AB;;0
990J0M80TLF-230;TENT 3 PERSON LIFESTYLE ACCESS;627.32800000000000000000;SUZUKI;NEW CELERIO POP 6AB;;0
990J0M80TLF-290;MODERATE WEATHER SLEEPING BAG;106.60200000000000000000;SUZUKI;NEW CELERIO POP 6AB;;0
990J0M81R01-010;BSM- Pearl Arctic White Chrm I;378.79700000000000000000;SUZUKI;NEW CIAZ;;0
990J0M81R07-050;ROOF BODY SPOILER;473.89200000000000000000;SUZUKI;NEW CIAZ;;0
990J0M81R07-150;FRONT UNDER BODY SPOILER (NP);425.03100000000000000000;SUZUKI;NEW CIAZ;;0
990J0M81R07-160;REAR UNDER BODY SPOILER (NP);447.73700000000000000000;SUZUKI;NEW CIAZ;;0
990J0M81R07-170;SIDE UNDER BODY SPOILER (NP);526.60800000000000000000;SUZUKI;NEW CELERIO POP 6AB;;0
990J0M81R07-180;WHEEL ARC CLADDING (NP);674.94200000000000000000;SUZUKI;NEW BALENO 6AB;;0
990J0M81R13-120;FOG LAMP GARNISH ACTIVE & COOL;52.49900000000000000000;SUZUKI;NEW CIAZ;;0
990J0M81RES-030;NEW CELERIO EXT. STYLING KIT;1716.00500000000000000000;SUZUKI;NEW CELERIO POP 6AB;;0
990J0M81RP6-010;Door Sill Guard- Twin Colour;237.12900000000000000000;SUZUKI;NEW CIAZ;;0
990J0M81RPJ-130;ISK -Door Bezel ,Peppy& Stylis;461.85400000000000000000;SUZUKI;NEW CIAZ;;0
990J0M81RQ0-030;DOOR VISOR CHROME;391.95700000000000000000;SUZUKI;NEW CELERIO POP 6AB;;0
990J0MSWEXP-COM;SWIFT EXPORT COMBO;2090.87500000000000000000;SUZUKI;NEW CIAZ;;0
99118-78R00-BK1;MUD FLAP FRONT,BLACK;211.48600000000000000000;SUZUKI;NEW CELERIO POP 6AB;;0
99118-78R10-BK1;MUD FLAP REAR,BLACK;211.48600000000000000000;SUZUKI;NEW CELERIO POP 6AB;;0
9911C-78R01-ZSC;FRONT GRILLE;696.61500000000000000000;SUZUKI;NEW CELERIO POP 6AB;;0
99120-78R11-000;RAIN AND WIND DEFLECTOR SET;188.80600000000000000000;SUZUKI;NEW CELERIO POP 6AB;;0
9912J-78R31-000;FRONT DIFFERENTIAL GUARD;999.30900000000000000000;SUZUKI;NEW CELERIO POP 6AB;;0
9912J-78R41-000;REAR DIFFERENTIAL GUARD;999.30900000000000000000;SUZUKI;NEW CELERIO POP 6AB;;0
99213-78R80-000;DOOR LAMP;414.89600000000000000000;SUZUKI;NEW BALENO 6AB;;0
9923B-78R60-000;COVER,SPARE TIRE;1585.94500000000000000000;SUZUKI;NEW CELERIO POP 6AB;;0
9923D-78R00-002;AT SHIFT PANEL,LHD,STAIN SILVE;194.26600000000000000000;SUZUKI;NEW CELERIO POP 6AB;;0
99243-78R02-000;ATTACHABLE TENT;1878.99000000000000000000;SUZUKI;NEW CELERIO POP 6AB;;0
ALL NEW SW GL CVT;ALL NEW SWIFT GL CVT;0.00000000000000000000;SUZUKI;SWIFT IV;;0
ALL NEW SW GL MT;"ALL NEW SWIFT GL MT ";0.00000000000000000000;SUZUKI;SWIFT IV;;0
ALL NEW SW GL+ CVT;ALL NEW SWIFT GL+ CVT;0.00000000000000000000;SUZUKI;SWIFT IV;;0
ALL NEW SW GLX CVT;ALL NEW SWIFT GLX CVT;0.00000000000000000000;SUZUKI;SWIFT IV;;0
ALL NEW SW GLX MT;ALL NEW SWIFT GLX MT;0.00000000000000000000;SUZUKI;SWIFT IV;;0
ALTO;ALTO BVM;0.00000000000000000000;SUZUKI;ALTO;;0
BALENO GL;BALENO GLX 1.4L BVM;46080.88275000000000000000;SUZUKI;BALENO;;0
BALENO GLX;BALENO GLX 1.4L BVA;54860.29395000000000000000;SUZUKI;BALENO;;0
CACHE SOUS MOTEUR;"KIT ACC CACHE SOUS MOTEUR ";252.10100000000000000000;SUZUKI;NEW CELERIO POP 6AB;;0
CELERIO AMT;CELERIO GL 1.0L BVA ESSENCE;33022.05900000000000000000;SUZUKI;CELERIO;;0
CELERIO BVA AMT;CELERIO GL 1.0L BVA ESSENCE;33800.81775000000000000000;SUZUKI;CELERIO BVA;;0
CELERIO GL;CELERIO GL 1.0L BVM ESSENCE;25204.67670000000000000000;SUZUKI;CELERIO;;0
CELERIO GL-POP;CELERIO GL-POP 1.0L BVM ESSENCE;19800.25215000000000000000;SUZUKI;CELERIO;;0
CELERIO POP GL MT;NEW CELERIO POP GL 1.0L BVM ESSENCE;26160.74800000000000000000;SUZUKI;NEW CELERIO;;0
CIAZ GL;CIAZ GL 1.4L BVM ESSENCE;37213.23480000000000000000;SUZUKI;CIAZ;;0
CIAZ GL BVA 1,5L;"CIAZ GL 1,5L BVA ESSENCE ";0.00000000000000000000;SUZUKI;CIAZ;;0
CIAZ GL BVM 1,5L;"CIAZ GL 1,5L BVM ESSENCE ";0.00000000000000000000;SUZUKI;CIAZ;;0
CIAZ GLX;CIAZ GLX 1.4L BVM ESSENCE;46919.11770000000000000000;SUZUKI;CIAZ;;0
CIAZ GLX BVA 1,5L;CIAZ GLX 1.5 L BVA ESSENCE;52270.05840000000000000000;SUZUKI;CIAZ;;0
CIAZ GLX1,5L;CIAZ GLX 1.5 L BVM ESSENCE;47858.29440000000000000000;SUZUKI;CIAZ;;0
DZIRE GL;DZIRE GL 1,2 ESSENCE BVM;35314.62200000000000000000;SUZUKI;DZIRE;;0
DZIRE GLX;DZIRE GLX 1,2 ESSENCE BVM;39198.00045000000000000000;SUZUKI;DZIRE;;0
DZIRE GLX SLDA;DZIRE GLX 1,2 ESSENCE SLDA;40080.35325000000000000000;SUZUKI;DZIRE;;0
EECO;EECO 7P;0.00000000000000000000;SUZUKI;EECO 7P;;0
ERTIGA FL;ERTIGA FL BVM 6AB;0.00000000000000000000;SUZUKI;ERTIGA FL;;0
ERTIGA FL BVA;ERTIGA FL BVA 6AB;0.00000000000000000000;SUZUKI;ERTIGA FL;;0
ERTIGA GLX  BVA FL;ERTIGA GLX 1.5 L BVA ESSENCE FACE LIFTT;0.00000000000000000000;SUZUKI;ERTIGA FL;;0
ERTIGA GLX  BVM FL;ERTIGA GLX 1.5 L BVM ESSENCE FACE LIFT;0.00000000000000000000;SUZUKI;ERTIGA FL;;0
ERTIGA GLX 1.5 L BVA;ERTIGA GLX 1.5 L BVA ESSENCE;63661.23540000000000000000;SUZUKI;ERTIGA;;0
ERTIGA GLX 1.5 L BVM;ERTIGA GLX 1.5 L BVM ESSENCE;60131.82315000000000000000;SUZUKI;ERTIGA;;0
FRONX GL BVM;FRONX GL BVM;0.00000000000000000000;SUZUKI;FRONX;;0
FRONX GL BVM 6AB;FRONX GL BVM 6AB;0.00000000000000000000;SUZUKI;FRONX;;0
FRONX GLX BVA;FRONX GLX BVA;0.00000000000000000000;SUZUKI;FRONX;;0
FRONX GLX BVA 6AB;FRONX GLX BVA 6AB;0.00000000000000000000;SUZUKI;FRONX;;0
G VITARA DOOR VISOR;"DOOR VISOR ";252.10100000000000000000;SUZUKI;NEW CELERIO POP 6AB;;0
GRAND VITARA GLX 4AT;GRAND VITARA GLX SR 4AT;0.00000000000000000000;SUZUKI;GRAND VITARA;;0
GRAND VITARA GLX 5MT;GRAND VITARA GLX SR 5MT;0.00000000000000000000;SUZUKI;GRAND VITARA;;0
GRAND VITARA GLX 6AT;GRAND VITARA GLX SR 6AT;0.00000000000000000000;SUZUKI;GRAND VITARA;;0
JIMNY 5D;JIMNY 5D MT;0.00000000000000000000;SUZUKI;JIMNY 5D MT;;0
JIMNY 5D AT;JIMNY 5D AT 4X4;0.00000000000000000000;SUZUKI;JIMNY 5D AT;;0
JIMNY GL;JIMNY GL 1,5L BVM 4*4 ESSENCE;71690.64735000000000000000;SUZUKI;JIMNY;;0
JIMNY GL AT;JIMNY GL 1,5L BVA 4*4 ESSENCE;77867.11800000000000000000;SUZUKI;JIMNY;;0
KIT ACC FRONX;"KIT ACCESSOIRE FRONX ";1680.67300000000000000000;SUZUKI;NEW CELERIO POP 6AB;;0
KIT ACC JIMNY 5D 1;"KIT ACCESSOIRES JIMNY 5D 1 ";623.84600000000000000000;SUZUKI;NEW CELERIO POP 6AB;;0
KIT ACC JIMNY 5D 2;"KIT ACCESSOIRES JIMNY 5D 2 ";1913.25400000000000000000;SUZUKI;NEW CELERIO POP 6AB;;0
KIT ACC JIMNY 5D 3;"KIT ACCESSOIRES JIMNY 5D 3 ";2056.52600000000000000000;SUZUKI;NEW CELERIO POP 6AB;;0
KIT ACC NEW BALENO;"KIT ACCESSOIRES NEW BALENO ";504.20200000000000000000;SUZUKI;NEW CELERIO POP 6AB;;0
KIT BASIC NEW SWIFT;"KIT ACCESSOIRE BASIC ALL NEW SWIFT ";504.20200000000000000000;SUZUKI;;;0
KIT SPORT NEW SWIFT;"KIT ACCESSOIRE SPORT ALL NEW SWIFT ";1428.57200000000000000000;SUZUKI;;;0
N BALENO 4AT GLX;NEW BALENO GLX BVA;55742.11755000000000000000;SUZUKI;BALENO;;0
N BALENO 5MT GLX;NEW BALENO GLX BVM;50447.99970000000000000000;SUZUKI;BALENO;;0
N SW GL BVA;NEW SWIFT GL AGS;0.00000000000000000000;SUZUKI;NEW SWIFT;;0
N SW GL MT;NEW SWIFT GL MT BVM;36550.94100000000000000000;SUZUKI;NEW SWIFT;;0
N SW GLX A;NEW SWIFT GLX BVA;40356.63900000000000000000;SUZUKI;NEW SWIFT;;0
N SW GLX A SLDA;NEW SWIFT GLX AGS SLDA;42727.41165000000000000000;SUZUKI;NEW SWIFT;;0
N SW GLX A SLDA DUAL;NEW SWIFT GLX A SLDA DUAL TONE;0.00000000000000000000;SUZUKI;NEW SWIFT;;0
N SW GLX M;NEW SWIFT GLX BVM;38756.82405000000000000000;SUZUKI;NEW SWIFT;;0
N SW GLX M SLDA;NEW SWIFT GLX M SLDA;40609.76430000000000000000;SUZUKI;NEW SWIFT;;0
N SW GLX M SLDA DUAL;NEW SWIFT GLX M SLDA DUAL TONE;42727.41165000000000000000;SUZUKI;NEW SWIFT;;0
N SW GLXAP;NEW SWIFT GLX BVA PACK;46257.35310000000000000000;SUZUKI;NEW SWIFT;;0
N SW GLXMP;NEW SWIFT GLX BVM  PACK;44139.70575000000000000000;SUZUKI;NEW SWIFT;;0
NEW BALENO GL BVM;NEW BALENO GL 1.5 L BVM ESSENCE;0.00000000000000000000;SUZUKI;NEW BALENO;;0
NEW BALENO GL BVM 6A;NEW BALENO GL 1.5 L BVM ESSENCE;0.00000000000000000000;SUZUKI;NEW BALENO 6AB;;0
NEW BALENO GLX BVA;NEW BALENO GLX 1.5 L BVA ESSENCE;0.00000000000000000000;SUZUKI;NEW BALENO;;0
NEW CELERIO;NEW CELERIO POP GL 1.0L BVM ESSENCE 6AB;0.00000000000000000000;SUZUKI;NEW CELERIO POP 6AB;;0
NEW CELERIO AMT;"NEW CELERIO AMT 6AB ";0.00000000000000000000;SUZUKI;NEW CELERIO AMT 6AB;;0
NEW CELERIO GL AT;NEW CELERIO GL 1.0L AGS ESSENCE;0.00000000000000000000;SUZUKI;NEW CELERIO;;0
NEW CELERIO GL-POP;NEW CELERIO GL-POP 1.0L BVM ESSENCE;0.00000000000000000000;SUZUKI;NEW CELERIO;;0
NEW DZIRE GL MT;NEW DZIRE GL MT;0.00000000000000000000;SUZUKI;DZIRE IV;;0
NEW DZIRE GLX CVT;NEW DZIRE GLX CVT;0.00000000000000000000;SUZUKI;DZIRE IV;;0
NEW ERTIGA SPORT EXT;NEW ERTIGA SPORT EXTERIOR KIT;1008.40300000000000000000;SUZUKI;NEW CELERIO POP 6AB;;0
NEW VIT GLX SR;NEW VITARA GLX SR 1.4L BVA 4X2;101927.64225000000000000000;SUZUKI;NEW VITARA;;0
PP 52;PORTE PLAQUE IMMATRICULATION 52 CM;25.00000000000000000000;SUZUKI;NEW CIAZ;;0
PREMIUM STYLE;KIT ACC PREMIUM STYLE;2125.96900000000000000000;SUZUKI;NEW CELERIO POP 6AB;;0
PX22D;LAMPE 12 55W HIR2;45.18800000000000000000;SUZUKI;NEW BALENO 6AB;;0
SIKA 30622707;COLLE PAREBRISE 290 ML;33.61300000000000000000;SUZUKI;;;0
SON4174000;RACLETTE EAU POUR VEHICULE;0.00000000000000000000;SUZUKI;NEW CELERIO POP 6AB;;0
SPESSO FL;SPRESSO FL BVM;0.00000000000000000000;SUZUKI;SPRESSO;;0
SPRESSO;SPRESSO 1,0L BVM ESSENCE;28689.17625000000000000000;SUZUKI;SPRESSO;;0
SPRESSO FL;SPRESSO 1,0L BVM ESSENCE FL;38205.04200000000000000000;SUZUKI;SPRESSO;;0
SPRESSO FL AGS;SPRESSO FL AGS;0.00000000000000000000;SUZUKI;SPRESSO;;0
SPRESSO PACK A;SPRESSO 1.0 L GL PACK ALU;0.00000000000000000000;SUZUKI;SPRESSO;;0
SPRESSO PACK FULL A;SPRESSO 1.0 L GL PACK FULL ALU;0.00000000000000000000;SUZUKI;SPRESSO;;0
SW23-KIT JANTE;"KIT ACC JANTE ALLIAGE ";1218.48800000000000000000;SUZUKI;NEW CELERIO POP 6AB;;0
SWIFT GL;SWIFT GL 1.2L BVM ESSENCE;33092.11815000000000000000;SUZUKI;SWIFT;;0
VIT GLX MT;VITARA GLX SR 1.6L BVM 4X2;75132.35310000000000000000;SUZUKI;VITARA;;0
VIT GLX MT POP;VITARA GLX SR 1,6 BVM 4*2 POP;77779.41150000000000000000;SUZUKI;VITARA;;0
VIT GLX SR;VITARA GLX SR 1.6L BVA 4X4;82191.17655000000000000000;SUZUKI;VITARA;;0
VITARA GLX SR 6AT;VITARA GLX SR 6AT;0.00000000000000000000;SUZUKI;NEW VITARA;;0
