count,name
80,"filtre a huile"
75,"filtre a air"
47,"pare choc av"
47,"calandre"
47,"pare choc ar"
44,"retroviseur g"
43,"durite"
37,"feu ar g"
37,"retroviseur d"
35,"clip"
33,"optique d"
32,"roulement"
32,"filtre habitacle"
31,"controller assy body elec"
30,"support moteur g"
30,"traverse av"
30,"commande leve vitre"
29,"pare brise"
29,"feu ar d"
29,"jante alu"
28,"porte av g"
28,"optique g"
28,"harness assy main"
27,"radiateur"
27,"unit headlamp lh"
27,"amortisseur ar"
27,"condenseur"
26,"porte av d"
25,"pump assy fuel"
25,"controller assy a b"
25,"malle ar"
25,"grille de pare choc"
25,"ceinture av g"
24,"support moteur ar"
24,"pare boue av d"
24,"porte ar g"
24,"serrure de porte ar g"
24,"ceinture av d"
23,"element air cleaner"
23,"speedometer assy comb"
23,"unit headlamp rh"
23,"lock set steering"
23,"balai essuie glace"
23,"aile av g"
23,"jeu de plaquettes de frein"
23,"capot"
23,"plage av"
23,"support pare choc ar g"
23,"vitre av d"
23,"lunette ar"
23,"door visor"
22,"pare boue av g"
22,"pad set"
22,"panel front hood"
22,"aile ar g"
22,"serrure de porte av d"
22,"condenser assy"
21,"radiator assy"
21,"cardan av d"
21,"jupe ar"
21,"appareil monte glace av g"
21,"glass windshield"
21,"vitre av g"
21,"mirror assy out rear view lh"
20,"agrafe"
20,"durite radiateur"
20,"support moteur d"
20,"amortisseur av g"
20,"controller assy epi"
20,"combine d instrument"
20,"triangle av d"
20,"capteur de recule"
20,"absorber assy rear shock"
20,"air bag volant"
20,"box assy strg gear"
20,"panel assy front door l"
20,"porte ar d"
20,"panel assy back door"
20,"support pare choc av d"
20,"hose suction"
19,"boulon"
19,"cover assy clutch"
19,"cable selecteur de vitesse"
19,"lamp unit rr comb rh"
19,"vase d eau"
19,"cardan av g"
19,"maitre cylindre"
19,"panel side sill rh"
19,"panel assy front door r"
19,"cache remorquage"
19,"latch assy front door lh"
19,"appareil monte glace av d"
19,"cache retroviseur g"
19,"compressor assy"
18,"bougie d allumage"
18,"pompe a carburant"
18,"motor assy starting"
18,"moteur essuie glace"
18,"bras balai essuie glace"
18,"aile av d"
18,"train ar"
18,"aile ar d"
18,"cache anti brouillard d"
18,"vitre ar d"
18,"glass rear door partition l"
18,"mirror assy out rear view l"
18,"cache retroviseur d"
17,"coil assy ignition"
17,"calculateur"
17,"buse d eau essuie glace"
17,"amortisseur av d"
17,"triangle av g"
17,"beam assy rear spnsn"
17,"module assy airbag"
17,"cremaillere complet"
17,"longeron d"
17,"member front side lh"
17,"tableau de bord"
17,"cache anti brouillard g"
17,"glass rear door window rh"
17,"vitre ar g"
17,"joint malle ar"
17,"mirror assy out rear view r"
16,"generator assy"
16,"bobine d allumage"
16,"traverse radiateur"
16,"lamp unit rr comb lh"
16,"cover relay box"
16,"moyeu ar"
16,"charniere capot d"
16,"moustache pare brise"
16,"panel assy rear door l"
16,"bumper front"
16,"support pare choc ar d"
16,"holder rr bumper side rh"
16,"pare a boue ar g"
16,"air bag passager"
16,"cable trappe a carburant"
16,"serrure de porte ar d"
15,"joint de culasse"
15,"charniere capot g"
15,"tube d air"
15,"pompe a eau"
15,"levier de vitesse"
15,"lock set"
15,"cle"
15,"nozzle washer"
15,"cable frein de stationnement g"
15,"capot moteur"
15,"longeron g"
15,"garniture moustache g"
15,"panel side sill lh"
15,"box fuel filler"
15,"support pare choc av g"
15,"holder rr bumper side lh"
15,"serrure capot"
15,"latch assy front door rh"
15,"serrure de porte av g"
15,"joint de vitre av d"
15,"parebrise"
15,"glass rear door partition r"
15,"volet d air ar g"
15,"molding windshield"
15,"hose discharge"
14,"piston"
14,"faisceau electrique"
14,"serrure cle de porte"
14,"key blank"
14,"remocon assy kls"
14,"wiper assy windshield"
14,"colonne de direction"
14,"rotule de direction"
14,"cable frein de stationnement d"
14,"disque de frein av"
14,"panel rear floor rr"
14,"flexible clim"
14,"panel back"
14,"panel assy rear door r"
14,"bumper rear"
14,"latch hood"
14,"cable capot"
14,"latch assy rear door l"
14,"appareil monte glace ar d"
14,"volet d air ar d"
14,"courroie climatiseur"
13,"cache soupape"
13,"cover assy cylinder head"
13,"coussinet bielle"
13,"pipe exh"
13,"pump assy oil"
13,"plateau embrayage"
13,"disc clutch"
13,"box assy junction"
13,"blade assy wiper"
13,"klaxon"
13,"poste radio tactile"
13,"cylinder assy brake master"
13,"actuator assy esp"
13,"panel front fender r"
13,"bas de caisse d"
13,"bas de caisse g"
13,"joint de porte av g"
13,"spoiler"
13,"molding roof lh"
13,"cache retroviseur int"
13,"joint de vitre av g"
13,"joint de vitre ar d"
13,"joint de porte ar g"
13,"glass rear door window lh"
13,"joint de porte av d"
13,"weatherstrip back door opng"
13,"mirror assy out rear view rh"
13,"miroire d"
13,"baguette de porte"
12,"bearing"
12,"o ring"
12,"nc"
12,"carter huile"
12,"bielle"
12,"support echappement"
12,"hose htr inlet"
12,"sonde lambda sup"
12,"sensor oxygen"
12,"disque embrayage"
12,"switch assy wiper washer"
12,"pompe vase d eau"
12,"horn assy low pitched"
12,"fusee de roue av d"
12,"arm assy front suspension r"
12,"arm assy front suspension l"
12,"disc front brake"
12,"module abs"
12,"plancher roue de secour"
12,"zhj"
12,"panel roof"
12,"sabot ar d"
12,"sabot ar g"
12,"cap front bumper"
12,"stay front hood"
12,"garniture moustache d"
12,"pare a boue ar d"
12,"tapis"
12,"trim front door opening"
12,"joint de porte ar d"
12,"baguette de vitre ar d"
12,"latch assy rear door rh"
12,"regulator assy front window r"
12,"joint lecheur de vitre"
12,"v belt 4pk"
12,"compresseur clim"
11,"bolt"
11,"nut"
11,"ecrou"
11,"pan oil"
11,"optic av d"
11,"tete durit filtre a air"
11,"injector assy fuel"
11,"optic av g"
11,"moteur ventilateur"
11,"pump assy water"
11,"demarreur"
11,"commodo"
11,"sensor assy park"
11,"switch assy power window ma"
11,"tuner assy"
11,"base antenne"
11,"bielle de suspension"
11,"jante acier"
11,"shaft assy front drive rh"
11,"volant"
11,"bras de direction"
11,"member hood lock"
11,"member fr bumper"
11,"member front side rh"
11,"produits de peinture"
11,"garniture aile ar g"
11,"porte reservoir"
11,"holder rr bumper side l"
11,"sabot av g"
11,"trim rear door opening"
11,"baguette malle ar"
11,"lining roof gray"
11,"latch assy front door r"
11,"regulator assy rear window r"
11,"appareil monte glace ar g"
11,"joint de vitre ar g"
11,"glass back door window"
11,"cover mirror visor rh"
11,"kit defflecteur d air"
10,"joint torique"
10,"head assy cylinder"
10,"block assy cylinder"
10,"capteur"
10,"corps papillon"
10,"collecteur d echappement"
10,"injecteur"
10,"pompe a huile"
10,"ensemble ventilateur"
10,"durite de radiateur"
10,"hose htr outlet"
10,"tank water reserve"
10,"kit embrayage"
10,"lever assy gear shf cont"
10,"alternateur"
10,"tray battery"
10,"support batterie"
10,"harness assy i p"
10,"commande clef"
10,"tank assy washer"
10,"central air bag"
10,"capteur air bag"
10,"boot set wheel side"
10,"fusee av g"
10,"wheel s assy steering"
10,"column assy colps steering"
10,"tie rod strg"
10,"cache poussiere"
10,"shoe set brake"
10,"cable parking brake lh"
10,"etrier de frein av d"
10,"panel front fender l"
10,"support optique d"
10,"panel quarter rh"
10,"holder fr bumper side l"
10,"tige capot"
10,"cache radiateur"
10,"outlet comp ventilator"
10,"revettement de toit"
10,"baguette de vitre ar g"
10,"amortisseur malle g"
10,"cable hood latch release"
10,"serrure de porte"
10,"latch assy back door"
10,"regulator assy front window l"
10,"glass front door window rh"
10,"joint pare brise"
10,"miroire g"
10,"durite clim"
10,"durite compresseur"
10,"pipe suction"
9,"joint"
9,"lampe"
9,"culasse"
9,"gasket cylinder head"
9,"support moteur"
9,"soupape admission"
9,"valve exh"
9,"soupape echappement"
9,"body assy throttle"
9,"marmite echappement"
9,"durite carburant"
9,"filtre gazoil"
9,"optique av g"
9,"radiateur chauffage"
9,"courroie pompe a eau"
9,"cap wtr thermo"
9,"conduite d eau"
9,"hose radiator outlet"
9,"sonde lambda inf"
9,"bearing clutch release"
9,"pare a huile differentiel"
9,"cable assy shift select cont"
9,"capteur de pisition vilebrequin"
9,"verre combine d instriments"
9,"glass speedometer"
9,"3eme feu de stop"
9,"cache boite visible"
9,"switch"
9,"cable assy contact coil"
9,"switch assy stop lamp"
9,"nozzle comp washer"
9,"controller assy eps"
9,"tocs amortisseur"
9,"wheel comp"
9,"drum brake rear"
9,"booster de frein"
9,"booster assy brake master"
9,"ferodo ar"
9,"garniture passage de roue"
9,"ail av g"
9,"panel quarter lh"
9,"toit"
9,"panel assy front door lh"
9,"courroie alternateur"
9,"crossmember front lower"
9,"sous pare choc av"
9,"holder fr bumper side r"
9,"bezel front fog lamp lh"
9,"sabot av d"
9,"lining front fender l"
9,"cover front end lower"
9,"module assy passenger air bag"
9,"garniture seuil de porte"
9,"cable fuel lid opener"
9,"cache bas de caisse d"
9,"molding roof rh"
9,"baguette de vitre av g"
9,"amortisseur malle d"
9,"latch assy rear door lh"
9,"serrure de male ar"
9,"poignee de porte av d"
9,"regulator assy front window lh"
9,"regulator assy rear window l"
9,"run rr door glass lh"
9,"trim back door black"
9,"glass front door window lh"
9,"cover mirror visor lh"
9,"belt assy fr lh"
9,"cric"
9,"jack assy"
9,"pile cle a distance"
8,"circlip"
8,"gasket cylinder head cover"
8,"mounting eng rh"
8,"ring set piston"
8,"coussinet inf vilebrequin"
8,"volant moteur"
8,"thermostat"
8,"boitier filtre a air"
8,"pipe air clnr suct"
8,"manifold exh"
8,"tube echappement"
8,"muffler"
8,"jauge niveau d huile"
8,"sensor oxygen rr"
8,"filtre canister"
8,"actuator assy"
8,"mecatronique"
8,"recepteur embrayage"
8,"cardan"
8,"zj3"
8,"cable batterie"
8,"lamp assy fog"
8,"lamp assy license"
8,"controleur capteur de parking"
8,"controller assy park snsr"
8,"sensor assy park black"
8,"switch assy power window main"
8,"hose"
8,"hose assy fr washer"
8,"central airbag"
8,"speaker assy"
8,"socket usb"
8,"rod antenna"
8,"base antenna"
8,"camera assy back"
8,"strut assy front spnsn r"
8,"strut assy front spnsn lh"
8,"strut assy front spnsn l"
8,"bar front stabilizer"
8,"jante allu"
8,"bearing front wheel"
8,"shaft assy front drive lh"
8,"shaft assy front drive l"
8,"cable parking brake rh"
8,"etrier de frein av g"
8,"capteur abs avg"
8,"capteur abs ar"
8,"hinge comp front hood l"
8,"member comp hood lock"
8,"member front bumper"
8,"passage de roue"
8,"longeron ar d"
8,"longeron ar g"
8,"montant av d"
8,"feux ar d"
8,"panel b pillar rh"
8,"z2s"
8,"znz"
8,"panel b pillar lh"
8,"absorber rear bumper"
8,"panel assy rear door rh"
8,"grille radiator lower"
8,"holder fr bumper side rh"
8,"bezel front fog lamp r"
8,"holder rr bumper side r"
8,"garnish cowl top side r"
8,"bouche d air tableau de bord"
8,"garniture montant central"
8,"garniture montant central bas"
8,"joint de porte av"
8,"cache bas de caisse g"
8,"baguette de toit d"
8,"charnier capot"
8,"baguette de vitre av d"
8,"latch comp hood"
8,"cable comp hood latch release"
8,"latch assy front door l"
8,"latch assy rear door r"
8,"run front door glass r"
8,"run front door glass rh"
8,"run front door glass l"
8,"run front door glass lh"
8,"run rr door glass rh"
8,"weatherstrip front door out r"
8,"weatherstrip front door out l"
8,"joint lecheur de vitre ar g"
8,"adhesif porte ar g"
8,"glass comp back door window"
8,"weatherstrip rear door opng l"
8,"cache retroviseur int g"
8,"pare soleil d"
8,"belt assy fr rh"
8,"reservoir carburant"
8,"conduite remplissage carburant"
8,"pipe liquid"
8,"seuil de porte"
7,"agrafes"
7,"pare a huile moteur"
7,"plug spark"
7,"bloc moteur"
7,"mounting eng lh"
7,"jeu de segments"
7,"tendeur"
7,"valve intake"
7,"collecteur d admission"
7,"cleaner assy air"
7,"joint collecteur echappment"
7,"oil filter"
7,"ventilateur de refroidissement"
7,"cache radiateur d"
7,"bouchon thermostat"
7,"corps thermostat"
7,"joint corp thermostat"
7,"hose radiator inlet"
7,"support radiateur g"
7,"support radiateur"
7,"vase d eau radiateur"
7,"canister"
7,"capteur de pression collecteur admission"
7,"filtre gazoile"
7,"cable embrayage"
7,"roulment boite de vitesse"
7,"selecteur vitesse"
7,"cable btry gnd"
7,"calculateure"
7,"balai essuie glace ar"
7,"headlamp assy r"
7,"unit head lamp rh"
7,"headlamp assy l"
7,"feu mobile ar g"
7,"harness assy eng"
7,"cable"
7,"causse batterie"
7,"fuse battery"
7,"set contact coil sas"
7,"commande retro"
7,"switch assy mirror"
7,"pump assy washer"
7,"bouchon vase d eau"
7,"sensor assy side a b"
7,"sensor assy forward"
7,"baffle"
7,"antenne"
7,"panel unit auto a c"
7,"huile moteur 10w40 5l"
7,"strut assy front spnsn rh"
7,"silenbloc bras stabilisatrice"
7,"alloy wheel"
7,"hub assy rear wheel"
7,"roulement av"
7,"shaft assy front drive r"
7,"joint assy diff side"
7,"knuckle steering r"
7,"berceau av"
7,"flexible de frein"
7,"caliper assy fr brake rh"
7,"caliper assy fr brake lh"
7,"capteur abs av d"
7,"sensor rr wheel"
7,"panel comp front hood"
7,"hinge comp front hood r"
7,"member rear floor side rh"
7,"montant av g"
7,"panel wheel house outer lh"
7,"panel qtr lh"
7,"panel a pillar rh"
7,"montant centrale g"
7,"panel a pillar lh"
7,"panneau feux rouge ar"
7,"door fuel filler"
7,"door comp fuel filler"
7,"panel assy trunk lid"
7,"panel assy front door rh"
7,"para choc av"
7,"garnish fr bumper license"
7,"holder fr bumper side lh"
7,"lining front fender r"
7,"garnish cowl top side l"
7,"support aile d"
7,"cover front fender r"
7,"cover front fender l"
7,"joint capot"
7,"joint tableau de bord"
7,"module assy passenger airbag"
7,"control unit hvac"
7,"garniture aile ar d"
7,"cable comp fuel lid opener"
7,"baguette de toit g"
7,"handle front door out rh"
7,"tape rear door outer fr l"
7,"joint lecheur de vitre av d"
7,"joint lecheur de vitre av g"
7,"weatherstrip fr door inner rh"
7,"joint de vitre interieure g"
7,"weatherstrip fr door inner lh"
7,"garnish back door lower"
7,"glass set windshield"
7,"weatherstrip front door opng r"
7,"weatherstrip front door opng l"
7,"weatherstrip rear door opng r"
7,"retroviseur int"
7,"belt assy fr r"
7,"belt assy fr l"
7,"tongue assy fr belt lh"
7,"planche ar"
7,"capteur temperature"
7,"systeme alarme"
6,"gasket"
6,"agrafe tige capot"
6,"durit"
6,"spark plug"
6,"joint cache soupappe"
6,"stand oil filter"
6,"mounting comp eng lh"
6,"connrod assy"
6,"joint collecteur admission"
6,"durite d eau"
6,"shroud air intake"
6,"hose air clnr suct"
6,"hose air cleaner suct"
6,"mounting muffler"
6,"filter fuel"
6,"filtre a carburant"
6,"grommet"
6,"pipe fuel feed lh"
6,"pare huile"
6,"pneu"
6,"crepine d huile"
6,"gauge oil level"
6,"bouchon d huile moteur"
6,"bouchon"
6,"fan assy engine cooling"
6,"fan cooling"
6,"cache radiateur g"
6,"belt water pump"
6,"case thermo"
6,"pipe comp wtr inlet"
6,"valve canister"
6,"sensor assy knock"
6,"lampe 12v 60 55 h4"
6,"transmission assy automatic"
6,"cable assy clutch lh"
6,"emetteur embrayage"
6,"cylinder assy clutch master"
6,"cylinder assy clutch operating"
6,"synchro 2eme vitesse"
6,"ring 2nd gear sync"
6,"capteur de vitesse"
6,"tete levier"
6,"knob gear shift cont lever"
6,"relais demarreur"
6,"calculateur ensemble epi"
6,"optic d"
6,"lamp assy high mount stop"
6,"lampe plaque"
6,"lamp assy room"
6,"lamp assy side turn sig"
6,"clignotant retro g"
6,"harness assy instpn"
6,"faisceau moteur"
6,"wire a b"
6,"calculateur bcm"
6,"lock assy auto steering"
6,"capteure de porte"
6,"switch assy lighting turn"
6,"switch assy engine start"
6,"spirale volant"
6,"bague spirale"
6,"capteur selecteur de vitesse"
6,"switch assy power window sub"
6,"module eps"
6,"moteur essuie glace ar"
6,"wiper assy rr window"
6,"calculateur airbag"
6,"cable usb aux"
6,"lecteure climatronic"
6,"spring front coil"
6,"seat rear spring upper"
6,"tocs ressort a boudain"
6,"absorber assy rr shock"
6,"stopper front bump"
6,"wheel comp al 15x5 1 2j"
6,"sigle de jante"
6,"moyeu av"
6,"shaft assy fr drive lh"
6,"tete cardan"
6,"knuckle steering l"
6,"wheel assy steering"
6,"column assy steering"
6,"plate rr brake backing rh"
6,"cable comp parking brake r"
6,"patin av"
6,"actuator assy abs"
6,"sensor comp fr wheel r"
6,"support optique g"
6,"panel fndr aprn rh"
6,"passage roue d"
6,"garniture ail tableau de bord"
6,"passage de roue ar g"
6,"panel qtr rh"
6,"zcd"
6,"ztg"
6,"ztl"
6,"z2q"
6,"waj"
6,"panel quarter l"
6,"wbf"
6,"panel"
6,"panel comp back"
6,"charniere malle"
6,"bumper front primary"
6,"grille radiator lower black"
6,"holder fr bumper fr rh"
6,"holder fr bumper fr lh"
6,"bezel front fog lamp rh"
6,"baguette cache anti brouillard g"
6,"lining comp front fender r"
6,"lining front fender lh"
6,"lining comp front fender l"
6,"support aile g"
6,"seal hood rear"
6,"panel fr cowl upper"
6,"cover front end upper"
6,"lining rear fender r"
6,"lining rear fender l"
6,"panel instrument main"
6,"panel instrument main lower"
6,"boite a gants"
6,"trim quarter lower rh black"
6,"trim fr door opening"
6,"joint de porte ar"
6,"defflecteure d air"
6,"stop front door open"
6,"balancer comp back door r"
6,"galet enrouleur"
6,"poignee de porte interieur g"
6,"trim fr door r"
6,"weatherstrip rear door out r"
6,"weatherstrip rear door out l"
6,"joint de vitre interieure d"
6,"tape front door outer rr rh"
6,"glass back window"
6,"weatherstrip front door opng"
6,"ceinture ar d"
6,"bobine compresseur"
6,"flexible clim haute"
6,"bras susp"
5,"rondelle"
5,"cushion"
5,"lampe 12 55w hir2"
5,"half engine"
5,"bloc moteur complet"
5,"raccord entree"
5,"joint cache soupape"
5,"gasket set engine"
5,"pochette de joint moteur"
5,"bouchon de carter"
5,"plate oil pan baffle"
5,"mounting eng rr"
5,"ail av d"
5,"bracket eng rr trq rod"
5,"bearing connrod"
5,"crankshaft"
5,"bearing crank upr std t 2 0"
5,"coussinet sup vilebrequin"
5,"bearing crank lwr std t 2 0"
5,"tensionneur chaine de distribution"
5,"joint corps papillon"
5,"guide prise d air"
5,"hose air clnr out"
5,"ring seal exh pipe"
5,"pipe fuel feed"
5,"hose fuel pipe to eng"
5,"joint corps pompe a huile"
5,"filter assy oil"
5,"strainer oil pump"
5,"valve controle pression d huile"
5,"cap oil filler"
5,"case comp thermo"
5,"pipe water inlet"
5,"hose rdtr inlet"
5,"hose rdtr outlet"
5,"support radiateur d"
5,"cap radiator"
5,"bouchon reservoir d eau"
5,"lampe 12v 55w h7"
5,"lampe 12v 5w"
5,"pipe clutch oil lh"
5,"seal input shaft oil"
5,"roulment boite vitesse"
5,"hub assy low speed sync"
5,"filtre bv"
5,"pignon pont ar"
5,"selector assy manual"
5,"lever assy select"
5,"cache levier vitesse"
5,"switch assy"
5,"calculateur moteur"
5,"controllerassy epi"
5,"combinee d instrument"
5,"gauge pompe essence"
5,"anti brouillard"
5,"bracket fog lamp r"
5,"bracket fog lamp l"
5,"douille"
5,"lamp unit back up lh"
5,"lamp assy side turn sig rh"
5,"clignotant retro d"
5,"boite a fusibles"
5,"jeu de barrilet"
5,"lock assy steering"
5,"module clef intelligent"
5,"comodo lumiere"
5,"switch assy clutch"
5,"cap wiper pivot"
5,"arm assy wiper driver"
5,"blade assy rr wiper"
5,"arm assy wiper asst"
5,"arm assy fr wiper asst"
5,"tank assy washer front"
5,"l joint"
5,"claxon"
5,"port usb"
5,"cable usb"
5,"unit assy display audio"
5,"soufflet amortisseur"
5,"barre stabilisatrice"
5,"mount stabilizer bar"
5,"mount front stabilizer bar"
5,"tambour de frien"
5,"shaft front drive apk416"
5,"knuckle steering lh"
5,"cover assy steering column"
5,"soufflet cremaillere"
5,"reservoir huile de frein"
5,"pipe hu to fr bk hose l"
5,"flexible de frein g"
5,"hose fr brake flexible"
5,"plate rr brake backing lh"
5,"cable comp parking brake l"
5,"pad set disc brake"
5,"pin set sliding"
5,"sensor fr wheel lh"
5,"sensor comp fr wheel l"
5,"hinge front"
5,"hinge front hood r"
5,"panel dash side r"
5,"bracket spare tire"
5,"member rear floor side lh"
5,"montant centrale d"
5,"panel wheel house outer rh"
5,"panel a pillar r"
5,"panel quarter r"
5,"extension side body otr rh"
5,"extension cote corps otr d"
5,"panel a pillar l"
5,"panel side sill l"
5,"panneau de toit"
5,"member rr bumper"
5,"panel assy rear door lh"
5,"moulure pare choc ar"
5,"pare boue moteur d"
5,"bumper fr"
5,"grille radiator upper"
5,"grille comp radiator upper"
5,"grille comp radiator"
5,"bezel front fog lamp l"
5,"cover front end side apk416"
5,"bumper rr"
5,"bumper rr primary"
5,"sabot"
5,"garnish cowl top side rh"
5,"garnish cowl top side lh"
5,"support moustache"
5,"absorber comp fr bumper lower"
5,"silencer comp front hood"
5,"panel instrument main black"
5,"silencer i p top"
5,"box glove black"
5,"ornament i p center"
5,"motor assy w fan"
5,"garniture seuil de porte ar"
5,"scuff side sill rear lh"
5,"garniture jupe ar"
5,"trim ctr pillar lower lh"
5,"garniture malle ar"
5,"module assy roof side airbag r"
5,"module assy roof side airbag l"
5,"opener fuel lid"
5,"guard side sill splash rh"
5,"elargisseur av g"
5,"elargisseur ar g"
5,"sigle"
5,"sash fr dr rear lower rh"
5,"sash fr dr rear lower lh"
5,"tiran de porte"
5,"balancer comp back door l"
5,"handle front door out lh"
5,"poignee de porte av g"
5,"poignee de porte ar d"
5,"run rear door glass r"
5,"weatherstrip rear door out rh"
5,"weatherstrip rear door out lh"
5,"adhesif porte av d"
5,"adhesif"
5,"tape front door outer rr r"
5,"tape rear door outer fr r"
5,"baguette malle"
5,"glass comp windshield"
5,"glass comp front door window r"
5,"glass comp front door window l"
5,"tongue assy fr belt rh"
5,"ceinture ar g"
5,"module assy side air bag"
5,"agrafe planche ar"
5,"tank set fuel"
5,"pare choc av part nm"
5,"compresseur"
5,"hose liquid"
5,"filter assy"
5,"door visor chrome"
5,"disque abralon 150mm p2000 20 pcs"
5,"ruban mousse de masquage 13mm 50m"
5,"huile moteur 15w40 5l"
5,"radar de recul sonore"
4,"screw"
4,"washer"
4,"bouchon de vidange"
4,"seal oil 5 5x11 5x9 3"
4,"clamp"
4,"cle de roue"
4,"filtre climatisseur"
4,"hose breather"
4,"support filtre a huile"
4,"mounting comp eng rh"
4,"bracket eng mtg lh"
4,"bracket eng rr mtg no 2"
4,"rod comp eng rr trq"
4,"bearing crank upr us 0 25 t 2 125"
4,"bearing crank lwr us 0 25 t 2 125"
4,"bearing crankshaft lower"
4,"fly wheel"
4,"chaine de distribution"
4,"valve intk"
4,"valve exhaust"
4,"seal valve stem"
4,"manifold comp intk"
4,"gasket intk manf"
4,"gasket throttle body"
4,"pipe air cleaner suction"
4,"durit filtre a air"
4,"a supprimer"
4,"muffler comp"
4,"pipe fuel"
4,"pare brise av"
4,"feux ar g"
4,"retro g"
4,"pneu 165 70r14 tl"
4,"pneu 165 80r14"
4,"valve oil control"
4,"motor assy fan"
4,"cache radiateur sup"
4,"core assy htr"
4,"poulie pompe a eau"
4,"courroie"
4,"poulie tendeur"
4,"gasket thermo case"
4,"shroud fan"
4,"tube d eau"
4,"cap water reserve tank"
4,"valve canister purge"
4,"valve pcv"
4,"pneu 185 65 15 tl"
4,"sensor map"
4,"boite de vitesses"
4,"clutch set"
4,"disc comp clutch"
4,"plate t c drive"
4,"bielette barre stab"
4,"pipe d huile d embrayage"
4,"durite huile embrayage"
4,"bearing input shaftr"
4,"bearing countershaft r"
4,"ensemble synchro haute vitesse"
4,"plate 5th sync hub"
4,"hub assy 5th speed sync"
4,"bague synchro boite vitesse"
4,"strainer oil"
4,"arbre de transmission"
4,"bevel pinion gear set"
4,"cable assy shift select"
4,"boite de transfert"
4,"cache moteur d"
4,"cache moteur g"
4,"26u"
4,"moyeu de roue av"
4,"sensor assy position"
4,"balais essuie glace ar"
4,"controller assy imm"
4,"gauge assy fuel level"
4,"cache lampe"
4,"lamp unit rr combination lh"
4,"lamp assy high mt stop"
4,"douille lampe v"
4,"lamp assy side turn sig r"
4,"lamp assy side turn sig l"
4,"harness set eng"
4,"body steering lock"
4,"corps serrure"
4,"switch assy back door"
4,"switcher start and stop"
4,"contacteur de porte"
4,"support capteur de recule"
4,"capteur feu de frenage"
4,"capteur dembrayage"
4,"bouton leve vitre"
4,"arm assy wiper drvr"
4,"arm assy fr wiper drvr"
4,"balai d essuie glace av"
4,"tube remplissage eau essuie glace"
4,"tank"
4,"cap washer"
4,"bouchon reservoir essuie glace"
4,"valve buse d eau essuie glace"
4,"horn assy high pitched"
4,"controller set amt"
4,"arm assy rr wiper"
4,"nozzle assy rear washer"
4,"body socket"
4,"controller unit auto a c"
4,"unit assydisplay audio"
4,"ressort a boudin"
4,"spring rr coil"
4,"support strut"
4,"joint fr stabilizer"
4,"wheel al 17x6 1 2j black"
4,"wheel comp al 16x6j"
4,"cap assy wheel full"
4,"enjoliveur"
4,"hub assy front wheel"
4,"hub assy wheel 43402m79m00"
4,"spindle fr wheel"
4,"roulement de roue av"
4,"bolt air locking hub"
4,"shaft assy fr drive rh"
4,"knuckle steering rh"
4,"triangle g"
4,"frame front suspension"
4,"module assyairbag"
4,"column assy colps steerin"
4,"box assystrg gear"
4,"boot strg"
4,"courroie alt"
4,"reservoir assy master"
4,"cylinder assy rear wheel"
4,"cable parking brake apk416"
4,"caliper assy front brake rh"
4,"clip ressort plaquette de frein"
4,"jeu de plaquettes de frein ar"
4,"patin ar"
4,"sliding pin set"
4,"capteur abs avd"
4,"sensor fr wheel l"
4,"hinge front hood rh"
4,"hinge front hood lh"
4,"panel front fender rh"
4,"panel front fender lh"
4,"tete plage av d"
4,"tete plage av g"
4,"member lamp support r"
4,"member comp front bumper"
4,"panel dash"
4,"panel dash side l"
4,"panel rr floor rr"
4,"hook towing rear"
4,"tape rear door outer fr lh"
4,"charniere porte av d"
4,"panel wheel house inner rh"
4,"passage de roue ar d interieur"
4,"passage de roue ard"
4,"panel wheel house outer r"
4,"panneau optique ar g"
4,"panel wheel house inner lh"
4,"panel wheel house outer l"
4,"zam"
4,"kh"
4,"panel b plr rh"
4,"extension side body otr r"
4,"zye"
4,"panel rr lamp house otr rh"
4,"panel rr lamp house otr r"
4,"ztf"
4,"ztn"
4,"zqq"
4,"z7q"
4,"bs"
4,"zzp"
4,"whj"
4,"panel a plr lh"
4,"panel b plr lh"
4,"panel side body outer l"
4,"extension side body otr lh"
4,"extension side body otr l"
4,"panel rr lamp house otr lh"
4,"bw"
4,"panel assy fr dr rh"
4,"panel assy rr dr rh"
4,"panel assy bk dr"
4,"charniere h porte av d"
4,"hinge rear door lower rh"
4,"charniere de porte ar inf g"
4,"hinge rear door lower lh"
4,"plage av polo 7"
4,"pare boue moteur g"
4,"bumper front lower black"
4,"ronfort de pare choc"
4,"grille radiator upper black"
4,"garnish fog lamp akk414"
4,"garnish front fog lamp bezel"
4,"cache antibrouillard g chrome"
4,"bumper rr black primary"
4,"para choc ar"
4,"bracket license lamp"
4,"garnish rr bumper guard side rh gray"
4,"lining front fender rh"
4,"garnish assy cowl top black"
4,"seal hood front"
4,"cover fr fender upper r"
4,"cache aile av d"
4,"cover fr fender upper l"
4,"cover engine under"
4,"cover front end upper lh"
4,"cover front end upper l"
4,"silencer front hood"
4,"cache compteur"
4,"garniture tableau de bord"
4,"louver side vent rh"
4,"louver side vent lh"
4,"cover strg column hole"
4,"garniture ctr"
4,"garnish center lower"
4,"core assy heater"
4,"support pc"
4,"boitier commande unitee de chauffage"
4,"carpet luggage floor black"
4,"holder spare tire"
4,"accoudoir"
4,"trim dash side l"
4,"trim tail end black"
4,"trim ctr pillar lwr rh"
4,"garniture aile ar g h"
4,"trim rr pillar upper lh"
4,"trim quarter lower lh black"
4,"revetement aile ar g"
4,"trim partition"
4,"air bag lateral"
4,"tape fr pillar upper rh"
4,"garniture adhesif montant avd"
4,"garniture adhesif montant avg"
4,"garnish comp quarter r"
4,"garnish comp quarter l"
4,"guard side sill splash lh"
4,"strake rear rh"
4,"guard assy side sill splash l"
4,"guard fr splash lh black"
4,"guard rr splash rh black"
4,"guard rr splash lh black"
4,"emblem mark s chrome"
4,"emblem suzuki chrome"
4,"molding roof r"
4,"molding roof l"
4,"baguette toit g"
4,"sash comp rear door cente"
4,"stop rear door open"
4,"balancer ba"
4,"serrure porte av g"
4,"latch front door l"
4,"latch back door"
4,"joint poignee de porte"
4,"handle rear door out rh"
4,"handle assy back door lock"
4,"poingee malle ar"
4,"handle comp side door inside r"
4,"handle comp side door inside l"
4,"regulator assy front window"
4,"lecheur de vitre av d"
4,"weatherstrip front door out rh"
4,"baguette joint de vitre d"
4,"weatherstrip front door o"
4,"lecheur de vitre av g"
4,"weatherstrip front door out lh"
4,"weatherstrip rear door ou"
4,"joint de vitre interrieur"
4,"adhesif ar porte av d"
4,"tape front door outer rr l"
4,"tape front door outer rr lh"
4,"adhesif ar porte av g"
4,"tape rear door outer roof"
4,"adhesif de porte ar d"
4,"adhesif porte ar d"
4,"tape rear door outer rr l"
4,"spoiler ar"
4,"glass comp rear door window r"
4,"glass comp rear door window l"
4,"glass back dr window"
4,"weatherstrip"
4,"weatherstrip rear door opng rh"
4,"joint volet d air ar d"
4,"weatherstrip rr dr partit"
4,"weatherstrip rear door opng lh"
4,"joint volet d air ar g"
4,"cover mirror visor lh white"
4,"mirror out rr view"
4,"frame assy fr cush l"
4,"shelf comp rear parcel"
4,"string rear parcel"
4,"cap assy fuel filler"
4,"sensor assy room temp"
4,"feux ar gauche"
4,"housse"
4,"primed front body"
4,"all new swift gl cvt"
4,"ampoule 12v"
4,"rouleau marouflage 400 250m hdpe"
4,"t400 blanc"
4,"celerio gl 1 0l bva essence"
4,"cle a choc 1 2"
4,"joint silic mot rtv gris 200 ml"
4,"tendeur alt"
4,"les fournitures d atelier"
4,"50 feuille a leau hp p1500"
4,"50 feuille a leau hp p2000"
4,"peau de mouton 180mm"
4,"mousse jaune lisse d150mm lot de 2"
4,"t475"
4,"ppg t489 alu dore moyen 0 5l"
4,"p choc av"
4,"new baleno gl 1 5 l bvm essence"
4,"porte stylo"
4,"les produits d entretien"
3,"bolt drive bevel gear"
3,"gasket oil drain plug"
3,"linkage"
3,"bush"
3,"collier de serrage"
3,"cylin bloc bst"
3,"bulb head lamp"
3,"huile moteur shell 0w20"
3,"pare choc av dmax"
3,"calander av dmax"
3,"traverse av inf berl part nm"
3,"filtre climatiseur"
3,"gasket cyl head"
3,"huile atf"
3,"durite corps papillon"
3,"joint tampon"
3,"seal crankshaft rear oil"
3,"o ring oil pan"
3,"bracket engine"
3,"bracket eng lh mtg"
3,"lampe w16w 12v"
3,"lampe 12v wy21w orange"
3,"vilbrequin"
3,"bearing crankshaft upper"
3,"lampe h16 12v 19w"
3,"ventilateur"
3,"pulley comp crankshaft"
3,"poulie vilbrequin"
3,"chain timing"
3,"adjuster assy tensioner"
3,"cotter valve"
3,"buse"
3,"gasket intake manifold"
3,"radiateur d eau"
3,"capteur temp eau refroidissement"
3,"durit inter cooler"
3,"support boitier filtre a air"
3,"bracket air cleaner"
3,"air cleaner"
3,"jante av g"
3,"durit turbo"
3,"goujon"
3,"gasket comp exh manf"
3,"joint d echappement"
3,"insulator sub chmbr heat"
3,"raccord filtre a air"
3,"pipe exh center"
3,"mounting muf"
3,"col entree air"
3,"filre a air"
3,"carter de huile"
3,"pompe carburant"
3,"pump assyfuel"
3,"pipe comp fuel delivery"
3,"durite essence"
3,"durit d essence"
3,"clamp fuel pipe"
3,"calander"
3,"para huile gm"
3,"eljoliveur de calandre"
3,"enjolveur de calandre"
3,"pare choc"
3,"seal crankshaft front oil"
3,"gauge comp oil level"
3,"fan assy eng clg"
3,"motor assy cooling fan"
3,"cover radiator upr1"
3,"cover radiator lwr1"
3,"cache radiateur inf"
3,"pulley water pump"
3,"pulley comp belt tensioner"
3,"thermostat wtr 82 deg"
3,"cache ventillateur"
3,"bracket rdtr"
3,"bracket rdtr support upper l"
3,"mount radiator support upper"
3,"support radiateur h"
3,"boucon radiateur"
3,"valve comp egr"
3,"valve d air d admission"
3,"hose abv cont apk416"
3,"pompe a vide"
3,"lampe 12v 55w h3"
3,"lampe 12v 55w h11"
3,"lampe 12v 21w p21w"
3,"lampe 12v 21 5w"
3,"condenseur part"
3,"boite vitesse automatique"
3,"ring set oil pump seal"
3,"hose oil cooler apk416"
3,"circlips"
3,"butee"
3,"cylinder assy clutch"
3,"pipe comp clutch oil lh"
3,"synchro 5eme vitesse"
3,"bearing input shaft l"
3,"roulement 5eme vitesse"
3,"gear countershaft 2nd"
3,"synchro 1er vitesse"
3,"hub assy high speed sync"
3,"synchronisation 5eme vitesse"
3,"synchro anneau 1ere vitesse"
3,"ring high speed sync"
3,"ring 5th speed sync"
3,"bague synchro 5eme vitesse"
3,"ressort synchro"
3,"spring low speed sync"
3,"key low speed synchronizer"
3,"case transaxle left"
3,"refrigerant"
3,"shaft assy gear shift select"
3,"fourchette bas vitesse"
3,"shaft assy propeller"
3,"pont ar"
3,"case diff"
3,"pont av"
3,"seal diff side oil lh"
3,"carrier assy diff"
3,"shaft assy drive intermediate"
3,"pommeau selecteur de vitesse"
3,"cable assy select"
3,"cable shift select contr"
3,"transfer assy"
3,"transfer set"
3,"para huile pm"
3,"port charbon"
3,"sensor assy cmp"
3,"controller assy gateway"
3,"base assy epi cont"
3,"calculateur epi"
3,"controller assyepi"
3,"support aile"
3,"balai d essuie glace"
3,"speedometer assy"
3,"s bloc bst 206"
3,"headlamp assy rh"
3,"agraffes"
3,"headlamp assy lh"
3,"optic g"
3,"antibrouillard"
3,"lamp assy fog l"
3,"support anti brouillard"
3,"lamp assy fr turn sig r"
3,"lamp unit rr combination rh"
3,"feu mobile ar d"
3,"douille d ampoule ar"
3,"lamp unit rr com lh"
3,"lamp assy tail rh"
3,"lamp assy tail lh"
3,"lamp assy back up"
3,"feu ar"
3,"feu anti brouillard ar"
3,"clignotant lateral"
3,"fusee avant gauche"
3,"harness assy engine"
3,"boite fusible"
3,"controller assybody elec"
3,"controller set body electric"
3,"bcm"
3,"wire rr park snsr"
3,"jeu de barillet"
3,"cle a distance"
3,"controller assy"
3,"switcher de porte"
3,"switch assy side door kls"
3,"bouton ouverture malle"
3,"comodo clignotant"
3,"set contact coil auto light"
3,"switch assy hazard warning"
3,"switch assy mode select"
3,"switch assy shift position"
3,"switch shift"
3,"buzzer park snsr"
3,"sensor assy park gray"
3,"caprteur pression d huile"
3,"switch assy oil pressure"
3,"switch assypower window"
3,"roulement ar"
3,"cover arm head"
3,"arm assy wiper assistant"
3,"tank assy"
3,"horn assy"
3,"roulment avant gauche"
3,"sensor assy auto light"
3,"arm assy rear wiper"
3,"relay assy"
3,"relais"
3,"sensor assy clutch speed"
3,"controller assya b"
3,"post radio"
3,"antenna assy"
3,"antenne radio"
3,"feeder roof"
3,"cap socket"
3,"harness assy socket"
3,"commande climatiseur"
3,"unit assy navi"
3,"camera de recule"
3,"camera assy front"
3,"calendre av partner nm"
3,"faisceaux moteur"
3,"spring rear coil"
3,"amortisseur av"
3,"stopperfront strut rebound"
3,"bearing fr strut"
3,"support barre stabilisatrice"
3,"joint fr stabilizer bar"
3,"cap al wheel center"
3,"hub assy rr wheel"
3,"hub front wheel"
3,"hub assy air locking"
3,"shaft front drive akk416"
3,"arbre de transmission av"
3,"serre clips"
3,"arm assy front leading"
3,"arm assy front suspension"
3,"arm assy front suspension rh"
3,"arm assy front suspension lh"
3,"rod assy fr lateral"
3,"frame comp front suspension"
3,"arm assy rear trailing"
3,"rod assy rear lateral"
3,"box assy steering gear"
3,"mount strg pinion side"
3,"end rod"
3,"end steering tie rod rh"
3,"end strg tie rod"
3,"tie rod comp steering"
3,"pedal assy accelerator"
3,"pedale accelerateur"
3,"mano d huile"
3,"master cylinder assy"
3,"cap reservoir"
3,"filter"
3,"cylindre roue ar"
3,"sigle av fiat"
3,"caliper assy front brake lh"
3,"disc fr brake sdx"
3,"disque de frein ar"
3,"disc rear brake"
3,"boulon eterier de frein"
3,"actuator esp apk416"
3,"actuator s assy abs"
3,"support bloc abs"
3,"sensor fr wheel rh"
3,"sensor fr wheel r"
3,"sensor assy rr wheel speed"
3,"capteur abs ar d"
3,"hinge front hood l"
3,"member 1st mount"
3,"brace lamp support lh"
3,"member lamp support l"
3,"stay lwr absorber side r"
3,"tete traverse radiateur d"
3,"stay lwr absorber side l"
3,"bracket front fender lower rh"
3,"extension fndr aprn rh"
3,"plaque constructeur"
3,"panel comp fender apron l"
3,"garniture passage de roue g"
3,"bracket front fender lower lh"
3,"member front side r"
3,"member apron side rh"
3,"plate apron side membe"
3,"ail tableau de bord"
3,"panel dash side front l"
3,"panel cowl top"
3,"traverse ail tableau de bord"
3,"bougie chauffage"
3,"radiateur partner nm"
3,"panel rr floor ctr"
3,"planche roue de secour"
3,"projecteur av g"
3,"member comp rr floor side l"
3,"renfort charniere de porte av d"
3,"panel rr lamp house inner r"
3,"panneau interieur du boitier de lampe ar d"
3,"passage de roue ar d ext"
3,"panel rr lamp house inner l"
3,"passage de roue ar g ext"
3,"panel a plr rh"
3,"montant avant droite"
3,"panel side body outer r"
3,"panel side sill r"
3,"kasarole feu ar d"
3,"panel rr lamp house otr l"
3,"kasaroule feu ar g"
3,"sabot ar"
3,"absorber rr bumper"
3,"malle"
3,"hinge trunk lid"
3,"panel assy fr door l"
3,"panel assyrear doorr"
3,"hingefront door upperr"
3,"charniere de porte sup g"
3,"hinge rear d"
3,"baguette aile ar d"
3,"capot moteur part 02"
3,"para boue av g"
3,"cover splash r"
3,"pare choc av sup"
3,"bumper front black"
3,"cap fr bumper"
3,"cap towing hook"
3,"grille"
3,"net front bumper"
3,"holderfr bumper sider"
3,"holder fr bu"
3,"skirt fr air dam"
3,"grilleradiator upper"
3,"baguette chrome calandre"
3,"cache anti brouillard d chrome"
3,"garnish fr bumper lower"
3,"cache traverse av"
3,"seal bumper front"
3,"bumper rear black"
3,"yp8hb swift rear bumper"
3,"cover rear comb lamp r"
3,"cover rear comb lamp l"
3,"holder assy rr bumper side r"
3,"holder assy rr bumper side l"
3,"lining fr fender rh"
3,"lining fr fender lh"
3,"garnish cowl top ctr"
3,"garnish comp cowl top"
3,"moustache pare brise d"
3,"joint moustache"
3,"shroud radiator upr"
3,"cache moteur"
3,"cover engine under side r"
3,"cover front end r"
3,"cache radiateur b"
3,"cover front end l"
3,"absorber fr bumper lower"
3,"lining rr fender rh"
3,"lining rr fender lh"
3,"lining rear fender lh"
3,"panelinstrument main upper"
3,"panelinstrument main lower"
3,"tableau de bord inf"
3,"panel instrument cluster"
3,"panelinstrument cluster"
3,"louver side vent black"
3,"sabot pare choc ar d"
3,"pare choc ar central"
3,"absorbeur de pare choc"
3,"socle ventilateur"
3,"supp filtre"
3,"box floor console"
3,"garnish floor console box fr"
3,"scuff side sill fr lh"
3,"scuff side sill rear rh"
3,"revetement jupe ar"
3,"trim ctr pillar upper rh"
3,"garniture montant central d"
3,"trim ctr pillar upper lh"
3,"trim quarter lower lh"
3,"trim compquarter lwrl"
3,"garniture malle"
3,"trim trunk lid"
3,"tape fr pillar upper lh"
3,"elargisseur av d"
3,"guard assy fr fender splash r"
3,"guard assy fr fender splash l"
3,"guard assy side sill splash r"
3,"elargisseur ar d"
3,"guard assy rr fender splash r"
3,"guard assy rr fender splash l"
3,"outlet ventilator"
3,"garnish rr"
3,"sigle de calandre"
3,"emblem chrome"
3,"emblem all grip chrome gray"
3,"lining roof"
3,"rail lateral de toit absorbeur"
3,"baguette toit d"
3,"renfort parachoc"
3,"miroir de retro av g"
3,"rotule direct dr"
3,"rotule direct g"
3,"balancer back door"
3,"balancer back door rh"
3,"balancer back door lh"
3,"poignee porte av d"
3,"latch front"
3,"latch assy front door"
3,"latch front door r"
3,"cylinder fr door lock apk416"
3,"mecanisme porte av g"
3,"cylinder set fr dr latch l"
3,"frame door out rh"
3,"bracket fr dr out handle rh"
3,"cap front door out lh white"
3,"chapeau de poignee"
3,"chapeau porte av g"
3,"chapeau porte av d"
3,"frame door out lh"
3,"bracket fr dr out handle lh"
3,"handle rear door out lh"
3,"poingee malle"
3,"poinge de porte interieur d"
3,"handle assy door inside rh"
3,"run rear door glass l"
3,"panneau porte av g"
3,"garnitrur malle"
3,"weatherstrip fr door apk416"
3,"baguette joint de vitre g"
3,"tape front door outer frrh black"
3,"tapefront door outer frl"
3,"adhesif porte av g"
3,"tape rear door outer rr r"
3,"garnish back door license"
3,"garnish back door"
3,"glass front door window r"
3,"glass front door window l"
3,"glass rr dr window rh"
3,"glass comp qtr window r"
3,"glass comp qtr window l"
3,"weatherstrip front door opng rh"
3,"weatherstrip door opening rh"
3,"weatherstrip rr dr partition r"
3,"weatherstrip rr dr partition l"
3,"mirror assy ins rr view"
3,"mirror assy inside rear view"
3,"cover out mirror visor r"
3,"cover out mirror visor l"
3,"glass comp out rr view mir r"
3,"glass comp out rr view mir l"
3,"garnish sash brkt inr rh"
3,"garnish sash brkt inr lh"
3,"para soleil d"
3,"sunvisor assy r"
3,"para soleil g"
3,"ceinture ar"
3,"moyeu av g"
3,"bande adhesive av g"
3,"lot supp pare choc"
3,"renfort pare choc"
3,"grille pare choc av"
3,"spoiler pare choc ar"
3,"p bou av"
3,"bielle stab"
3,"neck comp fuel filler"
3,"bouchon reservoir carburant"
3,"tool assy"
3,"wrench wheel 19"
3,"pipette thermostat"
3,"traverse sup partner nm"
3,"bras cremaillaire"
3,"magnet clutch"
3,"cabin air filter"
3,"enjoliver de pare choc av"
3,"sigel av"
3,"bougie allum citroen"
3,"liquide de refroidissement rouge"
3,"liquide de refroidissement"
3,"spoiler parechoc av"
3,"kit defflecteur d air chrome"
3,"chrome pare choc ar"
3,"bsm pearl arctic white chrm i"
3,"fog lamp garnish active cool"
3,"isk door bezel peppy stylis"
3,"marche pieds g"
3,"relais de chauffage part dw8b"
3,"support ventilateur part nm"
3,"support ar g"
3,"conduite eau"
3,"montage alarme"
3,"systeme alarme hpa"
3,"boitier gps avec 1ans d abonnement inclus"
3,"liquide de refroidissement 1l"
3,"liquide de refroidissement 5l"
3,"dashboard polish silicone carlux 250 ml"
3,"axe de roue ar"
3,"boulon galv 6 20"
3,"boulon galv 6 16"
3,"mastic alluminium stopper 1 8 kg"
3,"filtre huile"
3,"complement de frais d immatriculation 5ch cg"
3,"capteur de frein"
3,"filtre gaz"
3,"nettoyant moteur r519 300 ml"
3,"filtre a air juke sunny"
3,"rotule direction"
3,"bille de susp av g"
3,"filtre gasoile m59"
3,"jeu de patin av"
3,"jeu de patin ar"
3,"huile atf b 1l"
3,"50 feuilles a l eau p120"
3,"disque gold p120"
3,"disque gold"
3,"disque gold p220"
3,"disque gold p320"
3,"rx goldflex p600"
3,"mirka peau mouton jaune 150mm"
3,"polarshine 10 pate de lustrage"
3,"masque northn5500"
3,"mirka abralon j5 p3000 150mm 20ps"
3,"ruban de masquage 50x50"
3,"carton 36 ruban masquage 24 50 36"
3,"carton 24 ruban masquage 48 50"
3,"mirka disque microstar p1500 77mm"
3,"mirka disque microstar p2000 77mm"
3,"paquet 100 disque galaxy p500"
3,"papier de marouflage 60cm"
3,"scotch double face 12mm"
3,"rubant masquage pare brise 45 10m"
3,"kit de 50 gobelets a melange 1300cc 50 couvercles"
3,"kit de 50 gobelets a melange 2230cc 50 couvercles"
3,"filtre a huile nissan"
3,"filtre a huile maz fo 313"
3,"bouchon cartere"
3,"jeu de patin"
3,"kit accessoire sport all new swift"
3,"kit necessaire train ar"
3,"diluant lent 2l"
3,"t472"
3,"4011 durcisseur rapide pour epoxy"
3,"diluant polyrethane 44201l"
3,"bo12 blanc extra"
3,"bo91 noir a melange"
3,"sbx2 or"
3,"new baleno glx bva"
3,"d frein av"
3,"patin av kia"
3,"durite d eau sup"
3,"fournitures peinture"
3,"porte plaque immatriculation 52 cm"
3,"disque de fr av"
3,"rondelle galv 6 18"
3,"huile moteur 0w20 5l"
3,"huile moteur 5w30 209l"
3,"tapis vitara"
3,"huile moteur"
3,"tube mastic de revision"
3,"bombe grain noir parachoc"
3,"mastic pour plastique fin 600 ml"
3,"valeo first fm40 1 40cm"
3,"balai eg hf55 swift am"
3,"balai eg 60cm vitara"
3,"bat varta c6 52ah 520a 207 175 175 l1"
3,"varta bat d59 60ah 540a"
3,"bat varta e23 70ah 630a 261 175 220 m10d"
2,"batterie l2"
2,"batterie l1"
2,"bolt rs413 4wd"
2,"blot"
2,"vis"
2,"nut rr wiper arm"
2,"kit dis b9"
2,"bolt 8x75"
2,"pin"
2,"pin 10 4x13x18"
2,"plug od 30"
2,"cap od 23 5"
2,"bearing 30x55x13"
2,"bearing 50x80x16"
2,"bearing 25x30x23 8"
2,"bearing 45 2x80x19 84"
2,"bearing 35x72x22"
2,"o ring d 24 id 168"
2,"oil seal 23 9x38x6"
2,"seal oil 35x62x14"
2,"seal oil"
2,"seal oil 42x56x12 9"
2,"seal oil 50x62x7"
2,"seal oil 50x68x7"
2,"support rampe injection"
2,"hose 7 5x14 5x600"
2,"clip id 12 9"
2,"clamp front hood stay"
2,"ampoule antibrouillard"
2,"bulb"
2,"bulb 12v21w"
2,"plug spark ngk bp5es"
2,"seal oil 40x58x9 8"
2,"handle jack"
2,"manette cric"
2,"oil seal"
2,"drive belt"
2,"variateur stxh2000"
2,"resistance stxh2000"
2,"interrupteur stxh2000"
2,"vis stxh2000"
2,"couvercle stxh2000"
2,"bougie d allumages"
2,"half engine assy"
2,"bougie allumage"
2,"engine assy short k12m"
2,"engine assy short k14b"
2,"joint culasse"
2,"11160022"
2,"jauge huile"
2,"cover cylinder head"
2,"gasket spark plug hole"
2,"gasket cyl head cover"
2,"bloc moteur nu"
2,"cache anti b droite"
2,"cache anti b gauche"
2,"housing oil seal"
2,"pare huile ar villebrequin"
2,"capuchon porte balai ar golf 6"
2,"plug oildrain"
2,"mounting eng fr"
2,"support moteur dr"
2,"bracket eng"
2,"bracket engine front mtg r"
2,"bracket eng rh mtg"
2,"bracket engine apk416"
2,"bracket engine front mtg l"
2,"bracket eng lh mtg1"
2,"bracket fr mtg frm side r"
2,"bracket fr mtg frm side l"
2,"cover front mtg"
2,"mounting eng rear"
2,"bracket eng rr mtg"
2,"bracketeng mtg rr"
2,"bracketeng rr mtg"
2,"rod eng rr trq apk416"
2,"rod eng rr trq"
2,"coussinet palier"
2,"lamp 12v w21 5w"
2,"bearing set connrod black std t1 5"
2,"piston set"
2,"p huile cardon"
2,"parahuile"
2,"jeu de segment"
2,"ring setpiston"
2,"plate sensor"
2,"bearing crank lwr purple std t2 0"
2,"bearing crank lwr red purple us0 25 t2 125"
2,"bearing crank lwr brown std t2 0"
2,"bearing crank lwr red brown us0 25 t2 125"
2,"bearing crank lwr green std t2 0"
2,"bearing crank lwr red green us0 25 t2 125"
2,"bearing crank lwr black std t2 0"
2,"bearing crankshaft lwr brown"
2,"calculateur d air bag"
2,"anneau echap"
2,"joint palier"
2,"crankshaft pully"
2,"flywheel"
2,"bearing input shaft"
2,"tensioner timingchain"
2,"tendeur chaine de distribution"
2,"tensioner timing chain"
2,"adjuster hydr valve lash"
2,"valve d admission"
2,"tappet t 3 18"
2,"tappet t 3 20"
2,"tappet t 3 22"
2,"tappet t 3 24"
2,"tappet t 3 26"
2,"tappet t 3 28"
2,"tappet t 3 30"
2,"tappet t 3 32"
2,"tappet t 3 34"
2,"tappet t 3 36"
2,"tappet t 3 38"
2,"tappet t 3 40"
2,"tappet t 3 42"
2,"tappet t 3 44"
2,"tappet t 3 46"
2,"tappet t 3 48"
2,"tappet t 3 50"
2,"tappet t 3 52"
2,"tappet t 3 54"
2,"tappet t 3 56"
2,"tappet t 3 58"
2,"tappet t 3 60"
2,"tappet t 3 62"
2,"tappet t 3 64"
2,"tappet t 3 66"
2,"tappet t 3 68"
2,"tappet t 3 70"
2,"tappet t 3 72"
2,"tappet t 3 74"
2,"tappet t 3 76"
2,"tappet t 3 78"
2,"tappet t 5 50"
2,"seat valve spring"
2,"manifold int"
2,"pipe throttle out"
2,"hose wtr throt body inlet no 1"
2,"hosewtr throt body inlet"
2,"hose wtr throt body outlet"
2,"retro droite golf 6"
2,"capteur pression d air"
2,"hose inter cooler apk416"
2,"grommet air clnr"
2,"shroudair intake"
2,"resonator no 3"
2,"pipe air suction"
2,"hose air suction apk416"
2,"element"
2,"gorje filtre a air"
2,"collar air cleaner"
2,"grommet air cleaner"
2,"joint durit turbo"
2,"manifold comp exh"
2,"cache collecteur echappement"
2,"plate caution"
2,"gasket exh pipe"
2,"joint echappement"
2,"ring seal exh pipe joint catalyseur"
2,"insulator parking cable heat"
2,"tuyau d echappement"
2,"mountingmuffler"
2,"mufflerrear"
2,"balai ar golf 6"
2,"moteur mal ar fiesta"
2,"fuel pump"
2,"filtre a huile juke qashqai fo 122"
2,"distributeur carburant"
2,"collecteur carburant"
2,"pipe fuel delivry"
2,"tube livraison de carburant"
2,"pipetank side"
2,"pipe fuel rtn"
2,"conduite de carburant"
2,"charniere de porte av inf"
2,"pin oil pan dowel"
2,"pare choc av b9"
2,"obturateur de pare choc"
2,"grill anti b"
2,"calendre"
2,"porte ar gauche"
2,"calandre b"
2,"retro av"
2,"patin frein av"
2,"filter assy oil wako"
2,"filter assy oil tokyo roki"
2,"filtre a ait dacia"
2,"retro d"
2,"cap oil filter"
2,"fan assy"
2,"embrayage ventilateur"
2,"motor assy cooling fan apk416"
2,"plate heat shield"
2,"protection anti chaleur ventillateur"
2,"cover radiator"
2,"pneu 175 55 r15"
2,"pneu 175 60r15"
2,"pneu175 65r14 tl tigar"
2,"pneu 175 70 r14 tl"
2,"belt water pump 5pk951"
2,"pully belt tensioner"
2,"tensioner assy gen belt upper"
2,"tensioner assy gen belt lower"
2,"tensioner assy gen belt"
2,"tendeur courroie"
2,"cap water outlet"
2,"boitier reservoir figo"
2,"corp thermostat"
2,"case thermostat"
2,"hose water"
2,"support ventilateur"
2,"buse de ventilateur"
2,"seal radiator apk416"
2,"pipe wtr inlet"
2,"pipe thermo case water outlet"
2,"pipe water bypass"
2,"hose radiator inlet apk416"
2,"hose radiator outlet apk416"
2,"hose water bypass no 1"
2,"hose water bypass no 2"
2,"bracket rdtr support upper r"
2,"bracket rdtr support upper"
2,"bracket rdtr support uppe"
2,"bracket radiator apk416"
2,"hose heater inlet apk416"
2,"hose heater"
2,"durite de chauffage"
2,"hose htr outlet no"
2,"tuyau chauffage"
2,"hose htr outlet no 2"
2,"pipe heater"
2,"cap radiator 1 1"
2,"bouchon radiateur"
2,"reservoir d eau radiateur"
2,"pump assy vacuum"
2,"sensor oxigen apk414 rr"
2,"sensor oxyge rr"
2,"pipe purge"
2,"durite vapo"
2,"pipe purge cstr to pipe"
2,"pneu 185 55r16 83v efficient godyeer"
2,"pneu 185 65 15"
2,"hose purge pipe to vsv"
2,"hose purge vsv to inmf"
2,"hose canister air suction"
2,"protector canister"
2,"sensor pressure apk414"
2,"cooler comp egr"
2,"refroidisseur compeg"
2,"hose egr cooler wtr inlet"
2,"hose egr cooler wtr outlet"
2,"appareil de diagnostic"
2,"pneu bridgestone"
2,"pneu 195 55 r16 tl"
2,"pneu 195 60 r16"
2,"pneu 195 r 15"
2,"tire 195r15"
2,"courroie alt 4pk 698"
2,"lampe 12v 60 w hb3"
2,"lampe 12v 21w py21w"
2,"lampe 12v 21 4w"
2,"liquide de frein dot 4 050l"
2,"199 200"
2,"transmission assy auto"
2,"at transmission assy"
2,"transmission assy cvt"
2,"boite de vitesse"
2,"transmission assy 5mt"
2,"lot de supp p choc"
2,"pneu 215 55r17 bridgestone"
2,"pneu 215 55r17 continental"
2,"pneu 215 60 r17"
2,"m cyl emb inf"
2,"plaque de fr ar"
2,"bouchon carter"
2,"converter torque"
2,"convertisseur"
2,"joint pompe a huile"
2,"tank set oil"
2,"clip clutch release brg"
2,"bearing clutch"
2,"butee embrayage"
2,"butte"
2,"cylinder assy clutch rw416f"
2,"relais de demarreur"
2,"gear input shaft 5th"
2,"shaft transmission counter"
2,"para huile"
2,"roulement boite vitesse"
2,"bearing input shaft r"
2,"bearing assy countershaft rh"
2,"bearing assy countershaft r"
2,"bearing assy countershaft lh"
2,"bearing countershaft l"
2,"gear input shaft 3rd"
2,"gear input shaft 4th"
2,"gear countershaft 1st"
2,"gear ctshft 1st"
2,"gear counter shaft 2nd"
2,"engrenage 2 eme vitesse"
2,"gear countershaft 4th"
2,"engrenage 4eme vitesse"
2,"gear countershaft 5th"
2,"bearing 1st gear ndl"
2,"bearing 2nd gear needle"
2,"ring countershaft brg snap"
2,"circlipcountershaft brgl"
2,"circlip low speed sync hub"
2,"circlip high speed sync hub"
2,"circlip synchro haute vitesse"
2,"bouchon de vidange bv"
2,"pan set t m oil"
2,"pare huile boite vitesse"
2,"gasket t m oil pan"
2,"24823 79c10"
2,"plug drain"
2,"shaft assy gear shift"
2,"commdo part ber psa 6239ae"
2,"socle ventulateur"
2,"moteur vent"
2,"fourchette boite de vitesse"
2,"grille de calandre"
2,"phare avg h4regle electr"
2,"valve body set t m control"
2,"sensor speed output"
2,"support boite"
2,"flange universal joint"
2,"gear assy differential"
2,"bevel pinion 1 gear set"
2,"pinion differential"
2,"pignon pont av"
2,"gear diff"
2,"pignon differentiel av"
2,"seal diff side oil rh"
2,"pare huile htc7r"
2,"differentiel av"
2,"shim set diff side brg"
2,"adjuster diff side bearing"
2,"race taper roller brg outer"
2,"gear final"
2,"bearing diff rw416f rw419d"
2,"bearing diff side"
2,"bearing assy diff side l"
2,"silent bloc pont ar"
2,"seal diff side apk416"
2,"pare a huile"
2,"shaft drive intermediate"
2,"plug"
2,"selector assy chrome black"
2,"boitier selecteur de vitesse"
2,"knob gear shift cont lever chrome black"
2,"knob control lever black"
2,"boot shift lever black"
2,"boot shift lever"
2,"boot comp shift lever"
2,"cap shift lock release black"
2,"knob assy select lever"
2,"grommet select cable"
2,"gear reduction drive"
2,"filtre a air complet partner"
2,"filtre"
2,"303 256"
2,"feux arriere gauche ag"
2,"motor assy starting akk416"
2,"holder sub assy brush"
2,"ensemble regilateur"
2,"gaz climatiseur"
2,"capteur de position vilebrequin"
2,"cover battery1"
2,"cord set high tension"
2,"cable set btry gnd"
2,"controller assy epi a c"
2,"calculateur ecm"
2,"bracket epi cont"
2,"balai ess gla 55 40 dacia dokk"
2,"unite de controle cle"
2,"controller assy immobilizer"
2,"speedo meter"
2,"speedometer assy comb kilo"
2,"visor speedometer"
2,"display assy head up"
2,"gauge fuel level"
2,"unit headlamp sn413v 3 4"
2,"grommet rear com"
2,"grommet rearcomblamp"
2,"agraffes feu ar"
2,"douille lampe"
2,"cover socket"
2,"head lamp g"
2,"unit head lamp lh"
2,"unitheadlamp lh"
2,"anti brouillard d"
2,"lamp assy fr fog"
2,"antibrouillard d"
2,"anti brouillard g"
2,"lampassy fog l"
2,"bracket fog lamp apk416"
2,"support anti brouillard d"
2,"support anti brouillard g"
2,"lamp assy front comb r"
2,"lamp assy front comb l"
2,"lamp assy rear comb r"
2,"lamp assy rear comb l"
2,"clignotant d"
2,"lamp assy rr comb r"
2,"back up lamp unit rh"
2,"cord assy r"
2,"socket cord assy"
2,"lamp unit rr lh"
2,"lamp assy rr comb l"
2,"cord assy l"
2,"lamp assy tail stop r"
2,"lamp assy tail stop l"
2,"lamp assy rr combo l"
2,"back up lamp unit l"
2,"lamp unit high mount sto"
2,"reflector rr rw416f"
2,"catadioptre ar g"
2,"reflector assy rear r"
2,"catadioptre ar d"
2,"socket turnsignal lamp"
2,"bulb socket"
2,"socket position lamp"
2,"lamp unit back up rh"
2,"lamp unit"
2,"clignotant retro droit"
2,"clignotant retro gauche"
2,"lamp assy rr fog"
2,"lamp unit rr fog"
2,"lamp assy drl rh"
2,"harness actuator"
2,"box assy injuction"
2,"bax assy junction"
2,"cache boite fusible"
2,"wire set fr door"
2,"controller body elec apk416"
2,"callculateur moteur"
2,"controller assy body ele"
2,"pivot de fusee"
2,"cable radare de recule"
2,"wire roof"
2,"wire frame"
2,"wire comp height sensor"
2,"faisceau moteur complet"
2,"lock set auto steering"
2,"serrure clef de porte"
2,"jjlk"
2,"serrure"
2,"lock auto"
2,"ensemble de verrouillage direction"
2,"serrure cle"
2,"key blank immobilizer transmitter"
2,"blank key"
2,"base assy tpms"
2,"controller assy keyless apk41"
2,"controller assy kls"
2,"remocon assy keyless"
2,"antenna assy kls back door"
2,"switch assy back door kls"
2,"controller assy door lock keyless"
2,"switch assy lighting tur"
2,"switch assy front fog lamp"
2,"cap usb hole"
2,"cache usb"
2,"switcher 4 clignotant"
2,"detecteur angulaire"
2,"sensor assy angle"
2,"switcher audio"
2,"bobine"
2,"bouton esp"
2,"selecteur mode de conduite"
2,"capteur marche ar"
2,"switch assy back up lamp"
2,"set door sw"
2,"switch assyneutral"
2,"capteur sonore de parking"
2,"sensor assy"
2,"parking sensor"
2,"bracket park snsr harness"
2,"bracket park snsr"
2,"bezel park snsr"
2,"set stop lamp switch"
2,"bush stop lamp sw"
2,"bouton"
2,"switch assy park sensor"
2,"switch assy power window"
2,"switch assy p w ma hazard"
2,"head cover"
2,"arm assy wiper lh"
2,"bras essui glace av g"
2,"blade wiper"
2,"balai d essuie glace ar"
2,"blade assy wiper asst"
2,"blade assy wiper driver"
2,"pump assy washer fr"
2,"tank washer"
2,"cap washer tank"
2,"cap"
2,"joint elbow"
2,"hose set"
2,"durite d eau essui glace"
2,"nozzle wash"
2,"connector"
2,"joint 3way"
2,"valve check"
2,"buzzer assy kls"
2,"buzzer assy kls azg412"
2,"carte electronique"
2,"wiper assy rear windshield"
2,"arm blade assy rear wiper"
2,"arm blade assy rr wiper"
2,"bras balai d essuie glace ar"
2,"bras balais essuie glace"
2,"tuyau essuie glace"
2,"buse d eau essuie glace ar"
2,"nozzle assy rr washer"
2,"gasket washer nozzle"
2,"controller assy at"
2,"calculateur 4wd"
2,"controller assy 4wd shift"
2,"controller assy a b apk416"
2,"remp 38910m68pc1 pc0"
2,"sensor assy side a bsensor assy side a b"
2,"capteur airbag"
2,"sensor assy forward left"
2,"poste radio"
2,"socket usb aux"
2,"feeder i p"
2,"feeder"
2,"bracket tune"
2,"bracket tuner"
2,"cache"
2,"cover socket gray"
2,"commade climatiseur"
2,"boitier de commade climatiseur"
2,"panel unitauto a c"
2,"unit navigation"
2,"antenna asseg"
2,"camera ar"
2,"3c5945096h"
2,"feuille a l eau p1500 50 code 09545"
2,"hand masker mf 48"
2,"triangle inf dr"
2,"triangle inf gh"
2,"interrupteur shr263"
2,"helix 5w30"
2,"seat front spring upper"
2,"ressort ar"
2,"ressort boudin ar g"
2,"seat rear spring rubber lower"
2,"seat rear spring lower"
2,"siege inferrieur boudin ar"
2,"support ressort av r"
2,"jeu de charbon stgs9125"
2,"induit stgs9125"
2,"absorber assy fr shock"
2,"strut assy fr spnsn lh"
2,"absorber fr shock"
2,"support front strut"
2,"support comp front strut"
2,"toc amortisseur"
2,"bearing front strut"
2,"roulement amortisseur"
2,"absorber rea"
2,"bolt rr shock absorber"
2,"cover strut dust"
2,"bar fr stabilizer"
2,"bras stabilisateur"
2,"joint comp fr stabilizer bar"
2,"joint stabilizer bar"
2,"silentbloc bras stabilisatrice"
2,"filtre principale"
2,"wheel al 15x5 1 2j gray"
2,"wheel comp 15x5 1 2jj black"
2,"wheel al 15x5 1 2j s"
2,"wheel com"
2,"wheel alumi"
2,"wheel spare 15x4j black"
2,"wheel comp 14x5j"
2,"alloy wheel 14 celerio"
2,"wheel al 14x5j"
2,"wheel al 16x6j grey"
2,"wheel comp al 15x5j"
2,"cap wheel center"
2,"cap al wheel center grey chrome"
2,"boulon de roue"
2,"wheel spare 15x4j"
2,"hub assy wheel"
2,"hub assy rear wheel l akk416"
2,"hub assy rear wheel r akk416"
2,"hub assy rr wheel 43402m74l20"
2,"hub wheel assy"
2,"roulement de roue"
2,"bearing front wheel 43440m68k20"
2,"bearing fr wheel"
2,"seal fr wheel spindle"
2,"seal fr axle shaft oil"
2,"seal rear shaft oil"
2,"protector oil seal"
2,"shaft set rr axle r"
2,"joint assy fr axle shaft r"
2,"shaft assy fr drive r"
2,"joint fr axle shaft l a6g415"
2,"shaft assy r"
2,"joint set diff side"
2,"ensemble de souflet"
2,"ensemble de botte"
2,"boot band small"
2,"band small"
2,"clamp boot small"
2,"shaft set rr axe l"
2,"projecteur partner ber"
2,"bras cremaillere"
2,"knuckle stee"
2,"cover knuckle seal"
2,"knuckle strg l a6g415"
2,"knuckle steering assy lh"
2,"bras de force"
2,"housing fr axle a6g415"
2,"kingpin assy"
2,"frame fr spnsn"
2,"berseau arr"
2,"bearing rear wheel"
2,"module assy airbag black chrome"
2,"boulon triangle"
2,"rondelle triangle"
2,"column assy colps steering w start bouton"
2,"columnassy steering n keyless"
2,"columnassy steering"
2,"colone de direction"
2,"eps assy strg col upr"
2,"cover assy strg column black"
2,"silentbloc cremallere"
2,"montage cote pignon fort"
2,"mount lh"
2,"bellows"
2,"rotule de direction d"
2,"end comp steering tie rod"
2,"end steering tie rod lh"
2,"tie rod"
2,"courroie clim"
2,"pompe a eau 206"
2,"booster master cylinder assy"
2,"durite huile frein"
2,"51100 62j10"
2,"tmc assy with reservoir"
2,"master cylinder"
2,"reservoir s assy oil"
2,"booster assy brakemaster"
2,"vacuum union assy"
2,"pipe hu to fr bk hose r"
2,"tuyau de frein av d"
2,"pipe hu to fr bk hose rh"
2,"pipe de frein av d"
2,"pipe rr bk hose to rr w c r"
2,"hosecomp frbrakeflexible"
2,"flexible de frein av"
2,"shoe set"
2,"shoe setbrake"
2,"ressort de rappel"
2,"spring shoe return"
2,"lever assy parking brak"
2,"cable parking brake r"
2,"cable parking brake l"
2,"shoe set parking brake"
2,"etrier de frein"
2,"discfront brake"
2,"55311m75j50 000"
2,"padset"
2,"module esp"
2,"bracket esp actuator"
2,"sensor assy fr wheel speed"
2,"sensor fr wh"
2,"voir remplacement sensor fr wheel r"
2,"sensor fr wheel rhsensor fr wheel rh"
2,"capteur abs av g"
2,"capteur vitesse ar"
2,"abs sensor rr"
2,"sensor comp rr wheel"
2,"harness rr wheel sensor"
2,"capteur abs ar g"
2,"crossmember 1st"
2,"crossmember 3rd"
2,"crossmember 4th"
2,"patin av 206"
2,"courroie 6pk905"
2,"courroie alt 206"
2,"jeu de balai essui glace"
2,"panel fr fender rh"
2,"panel fr fender lh"
2,"brace lamp support rh"
2,"bracket head lamp r"
2,"panel 1st mount r"
2,"bracket fr outer panel lwr r"
2,"panel 1st mount l"
2,"bracket fr outer panel lwr l"
2,"bracket fr outer panel upr r"
2,"bracket fr outer panel upr l"
2,"panel front outer"
2,"armature av"
2,"remp 58270m76m01"
2,"tete traverse radiateur g"
2,"panneau tablier de garde boue d"
2,"panel comp fender apron r"
2,"garniture passage de roue d"
2,"support aile av d"
2,"bracket front fender upr fr r"
2,"panel fender apron lh"
2,"panel fndr aprn lh"
2,"bracket fr fender lower l"
2,"bracket front fender upr fr lh"
2,"extension fr fender upr brkt l"
2,"filtre a air dacia"
2,"member fr side r"
2,"member comp front side l"
2,"member apron side akk416"
2,"tete lengeron d"
2,"member comp apron side r"
2,"panel front fender sn413v t9"
2,"extension apron side mbr upr"
2,"panel comp aprn side mbr"
2,"extension apron side mbr upr lh"
2,"extension apron side mbr upr rh"
2,"filtre a essence 206"
2,"member front side l"
2,"member apron side lh"
2,"member comp apron side l"
2,"traverse longeron g"
2,"inf du tableau de bord g"
2,"longeron"
2,"traverse tableau de bord sup g"
2,"cross member dash upper l"
2,"extension sup longeron d"
2,"panel fr wheel housing l"
2,"ail tableau de bord d"
2,"bracket hood latch cable"
2,"brace dash side"
2,"support charniere capot"
2,"bracket wiper link side r"
2,"bracket front fender r"
2,"panel comp dash side l"
2,"ail tableau de bord g"
2,"panel dash side front lh"
2,"panel cowl upper"
2,"bracket cowl side r"
2,"bracket cowl side l"
2,"membercowl side outer r"
2,"member cowl side outer l"
2,"bougie allum"
2,"panneau"
2,"panel cowl top outer"
2,"panel cowl top side r"
2,"panel cowl top side l"
2,"baguette porte ar"
2,"porte av droite"
2,"plage avant"
2,"sous pare choc avant"
2,"huile moteur 5w40"
2,"roulement 6002 zz bw"
2,"roulement cardon"
2,"jeu de coussinet bielle"
2,"pan main floor"
2,"support roue de secour"
2,"reinf rear floor under"
2,"member rr floor side r"
2,"member rr flr side rr r"
2,"garniture plancher ar"
2,"support av"
2,"member rr floor side l"
2,"aile avd"
2,"panel comp front pillar inr r"
2,"reinf front door hinge r"
2,"reinf compfront door hinger"
2,"traverse seuil de porte"
2,"reinf ctr pillar r"
2,"renfort pilier central d"
2,"panneau interieur d"
2,"panel qtr inr upr r"
2,"panel qtr inner rear rh"
2,"panel fr pillar inr l"
2,"reinf front door hinge l"
2,"reinf compfront door hingel"
2,"reinf hinge pillar fr upr r"
2,"traverse seuil de porte g"
2,"panneau interieur g"
2,"passage de roue inter ar g"
2,"renfort ar passage de roue av g"
2,"zce"
2,"bas de caisse"
2,"montant centrale droite"
2,"bas de caisse droite"
2,"panel b pillar r"
2,"nv676"
2,"kasaroule feu ar d"
2,"panel rr lamp house outer rh"
2,"wb3"
2,"hr"
2,"gratinure aile ar d"
2,"piece cote exterieur du corps d"
2,"drip roof side rail r"
2,"zhj c1"
2,"z1q"
2,"zqd"
2,"box fuel inlet"
2,"zqu"
2,"zqm"
2,"support garde boue ar d"
2,"z4q"
2,"zqs"
2,"zwg"
2,"zyr"
2,"zya"
2,"z9q"
2,"zzb"
2,"zzc"
2,"zyb"
2,"zqp"
2,"zze"
2,"zzt"
2,"waa"
2,"wa5"
2,"montant centrale"
2,"section lateral g"
2,"panel qtr l"
2,"montant avant g"
2,"panel b pillar l"
2,"panel rr lamp house l"
2,"panel rr lamp house outer lh"
2,"panel comprr lamp house otrl"
2,"logement feu ar g"
2,"wbh"
2,"extension side body otr lwr lh"
2,"piece cote exterieur du corps g"
2,"tolle interieur bouchon de remplissage"
2,"cl"
2,"tole bouchon de reservoiir"
2,"bw c1"
2,"bw c2"
2,"wbe"
2,"gra12"
2,"ku"
2,"wb4"
2,"wb3 w3b"
2,"kx xy"
2,"support garde boue ar g"
2,"w3b"
2,"member roof front inner"
2,"garniture de toit int"
2,"member roof back"
2,"member roof panel ctr"
2,"panel partition"
2,"sabot pare choc arr"
2,"65560 61m00"
2,"hinge comp trunk lid r"
2,"hinge comp trunk lid l"
2,"charniere malle g"
2,"68"
2,"panel assyfront doorr"
2,"panel assy front doorr"
2,"panel assy fr dr lh"
2,"panel assy rr dr lh"
2,"back door panel"
2,"hinge front door no 1"
2,"hinge front door upper rh"
2,"hinge front door no 2"
2,"hinge front door upper lh"
2,"charniere de porte av g h"
2,"hinge compfront door upperl"
2,"hinge front door lower rh"
2,"hingefront door lower"
2,"charniere de porte inf g"
2,"hinge front door lower lh"
2,"charniere de porte av g b"
2,"hinge compfront door lowerl"
2,"hinge rear door upper rh"
2,"hinge rear dr upp l"
2,"hinge rear door upper lh"
2,"charniere de porte ar g"
2,"charniere de porte ar inf d"
2,"charniere de porte ar b"
2,"hingerear door lower r"
2,"charniere de porte ar inf gauche"
2,"hinge back door"
2,"optic av"
2,"support p choc av d"
2,"support p choc av g"
2,"rotule susp gh"
2,"p prise"
2,"cercle de phare av g"
2,"agraffe phare"
2,"porte balai golf 6"
2,"cache ventilateur"
2,"bumper rear with park sensor"
2,"member radiator support"
2,"crossmember comp front lower"
2,"cover splash l"
2,"bumper fr black primary"
2,"bumper front sn413v t9"
2,"bumper front upper black primary"
2,"bumper fr primary"
2,"parechocs av"
2,"fr bumper w o fog lamp"
2,"cap fog lamp"
2,"cover front bumper cap black"
2,"pad front bumper"
2,"net front bumper black"
2,"extension fr bumper side r"
2,"extension fr bumper side l"
2,"support"
2,"holderfr bumper sidel"
2,"holder fr bumper akk414"
2,"holder fr bumper front rh"
2,"holder fr bumper front lh"
2,"chrome de calandre supp d"
2,"garnish radiator grl upr no 1"
2,"garnish radiator grille upr l"
2,"garnish radiator grl upr no 2"
2,"garnish drl rh chrome"
2,"bezel fr fog lamp rh black"
2,"bezelfront fog lampr"
2,"garnish drl lh chrome"
2,"baguette cache antibrouillard d"
2,"cover front fog lamp bezelrh black"
2,"baguette cache anti brouillard"
2,"garnish front fog lamp bezel rh"
2,"baguette cache anti brouillard d"
2,"bezel fr fog lamp lh black"
2,"bezelfront fog lampl"
2,"garnish front fog lamp bezel lh"
2,"support plaque"
2,"garnish front bumper rh chrome"
2,"baguette pare choc chrome"
2,"reinf front bumper ctr"
2,"guidage d air"
2,"guide grille air black"
2,"garnish front bumper lh chrome"
2,"garniture parechoc av d"
2,"renfort pare choc av"
2,"brace front bumper ctr"
2,"cover sensor chrome black"
2,"bracket lamp"
2,"joint pare choc av"
2,"bumper set rear primary"
2,"bumper rr turquoise black"
2,"bumper rr upper"
2,"parechocs ar"
2,"bumper rear upper"
2,"71811m76m00 5pk"
2,"bumper rear prk snsr"
2,"spacer rr license"
2,"cale support plaque"
2,"support p ch ar d"
2,"bumper rear lower black"
2,"support parechoc ar g"
2,"support p ch ar g"
2,"holder rr bumper side rr lh"
2,"bezel comp rr reflector r"
2,"deflecteure ar chrome"
2,"garnish reflector r"
2,"garnish reflector l"
2,"garnish rr reflector bezel r"
2,"bezel comp rr reflector l"
2,"support lampe de plaque"
2,"garnish rr reflector bezel l"
2,"garnish rr bumper lower"
2,"guard rear bumper gray"
2,"grille rdtr chrome black"
2,"grille radiator"
2,"grille radiator chrome black"
2,"grille radiatior blach chrome"
2,"cover rdtr grl"
2,"grille comp front"
2,"mud flup front set rear"
2,"kit sabot av ar"
2,"flapmud frontl"
2,"holder fr hood stay1"
2,"lining compfront fender"
2,"lining fr fender r"
2,"lining fr fender l"
2,"cover cowl top"
2,"garnish assycowl topr"
2,"garnish comp cowl top ctr"
2,"cap cowl top outer side black"
2,"cache moustache"
2,"cap cowl top outer ctr black"
2,"holder cowl sid"
2,"fastener cowl top otr"
2,"garniture moustage g"
2,"fastener cowl center cover"
2,"moustache pare brise g"
2,"seal cowl top outer rear"
2,"member lamp support lh"
2,"pad front fender rear akk416"
2,"pad front fender r"
2,"pad front fender l"
2,"cushion fr fender l"
2,"cover front panel up"
2,"moustache"
2,"cover hood lock member"
2,"cushion fr fender"
2,"coussin garde boue av"
2,"panel comp fr cowl upper"
2,"shroud radiator lwr"
2,"cache aile av g"
2,"cover engine under rh"
2,"cover engine under r"
2,"cover engine under side rh"
2,"cover engine under l"
2,"cover engine under side lh"
2,"cover fr end upper"
2,"cover front end lower rh"
2,"cover fr end lower"
2,"cache radiateur bas"
2,"cover front end lower lh"
2,"silencer fr hood"
2,"absorber compfr bumper lower"
2,"cover fr fender upper rh"
2,"cover fr fender upper lh"
2,"cache sous capot g"
2,"extension fr fender lining r"
2,"band battery"
2,"lining rear fender rh"
2,"lining rr wheel hsg rh"
2,"cover rear end side rh"
2,"cover back panel apk416"
2,"lining rr wheel hsg lh"
2,"cover rear end side lh"
2,"cache aile ar g"
2,"tableau du bord"
2,"panel instrument main upr"
2,"panel comp instrument main upr"
2,"felt i p upper ctr"
2,"felt i p upper side"
2,"seal i p"
2,"felt i p top"
2,"member steering support"
2,"bracket instrument panel"
2,"louver ctr vent"
2,"louver ctr vent black"
2,"garniture tableau de bord g"
2,"nozzle side demister rh"
2,"nozzle side demister lh"
2,"cover strg column"
2,"garnish i p center"
2,"cap i p center black"
2,"kgarnish i p drvr outside"
2,"garnish i p center louver"
2,"garnish i p drvr inside"
2,"bagette tableau de bord"
2,"mdl assy pass airbag"
2,"module assy passenger air"
2,"housing passenger air bag"
2,"sabot pare choc ar g"
2,"sabot pare choc ar gauche"
2,"case assy heater"
2,"core s assy heater"
2,"heater core assy"
2,"support pare choc av"
2,"lot de supp pare choc"
2,"sup pare choc"
2,"armature de pare choc"
2,"support pare choc"
2,"door assy"
2,"supp para choc ar droite"
2,"supp para choc ar gauche"
2,"knob fan"
2,"duct rear vent no 1"
2,"duct rear vent no 2 lh"
2,"granitture male ar ext"
2,"supp para choc av droite"
2,"supp para choc av gauche"
2,"amortisseur av dr"
2,"carpet floor"
2,"carpet floor black"
2,"capret floor black"
2,"tapis malle"
2,"carpet luggage floor"
2,"carpet lug fl black"
2,"tapis planchier ar"
2,"board assy luggage floor upper"
2,"box tool"
2,"coffret d outillage"
2,"cap tail end mbr"
2,"couvercle gache de malle"
2,"captail end member"
2,"cover fl console frdrvr black"
2,"cover floor console side drvr"
2,"cover floor console side asst"
2,"holder cup"
2,"support bloc accoudoir"
2,"trim dash side r black"
2,"76140m56r00 5pk"
2,"scuff side sill fr rh black"
2,"scuff side sill fr r black"
2,"scuff side sill fr rh"
2,"scuff side sill fr lh black"
2,"kscuff side sill rear rh"
2,"scuff side sill rear l black"
2,"trim tail end"
2,"trim ctr pillar lower rh"
2,"ktrim ctr pillar lower rh"
2,"clip back dr trim black"
2,"trim ctr pillar lwr lh"
2,"trim qtr inner upr rh gray"
2,"trim rr pillar upper rh"
2,"trim quarter upper rh gray"
2,"trim comp quarter lower r"
2,"trim quarter lower r black"
2,"trim fr dr opng r"
2,"762941m55k00"
2,"trim rr dr opng r"
2,"trim partition black"
2,"rail lateral de toit absorbeur av g"
2,"cable trunk lid opener"
2,"module roof airbag apk416"
2,"module assy roof side ai"
2,"serrure trappe d essence"
2,"serrure reservoir"
2,"trim trunk room side rh"
2,"trim trunk room side lh"
2,"trim trunk room rear"
2,"spring fuel lid"
2,"cushion fuel filler door"
2,"molding fr pillar lower rh"
2,"molding fr pillar lower"
2,"molding fr pillar lower lh"
2,"guard assy fr fender splash"
2,"guard side sill splash r"
2,"guard side sill splash l"
2,"baguette bas de caisse g"
2,"guard side sill splash l primary"
2,"guard assy side sill splash"
2,"strake rear lh"
2,"strake rear l"
2,"guard assy rr fender splash"
2,"garnish trunk lid"
2,"bageutte chrome de malle"
2,"deflecteur jupe ar"
2,"deflecteur d air"
2,"garnish fr"
2,"guard fr splash rh black"
2,"protector fr fender splash"
2,"guard assy sn413v 6"
2,"protector rr fender splash"
2,"protector side sill splash"
2,"holder rr fender splash rh"
2,"holder rr fender splash lh"
2,"emblem mark chrome"
2,"sigle suzuki"
2,"emblem swift"
2,"monogramme"
2,"emblem dzire"
2,"monogramme dzire"
2,"emblem jimny chrome"
2,"emblem all grip"
2,"sigle all grip"
2,"emblem chrome vvt"
2,"cache retro droite golf 6"
2,"cache retro gauche golf 6"
2,"absorber roof side inner fr"
2,"rail lateral de toit ar d"
2,"molding roof apk416"
2,"baguette de toit"
2,"molding roof drip side r"
2,"joint de toit av d"
2,"molding roof drip side l"
2,"capuchon moulure de toit av g"
2,"cap inside rear view mirror gray"
2,"cap roof garnish r"
2,"cap roof garnish l"
2,"aile av droite"
2,"ail avant droite bipper"
2,"main d4oeuvre"
2,"link connector akk416"
2,"seal panoramic roof akk416"
2,"multi roof rack with rr"
2,"id vin plate"
2,"support cardon"
2,"sash front door rear r"
2,"sash fr door rear rh"
2,"sash fr dr rr lwr lh"
2,"sash front door rear l"
2,"sash fr door rear lh"
2,"sash compfr dr rear lowe"
2,"sash rear door center rh"
2,"sash rear door rear rh"
2,"sash rear door center lh"
2,"sash rear door rear lh"
2,"sash rear lh"
2,"sash comprear door rear"
2,"stop comp door open"
2,"blancer back door rr"
2,"amortisseur malle"
2,"balancer comp back door"
2,"balancer back door l"
2,"liquide de refroidissement 5l vert"
2,"liquide protectiv 5l bleu"
2,"kit distribution"
2,"boitier tharmosat kangoo"
2,"poinge de porte av d"
2,"poinge de porte av g"
2,"latchassy frontdoor r"
2,"latchassy frontdoor l"
2,"82202m55r11"
2,"latch assy front door l 82202m68p42"
2,"latch assy front door lh 82202m68p42"
2,"latchassy frontdoorlh"
2,"cylinder set fr dr latch r"
2,"cylinder set fr dr latch lh"
2,"latch rear door r"
2,"latch rear door l"
2,"jt sous p brise"
2,"latch comp back door"
2,"serrure de malle ar"
2,"link back door latch"
2,"loquet de porte"
2,"grillle sous p brise b9"
2,"striker comp back door latch"
2,"cushion back dr"
2,"stopper back door lower"
2,"handle assy front door out r"
2,"handle assy side door out rh"
2,"handle assy front door out l"
2,"handle assy side door out lh"
2,"poignee de porte av"
2,"handle door out white"
2,"socle poignee de porte av d"
2,"handle side door out white"
2,"joint poigne de porte av d"
2,"handle side door out black"
2,"handle side door out"
2,"pad front door out handle"
2,"capfront door out"
2,"cap front door out rh black celerio av g"
2,"cap door out rh black celerio ar g d"
2,"cap front door out"
2,"cap door out lh white"
2,"poigne de porte av g"
2,"handle set front door out l"
2,"handle front door out l"
2,"socle poignee de porte"
2,"socle poingee de porte ar d"
2,"socle poignee de porte ar g"
2,"chapeau poignee de porte av g"
2,"poinge de porte ar g"
2,"poignee de porte ar g"
2,"handle assy back door black"
2,"handle sidhandle sie door inside r chrome black"
2,"handle side door inside lh"
2,"handle side door inside l chrome black"
2,"handle assy door inside lh"
2,"regulator fr"
2,"regulator assyfront windowrh"
2,"regulator assyfront wind"
2,"regulator assy fr window rh"
2,"regulator assy fr window lh"
2,"regulatorassyfrontwind"
2,"regulator s assy fr wdo r"
2,"regulator s assy fr wdo l"
2,"motor assy fr window rgltr l"
2,"regulator re"
2,"regulator assy rear wind"
2,"regulator assy rear window rh"
2,"regulator assy rear window lh"
2,"motor assy window rgltr"
2,"channel glass bottom"
2,"run fr dr glass apk416"
2,"run fr door glass rh"
2,"run fr door glass lh"
2,"run rr dr glass apk416"
2,"run rear door glass rh"
2,"run rear door glass lh"
2,"trim front door rh"
2,"panneau de porte av d"
2,"trim rr dr r black silver chrome"
2,"panneau de porte ar d"
2,"panneau porte av d"
2,"trim comp front door r"
2,"trim front door l black"
2,"panneau de porte av g"
2,"trim fr dr l black gray"
2,"trim front door lh"
2,"fr l trim door"
2,"panneau porte ar d"
2,"trim rr dr r black"
2,"trim rr door l"
2,"panneau porte ar g"
2,"trim rear door lh"
2,"trim rear door l black"
2,"trim back door"
2,"garniture de malle ar"
2,"garniture panneau de porte ar g"
2,"garnish comp rear door inner l"
2,"weatherstrip fr door out rh"
2,"echeur de vitre av d"
2,"weatherstrip frontdoor o"
2,"weatherstrip fr door out"
2,"weatherstrip fr door out lh"
2,"weatherstrip rr door apk416"
2,"weatherstrip rr door out fr"
2,"weatherstrip rear door o"
2,"weatherstrip rr door out"
2,"lecheur de vitre ar d"
2,"lecheur de vitre ar g"
2,"weatherstrip rr door out lh"
2,"joint leche vitre"
2,"weatherstrip fr door inner r"
2,"weatherstrip fr door inner l"
2,"weatherstrip rr door inner rh"
2,"weatherstrip rr door inner"
2,"weatherstrip rr door inner lh"
2,"cover back door sealing"
2,"tapefront door outer frr"
2,"tape front door outer fr rh"
2,"tape door out fr lh black"
2,"tape front door outer fr lh"
2,"tape door out rr upper rh black"
2,"adhesif de porte ar sup d"
2,"tape door out rr upper lh black"
2,"tape rear door outer fr rh1"
2,"cover back dr hinge lower"
2,"garnish back door lower white"
2,"holder back door switch"
2,"cover back dr hinge upper"
2,"support back door garnish rh"
2,"support back door garnish lh"
2,"garnish rr dr rr outer rh"
2,"garnish rr dr rr outer lh"
2,"set glasswindshield"
2,"glass setwindshield"
2,"setglass windshield"
2,"glass fr door window apk416"
2,"glass comp front door window"
2,"glace"
2,"glass fr dr window lh"
2,"glass comprear door wind"
2,"glass rear door partition"
2,"glass rr door partition r"
2,"glass qtr window akk416"
2,"glass qtr window rh"
2,"glass qtr window lh"
2,"weatherstrip door opng rh"
2,"weatherstrip front door opng lh"
2,"weatherstrip door opng lh"
2,"weatherstrip rear door opng"
2,"weatherstrip rr dr partition"
2,"weatherstrip dr partitio"
2,"joint porte ar g"
2,"weatherstrip door opening lh"
2,"weatherstrip back door apk416"
2,"weatherstrip trunk lid opng"
2,"weatherstrip trunklidop"
2,"weatherstrip back door upper"
2,"drip back door latch"
2,"retroviseur av d"
2,"mirror assy out rear view rh white"
2,"mirror assyout rear viewr"
2,"mirror assy out rr view rh"
2,"mirror out rr view rh black"
2,"mirror ass rr view l"
2,"mirror assy l"
2,"mirror assy out rear view lh white"
2,"mirror out rr view lh black"
2,"mirror assy inside rr view gray"
2,"cover mirror visor rh white"
2,"cover out mirror visor rh"
2,"cover mirror base rh"
2,"cover mirror base lh"
2,"glass out rr view mir rh"
2,"glass out rr view mirror r"
2,"glass out rear view rh"
2,"glass out rr view mirror"
2,"glass out rr view mirror rh"
2,"glass out rr view mirror l"
2,"glass out rr view mirror lh"
2,"5pkgarnish sash brkt inr r"
2,"garnish comp sash brkt inr r"
2,"coverinside mirror"
2,"cover ins mir stay gray"
2,"5pkgarnish sash brkt inr l"
2,"garnish comp sash brkt inr l"
2,"sunvisor apk416"
2,"sunvisor assy r gray"
2,"sunvisor"
2,"sunvisor assy rh"
2,"sunvisor asssunvisor assy l grayy l gray"
2,"sunvisor assy l gray"
2,"holder sunvisor"
2,"agraphe para soleil"
2,"belt assy front rh"
2,"belt assy front lh"
2,"belt assyfrl"
2,"belt assy rr r"
2,"belt assy rr l"
2,"belt assy rr"
2,"boucle de ceinture"
2,"tongue assy fr belt r and lh"
2,"tongue assy rr belt r black"
2,"tongue assy rr belt l black"
2,"seat assy fr lh"
2,"siege conducteur"
2,"molure pare choc ar"
2,"siege"
2,"cover rclng outside r black"
2,"cover fr rclng ins lwr l black"
2,"back assy fr rh"
2,"back assy fr l"
2,"pare boue ar gauche"
2,"module side airbag apk416"
2,"air bag siege passager"
2,"harness assy side airbag"
2,"trim fr back rh blue black"
2,"baguette ail av g"
2,"knob rclng l black"
2,"cover rclng outside l black"
2,"cover rclng ins l black"
2,"frame assy fr back l"
2,"air bag siege av"
2,"calandre kia rio"
2,"grillle pare choc"
2,"pare choc ar rio"
2,"support ar"
2,"enjoliveur pte b9 avd"
2,"pad comp rr cush"
2,"m cyl emb sup"
2,"seat rr cushion"
2,"lock assy rr back rh"
2,"serrure siege ar d"
2,"shelf rear parcel black"
2,"shelf comprear parcel"
2,"tank assyfuel"
2,"o ring fuel pump"
2,"neck fuel filler"
2,"packing fuel filler"
2,"garniture bochon carburant"
2,"traverse rad"
2,"jack comp"
2,"boite a outils"
2,"bolt towing hook"
2,"boulon de remorquage"
2,"baguette aile av g"
2,"baguette aille b9 avg"
2,"carton 18 rubant masquage 48 40m"
2,"poigne ext partner"
2,"optique g kia rio"
2,"bracket cprsr"
2,"support compresseur"
2,"pulley assybelt tension"
2,"courroie clim swift"
2,"95141 79m00"
2,"v belt 4pk 780 celerio"
2,"condenser assy akk416"
2,"support condenseur"
2,"shroud cond side r"
2,"shroud cond side l"
2,"evaporateur de clim"
2,"power transistor assy blo"
2,"sensor assyroom temp"
2,"capteur temp extern"
2,"sensor outside air temp"
2,"flexible clim sup"
2,"durite bas pression"
2,"flexible clim bas hp"
2,"o ring d 1 8 id 6 7"
2,"bielle susp b9"
2,"retroviseur exterieur"
2,"feux ar droit"
2,"cousin volant"
2,"grille de pare choc av"
2,"triangle d partner"
2,"triangle g partner"
2,"capteur abs"
2,"centure"
2,"brin enrouleur"
2,"calculateur air bag"
2,"grill pare choc"
2,"grille de calander"
2,"absorbeur de choc"
2,"para cho av"
2,"enjoliveur de calandre"
2,"grille pare choc"
2,"entretoise fix"
2,"renfort p choc"
2,"cooling water red"
2,"cooling water glycol 20"
2,"cooling water blue"
2,"manual service"
2,"instrument panel lhd vitara"
2,"cache tableau de bord"
2,"separation grid sx4 jy"
2,"bumper protec plate blk vitara"
2,"cover rocker panel"
2,"grp wave runner roof wrap"
2,"kit deco"
2,"grp electric dash black i"
2,"dsg twin color non illuim"
2,"kit baguette lateral de porte chrome"
2,"spoiler parechoc ar"
2,"baguette malle chrome"
2,"chrome pare choc av"
2,"elargissuer"
2,"chromage calandre"
2,"kit chrome interieur"
2,"rear upper spoiler white"
2,"expedition w o mat"
2,"kit accesssoires"
2,"door side cladding"
2,"panel instrument chrome insert"
2,"scr pu"
2,"baguette de potre"
2,"body side moulding"
2,"kit elargisseur"
2,"mud flp"
2,"door visor fr r"
2,"door visor rr l"
2,"door visor rr r"
2,"new celerio export combo"
2,"primed front side"
2,"kit bas de caisse"
2,"emblem raid edition"
2,"tente"
2,"rear under body spoiler np"
2,"roof body spoiler"
2,"door sill guard twin colour"
2,"kit interieur chrome"
2,"swift export combo"
2,"marche pieds d"
2,"maustache"
2,"support dephare polo 7"
2,"radio commande"
2,"module a distance"
2,"agrafeuse"
2,"ail av droite"
2,"aimant pour tableau"
2,"alarme cobra vodafone automotive can plip"
2,"systeme alarme ciaz"
2,"systeme alarme ertiga"
2,"systeme alarme new celerio"
2,"systeme alarme new swift"
2,"eau lave glace 3l"
2,"all new swift gl mt"
2,"all new swift glx cvt"
2,"all new swift glx mt"
2,"alto bvm"
2,"ampoule"
2,"ampoule w12w"
2,"arrache agrafes"
2,"diluant acrylique 0 9l"
2,"diluant celluosique sup 0 8l"
2,"top tec atf 1400b 1l"
2,"douille bougie"
2,"p boue av"
2,"p boue ar"
2,"bac a courrier a4"
2,"baleno glx 1 4l bvm"
2,"baleno glx 1 4l bva"
2,"rouleau marouflage 200 600ml hdpe"
2,"rouleau de 250housse de siege suzuki"
2,"tapis sol"
2,"mise a jours et programmme d instalation shark"
2,"bloc cube"
2,"bloc note"
2,"batterie ns40d premium"
2,"boite archive"
2,"boulon gal 6 30"
2,"boulon gal 6 18"
2,"boulon 8 70"
2,"ecrou galv de 6"
2,"bougie original"
2,"support parachoc part"
2,"brochure"
2,"butee emb vigo 1kz"
2,"film hdpe marouflage cm400 150mtl"
2,"feu ar d part nm"
2,"feu ar g part nm"
2,"kit acc cache sous moteur"
2,"cachet automatique"
2,"calculatrice"
2,"camera de recul canbus"
2,"carnet garantie"
2,"cale d essorage"
2,"tampon d essuage"
2,"support pistolet"
2,"disques p 120"
2,"disques p320"
2,"base peint t490"
2,"ruban mousse 13 mm 50m"
2,"tuyaux air complet"
2,"carburant"
2,"car bn0 5k 24"
2,"car bn0 25 48"
2,"local carton de 24 boites de 1k"
2,"filtre gravite paquet de 20"
2,"film marouflage cm 400 150 mtl"
2,"bobine kraft 40gr 97cm 300ml"
2,"bobine kraft 45gr 60cm 300m"
2,"carton 36 rouleaux ruban masquage 24 40mm"
2,"carton 36 rouleaux ruban masquage 40 48mm"
2,"carton 36 rouleaux ruban masquage 24 24mm"
2,"carton 36 rouleaux ruban de masquage 40 48 mm"
2,"carton 36 rouleaux ruban masquage 50 50"
2,"aq diluant"
2,"mousse p 320"
2,"mousse p500"
2,"sky 500"
2,"sky 500 2 32 20"
2,"carte visite"
2,"carte grise"
2,"car tissu"
2,"serviette de nettoyage"
2,"filtre charbon actif"
2,"celerio gl 1 0l bvm essence"
2,"celerio gl pop 1 0l bvm essence"
2,"new celerio pop gl 1 0l bvm essence"
2,"charge climatiseur"
2,"charge agrafe"
2,"chemise bristol"
2,"chemise cartonne"
2,"chemise craft"
2,"ciaz gl 1 4l bvm essence"
2,"ciaz gl 1 5l bva essence"
2,"ciaz gl 1 5l bvm essence"
2,"ciaz glx 1 4l bvm essence"
2,"ciaz glx 1 5 l bva essence"
2,"ciaz glx 1 5 l bvm essence"
2,"ciseau"
2,"triangle av dr"
2,"clavier"
2,"tube cole"
2,"complement frais d immatriculation 4 5 ch cg"
2,"corbeille corrier"
2,"cosse"
2,"crayon"
2,"classeur crono"
2,"desinfectant professionelle carlux 250ml"
2,"devidoir"
2,"pied a coulisse"
2,"disque frein"
2,"dfsd"
2,"diluant cellu de 0 8l"
2,"divers"
2,"godet gravite pour gtl pro"
2,"chapeau prolite base"
2,"cahpeau prolite vernis"
2,"buse pour gtipro 1 2"
2,"buse 1 3"
2,"pistolet gtiprolite base 1 3"
2,"devilbiss pistolet gtiprolite"
2,"fluid needle adjusting knob"
2,"div sn 9 k"
2,"casque soudur casoud"
2,"masque ffp3 avec valve m1305v"
2,"filtre abek1 m6000"
2,"demi masque m6400"
2,"casque pour soudure a l arc electrique"
2,"dzire gl 1 2 essence bvm"
2,"dzire glx 1 2 essence bvm"
2,"dzire glx 1 2 essence slda"
2,"cliquet parcmetre a verrouillage"
2,"cliquet parcmetre 1 2"
2,"filtre a air f10"
2,"cle mixte 8mm"
2,"cle mixte 10mm"
2,"cle mixte 12mm"
2,"cle a pipre 6 12 pans 8mm"
2,"cle a pipe 6 12pans de 10mm"
2,"cle a pipe 6 12pans de 12mm"
2,"douilles 3 8 10"
2,"cle a filtre"
2,"jeu de 8 tvis fetnte ph"
2,"jeu de 10 tournevis"
2,"paire de chandelles 3 tonnes"
2,"douille a bougie 16mm"
2,"p boue"
2,"eau radiateur"
2,"ecroue gal"
2,"autoradio baleno 2018 android 8 1 quadcore full hd"
2,"autoradio android suzuki swifft"
2,"eeco 7p"
2,"elastique"
2,"filtre a huile f10"
2,"encre"
2,"entretien reparations"
2,"envoloppe"
2,"ertiga fl bvm 6ab"
2,"ertiga fl bva 6ab"
2,"ertiga glx 1 5 l bva essence face liftt"
2,"ertiga glx 1 5 l bvm essence face lift"
2,"ertiga glx 1 5 l bva essence"
2,"ertiga glx 1 5 l bvm essence"
2,"extention de 1 go de la taille stk"
2,"pc av"
2,"flixible 40"
2,"nettoyant mousse 300ml"
2,"graisse blanche s406 300ml"
2,"graisse roulement"
2,"air fresh pure"
2,"nett circuit huile 300ml 5"
2,"desuilant circuit refroidissement"
2,"filtre habitacle kia rio"
2,"support bv inf"
2,"cle filtre a coiffe"
2,"huile moteur 5l"
2,"formation contunue"
2,"frais de transport"
2,"les fournitures informatiques"
2,"bougie"
2,"frais creation cartes"
2,"patin de frein ar"
2,"patin de frein av"
2,"fret vn"
2,"capteur niveau de plaquette"
2,"fronx gl bvm"
2,"fronx gl bvm 6ab"
2,"fronx glx bva"
2,"fronx glx bva 6ab"
2,"full sport ext kit"
2,"argon u l50 10 5m3"
2,"huile de climatisation vic 100"
2,"boite de 6 flacon d huile"
2,"bouteille de tracer 60ml"
2,"patin av b9"
2,"patin av polo"
2,"bougie bipper"
2,"verin cremaillaire"
2,"paire chaussures de securite mozart s3 ac810bp p39"
2,"paire chaussures de securite mozart s3 ac810bp p40"
2,"paire chaussures de securite mozart s3 ac810bp p41"
2,"paire chaussures de securite mozart s3 ac810bp p42"
2,"paire chaussures de securite mozart s3 ac810bp p43"
2,"paire chaussures de securite mozart s3 ac810bp p44"
2,"paire chaussures de securite mozart s3 ac810bp p46"
2,"gomme"
2,"grand vitara glx sr 4at"
2,"grand vitara glx sr 5mt"
2,"grand vitara glx sr 6at"
2,"machoire ar polo"
2,"10 tubes contact"
2,"bobine plastique s200 5kg ercusi"
2,"5 electrodes carbone chauffe tole"
2,"kit fil ondule 50 brins"
2,"clavier debosseleur"
2,"20 etoiles tire clou protection cuivre"
2,"kit marteau a inertie court 1 1kg mandrin 20"
2,"cofrret verin hydraulique 10t pro"
2,"cable pistolet automatique quick gun complet"
2,"decapteur thermique 650 c a affichage digital"
2,"fils acier 0 8mm 5kg"
2,"fils cuivre 5 kg"
2,"circuit gyspot 3904"
2,"huile hyboide ls sae"
2,"huile 75w90 1 litre"
2,"huile 90 de 1 litre"
2,"hhhy"
2,"plaque fr av"
2,"50 feuilles a l eau p1200"
2,"50 feuilles a l eau"
2,"50 feuilles a l eau p2000 114x230mm"
2,"base cut 150mm grip 15t p320"
2,"rouleau gold 115mm x 50m p120"
2,"rouleau gold 115mm p180"
2,"disque gold 150mm 6 1trs p400"
2,"disque gold 150mm p500"
2,"disque gold 150mm p80"
2,"rx goldflex p320"
2,"rxgoldflexp320"
2,"rx goldflex p400"
2,"rxgoldflexp400"
2,"rx goldflex p500"
2,"rx goldflex p800"
2,"rx goldflex p1000"
2,"rxgoldflexp1000"
2,"rouleau silver 115mm 25m grip p120"
2,"coupe abranet 115 230mm p120"
2,"coupes abrnet 115 230mm p180"
2,"ik5411205080"
2,"abranet 70 198 p120"
2,"ik5415005018"
2,"ik5415005080"
2,"polarchin 5 1l"
2,"lot de 2 chiffons de lustrage jaune"
2,"peau mouton jaune 135mm"
2,"mirka lot de deux chiffons lustragr gris"
2,"mirlon 152 229mm uf ultra fin 1500 20 unite"
2,"disque fixation rapide 75mm p120"
2,"disque fixation rapide 75mm p150"
2,"interface 77mm 3t"
2,"plateau abranet 125 mm 5 6 rigide"
2,"plateau d150 mm 51t"
2,"mirka plateau lustrage 135mm souple"
2,"cale caoutchouc rouge 70x125mm"
2,"cale auto agrippante pr disq 150mm"
2,"cale aspirante handy 80 230"
2,"cale aspirante 70 125 velcro 13t"
2,"cale aspirante 70 196"
2,"kit cales 70 198 velcro 4 en 1"
2,"cale a poncer 115 223"
2,"boitier demarage automatique"
2,"kit rep ponceuse"
2,"kit charbon lustreuse"
2,"interference filtre 37 ps1437"
2,"kit air et poussiere"
2,"tuyeau coaxial ponceuses d150"
2,"pnceuse pneumatique"
2,"extracteur de poussiere"
2,"moteur pour aspirateur"
2,"disque abralon 77mm p1000"
2,"disque abralon 77mm p3000"
2,"disque abralon 150mm p3000"
2,"mirkaabralonj5p3000150m"
2,"ruban de masquage fine 3mm 55m"
2,"20 disque abralon"
2,"tampom d essayage"
2,"rubant masquage pare brise 50 10m"
2,"ruban de masquage 25x50 72 unite"
2,"guide de poncage 100g noir"
2,"ik9193600111"
2,"autonet 150mm p120"
2,"polarstar d150"
2,"ikfm61105092"
2,"immobilisation"
2,"immobilisation tva7"
2,"aile av g partn nm"
2,"incessibilite"
2,"filtre cone nylon 190m"
2,"carton filtre cone 125u bleu"
2,"filtre cone 125 bleu"
2,"inp filtre cone plastique 150u 10ps"
2,"papier de marfoulage 90cm"
2,"secheur mini jet"
2,"regulateur air pour secheur mini jet"
2,"inp21235"
2,"chiffond de degraissage"
2,"ruban adhesif double face 6mm"
2,"ruban adhesif double face 19 mm"
2,"ruban adhesif double face 9mm"
2,"ruban adh double face 19mm vert"
2,"kit netoyage pistolet"
2,"kit de 50 gobelets a melange 650cc 50 couvercles"
2,"gobelets a melange"
2,"gobelet a melange 2230cc"
2,"couvercle pour supercup 650cc"
2,"couvercle pour supercup 2230cc"
2,"intercalaire"
2,"jeu de balais essuie glasse"
2,"jeux de tapis"
2,"jimny 5d mt"
2,"jimny 5d at 4x4"
2,"jimny gl 1 5l bvm 4 4 essence"
2,"jimny gl 1 5l bva 4 4 essence"
2,"jimny raid edition 5d at"
2,"filtre habitacle f10"
2,"k5415005012"
2,"toc amortisseur av coupelle"
2,"kit chaine de distribution"
2,"kit accessoire fronx"
2,"kit accessoires jimny 5d 1"
2,"kit accessoires jimny 5d 2"
2,"kit accessoires jimny 5d 3"
2,"kit accessoires new baleno"
2,"antigravillion gris"
2,"mastic polyster jaune 2 kg"
2,"mastic alluminium 380"
2,"diluant acrylique lent 601"
2,"diluant pour metal 610"
2,"plastic primer 615"
2,"670 blanc a melange"
2,"p60"
2,"pistolet starlet w 360"
2,"kit de 03 joint torique 16mm"
2,"pointeau switcheur"
2,"flotteur"
2,"kit dis or"
2,"latchassy frontdoor"
2,"filtre pour aspirateur lavor"
2,"aerosol nett coprs injec carburant 400ml"
2,"top tec atf 1200 1l"
2,"atf additive 250ml"
2,"logiciel"
2,"patin paret berli"
2,"machoire de frein partner"
2,"disque frein av ventile"
2,"lustrant tableaux de bord carlux 5l"
2,"castrol 10w40 gtx ultra clean"
2,"m"
2,"radiateur d eau polo 7"
2,"retroviseur dr"
2,"diluant a l eau"
2,"regoltore di flop"
2,"t 490 incolore a l eau"
2,"t460"
2,"t471"
2,"t477"
2,"e501 oro rosso"
2,"maex06"
2,"t452"
2,"t462"
2,"ppg t468 e0 5"
2,"base de peinture t457"
2,"t455"
2,"e710 equivalent t456"
2,"t402"
2,"t401"
2,"t426"
2,"t425"
2,"maex2240"
2,"t429"
2,"t4321"
2,"t422"
2,"t423"
2,"t447 brillant rouge 1l"
2,"e572 equivalent t445"
2,"rosso trasparente"
2,"t438"
2,"e585 equivalent t448"
2,"t4343"
2,"t414"
2,"t413"
2,"e735 blu laguna equivalent a t 412"
2,"t415"
2,"t411"
2,"base de peinture t411"
2,"t 404"
2,"t407"
2,"t4002"
2,"xr104 blu galassia"
2,"t4004"
2,"paire gants forco taille 9"
2,"pare de gants muga35 rp taille 9"
2,"pare gants plomo taille 9"
2,"mastic soft plus 1800"
2,"marketing"
2,"t421"
2,"hp fast multi gris m4"
2,"200 maxiclear hs"
2,"filtre a air polo 7"
2,"couvercle 1l"
2,"ft 3 5l"
2,"grille p choc av"
2,"p choc ar"
2,"mission et voyage"
2,"msaspue"
2,"diluant polyurethanne 5l"
2,"7413 appret epoxy"
2,"agent netoyage antistatique 400"
2,"0520 vernis hs 5l d8131"
2,"vernis hp sechage rapide 1l"
2,"diluant extra lent uhs"
2,"durcisseur uhs lent pour vernis 0325"
2,"2720 durcisseur hs"
2,"durcisseur hs 2720"
2,"mxa2720 2 5l d8254"
2,"durcisseur hp pour vernis"
2,"mxa3660 1l"
2,"additif pour primaire plastique 1l"
2,"diluant catalyseur"
2,"diluant cata pour appret m m"
2,"appret 2k gris m4 d8505"
2,"add antisilicone 2341"
2,"bo23 jaune solide"
2,"hp multigrey extra gris m4"
2,"hp multigrey extra gris fonce m6"
2,"mxaam6104 3l"
2,"4000 ms harder lent"
2,"6000 ms durcisseur"
2,"durcisseur uhs 2925 de 0 5l"
2,"apret hp bombe 2000"
2,"mastic pour plastique 1400"
2,"stopper 3800 mastic blanc"
2,"bo62 vert helio"
2,"bo43 orange organique"
2,"bo49 pourpre"
2,"bo53 bordeaux"
2,"mxbb07"
2,"bo92 noir extra"
2,"max meyer bo47 rouge brun de 3l"
2,"max meyer bo59 rouge lumineux de 3l"
2,"bo78 bleu profond"
2,"max meyer bo80 regulateur de flop 3l"
2,"bo81 incolore p tr couche"
2,"bo82 alu lenticulaire gros"
2,"bo94 jet black"
2,"tc10 blanc"
2,"sbx3 xiralic 0 5l"
2,"sbx4 xiralic 0 5l"
2,"sbx5 xiralic"
2,"max meyer sbx7 bleu galaxie de 0 5"
2,"xiralic sbx9 0 5l"
2,"new baleno glx bvm"
2,"new swift gl ags"
2,"new swift gl mt bvm"
2,"new swift glx bva"
2,"new swift glx ags slda"
2,"new swift glx a slda dual tone"
2,"new swift glx bvm"
2,"new swift glx m slda"
2,"new swift glx m slda dual tone"
2,"new swift glx bva pack"
2,"new swift glx bvm pack"
2,"produit nettoyage voiture"
2,"new celerio amt 6ab"
2,"new celerio gl 1 0l ags essence"
2,"new celerio gl pop 1 0l bvm essence"
2,"new celerio pop gl 1 0l bvm essence 6ab"
2,"new dzire gl mt"
2,"new dzire gl cvt"
2,"new dzire glx cvt"
2,"new dzire glx mt"
2,"new ertiga sport exterior kit"
2,"new vitara glx sr 1 4l bva 4x2"
2,"nettoyant tableaux de bord new car carlux 500ml"
2,"oliui"
2,"jeux de patins"
2,"paire chaussures de securite le mans"
2,"papier en tete"
2,"papier facture"
2,"partner"
2,"porte carte de voiture"
2,"para choc ar hyndai"
2,"para choc av hyndai"
2,"porte cle"
2,"perforatrice"
2,"pochette joint corps filtre"
2,"raccord d entree"
2,"pompe assiste partn nm"
2,"flexible assistee"
2,"roue tole 5 50 j14 h24 24"
2,"serrure porte ar inf partne"
2,"poigne de porte ar dt partn"
2,"cache filtre a huile"
2,"liquide de frein dot 4 0 450l"
2,"calandre complet"
2,"jeux de baguette av d"
2,"plaque showroom"
2,"pneu continentale"
2,"produits non pulverisables"
2,"pochette florissant"
2,"porte document"
2,"poste radio cam vitara"
2,"poste radio vitara"
2,"pp001"
2,"mastic polyester 1 5k"
2,"vernis mat 1l"
2,"d8125 vernis hs 5l"
2,"ppg vernis uhs 5l"
2,"ppg plastic primer 1l"
2,"ppg durcisseur hs rapide 1l"
2,"d8263 durcisseur hs 0 5l"
2,"durcisseur hs pour vernis d8125"
2,"ppg durcisseur uhs 0 5l"
2,"degraissant anticilicone 1l"
2,"degressant antiselicone"
2,"ppg degressant hydro 5l"
2,"ppg bombe primaire 1k blanc"
2,"bombe primaire 1k gris clair"
2,"bombe primaire 1k gris fonce"
2,"thinner support plastique"
2,"ppg degressant solvant 5l"
2,"ppg dp 4000 appret mouillet blanc 1l"
2,"ppg dp4000 appret mouillet gris 1l"
2,"ppg dp4000 appret mouillet g f 1l"
2,"dp5000 2k primer white g1"
2,"dp5000 2k primer grey"
2,"dp5000 2k primer dark g7"
2,"ppg dp6000 appret garnissant blanc rapide 1l"
2,"ppg dp6000 appret garnissant gris rapide 3l"
2,"ppg dp6000 appret garnissant g f 1l"
2,"ppg diluant uhs standart 1l"
2,"ppg diluant uhs lent 1l"
2,"rouge eclat 0 5l"
2,"base peinture rouge ppg"
2,"ppg t402 0 5"
2,"fantaisie violette 0 25l"
2,"ppg t4037 argent de verre 0 25 l"
2,"t4042 special blue"
2,"ppg t4042 e0 5"
2,"base peinture noir ppg"
2,"base peinture jaune ppg"
2,"t4281 solid yellow 0 5l"
2,"ppg t4321 jaune hc 0 5l"
2,"ppg t4341 e0 5"
2,"ppg t435 rouge saumon 1l"
2,"oxyde rouge de nuancage 0 5l"
2,"ppg t443 violet 1l"
2,"magenta transparent 0 5l"
2,"russet 1l"
2,"perle bleu 1l"
2,"perle jaune 0 5l"
2,"violet perl"
2,"t492hi performance additive 1lt"
2,"diluant a l eau t494 2l"
2,"envirobase eau deionisse"
2,"ppg t495 dimuant lent de 2 5l"
2,"t510 convertisseur compartiment moteur 1lt"
2,"poignee laterale d partner"
2,"prefiltre a poche blowtherme"
2,"kit acc premium style"
2,"p boue avg part"
2,"pros"
2,"antigravillon noir 1l"
2,"r 134 a"
2,"bobine papier tpe"
2,"r t p e"
2,"retrovisseur"
2,"recharge cartes jetables"
2,"registre arrive"
2,"regle"
2,"remove all cement"
2,"restauration"
2,"direc partner asiste"
2,"rame papier"
2,"amort avd partner"
2,"filtre pour extracteur avec chassis metalique"
2,"cellule de filtrage 420401"
2,"cellule de filtrage 420408"
2,"fourniture et poste gaine de climatisation"
2,"toc amortisseur m59"
2,"perceuse visseuse 18 v 2 batteries 1 5 ah boite de rangement avec percution"
2,"roulou scotch"
2,"700w 13mm percussion drill"
2,"huile moteur 5l 10w40"
2,"helix 5w30 5l"
2,"service honoraire"
2,"huile moteur 10w40 shell 5l"
2,"huile moteur shell 15w40 20l"
2,"colle parebrise 290 ml"
2,"colle parebrise 300 ml"
2,"teroson bt 46 insonore 50 20"
2,"fil a couper caree 50m"
2,"pistolet manuel sika 300ml"
2,"local polish noir sonax"
2,"pate a polir 1l"
2,"nettoyant injecteurs carburateurs 250 ml"
2,"nettoyant insectes toute surface 500ml"
2,"nettoyant moteur exterieur 500ml"
2,"souris"
2,"sp"
2,"paire gants perfect fit powercoat"
2,"filtre north a1"
2,"masque ffp2 avec valve 5209"
2,"filtre a huile polo 7"
2,"masque otifit m"
2,"filtre ax xl"
2,"paire gants perferct fit powercoat"
2,"paire gants perfect fit polytril 3 4"
2,"support p choc"
2,"support p choc ar"
2,"combinaison mutex 2 taille l xl xxl"
2,"boite de 100 gants dexpure 800 81 taille s m l"
2,"masque ffr2 h910"
2,"prefiltre"
2,"filtre plafond 2 32 20m"
2,"ift filtre pour sol 1 20m"
2,"filtre pour sol 0 75 20m"
2,"glass 2k 20 0 75"
2,"prefiltre 2m 20m"
2,"spresso fl bvm"
2,"masque north hm500 tm"
2,"spirax s2 g 80w90 12x1l"
2,"spiral"
2,"filtre north abek1"
2,"filtre north abek 1"
2,"spresso 1 0l bvm essence"
2,"spresso 1 0l bvm essence fl"
2,"spresso fl ags"
2,"spresso 1 0 l gl pack alu"
2,"spresso 1 0 l gl pack full alu"
2,"stick note"
2,"stylo"
2,"stylo corrcteur"
2,"stylo florissant"
2,"marqueur tableau"
2,"suniso sl 68 huile synthetique 1l"
2,"jeux de charbon"
2,"kit acc sport standard"
2,"swift gl 1 2l bvm essence"
2,"switch d link des 1005c e 5 ports 10 100 mbps"
2,"taxe maitrise energie"
2,"huile moteur 7000 10w40"
2,"chandelle 3ton"
2,"tapis souris"
2,"tapis baleno"
2,"tapis ciaz"
2,"tapis dzire"
2,"tapis ertiga"
2,"tapis sur mesure suzuki jimny"
2,"tapis sur mesure suzuki jimny 5p"
2,"tapis s presso"
2,"tapis swift"
2,"taille crayon"
2,"test"
2,"toner"
2,"transcription privilege"
2,"trombonne p m"
2,"trombonne g m"
2,"combinaison jetable taille xl"
2,"antigravillon gris 1l"
2,"pistolet pour raptor"
2,"sachet durcisseur pour mastic"
2,"standard hardener 500ml"
2,"clearcoat 1l"
2,"kit vernis hs durcisseur clear 1 5l"
2,"degraissant antislicone lent 5l"
2,"plastic primaire bombe 60ml"
2,"mastic pu gris 310ml"
2,"mastic pu noir 310ml"
2,"mastic expert jaune"
2,"balai eg hf45 baleno"
2,"balai eg hf50 swift nm"
2,"balai es 40cm vitara"
2,"balai eg hf35 celerio"
2,"balai eg hf43 dzier"
2,"balai eg hf48 swift nm"
2,"radar de recul avec afficheur simple"
2,"valeo radar de recul"
2,"eau radiateur valeo 5l"
2,"bat varta a14"
2,"bat vatra b 18 44ah 440a 207 175 175 l1"
2,"bat varta b19 45ah 400a 207 175 190 l1"
2,"bat varta a13 40ah 330a"
2,"batterie varta a9"
2,"vd200"
2,"vd8125"
2,"vd8131"
2,"vernis durcisseurs apprets"
2,"ventilateur cache"
2,"vetement de travail"
2,"vitara glx sr 1 6l bvm 4x2"
2,"vitara glx sr 1 6 bvm 4 2 pop"
2,"vitara glx sr 1 6l bva 4x4"
2,"vitara glx sr 6at"
2,"supp ail av g metal"
2,"p boue av g"
2,"frais serveur"
2,"pince a ecrou aveugle"
2,"filtre a ess"
2,"base coat 1l"
2,"filtre a 1 secteur avec chassis metallique"
2,"rouleau filtre pour sil 70 20m"
2,"cellule de filtrage pm"
2,"kit acc jante alliage"
2,"64510555"
2,"64537775"
2,"64221697"
2,"64313891"
2,"64348667"
2,"64210923"
2,"64219137"
2,"64179310"
2,"64337474"
2,"64501168"
2,"64214525"
2,"64365370"
2,"64372728"
1,"bolt gsx r600 k6"
1,"bolt rs413"
1,"bolt amf310"
1,"screw rs413"
1,"screw fuel box"
1,"screw akk416"
1,"screw gsx r600 k6 a5b"
1,"pin cylinder head dowel"
1,"ecrou collecteur echappement"
1,"nut rs413 jb420w"
1,"circlips roulement de roue"
1,"key"
1,"bolt 8x9 5"
1,"bolt diff case"
1,"bolt 10x18 5"
1,"bolt 12x90"
1,"bolt t fknob"
1,"boulon de fixation pommeau"
1,"bolt 8x20"
1,"bolt spindle"
1,"bolt 12x38"
1,"tool wheel hanger"
1,"boulon de siege av"
1,"screw 6x16"
1,"screw an650"
1,"screw 6x25"
1,"screw fr bumper lower"
1,"nut front grille"
1,"nut rs413"
1,"nut drive shaft"
1,"washer rr shk abs lower rs413"
1,"washer 35x46x0 8"
1,"washer 35x46x0 7"
1,"washer 35x46x0 6"
1,"gasket 14x20x15"
1,"gasketoil drain plug"
1,"spacer 12x16x64 5"
1,"pin 8x23"
1,"pin spring 3x10"
1,"pin dowel"
1,"epingle culasse"
1,"pastille"
1,"plug t m oil"
1,"plug t m oil drain"
1,"plug m18 rw416f"
1,"bouchon diametre exterieur"
1,"bearing 20x52x15"
1,"bearing 25x52x15"
1,"bearing countershaft fr"
1,"bearing t m output shaft rr"
1,"roulement 30x55x13"
1,"bearing 35x62x14"
1,"roulement 50x80x16"
1,"bearing 15x20x15 8"
1,"bearing 15x42x14 25"
1,"bearing 30x72x20 75"
1,"bearing 35x80x22 75"
1,"bearing rs413 4wd"
1,"bearing 41x68x17 5"
1,"o ring water inlet pipe"
1,"seal oil 46x62x9"
1,"tappet t 3 82"
1,"oil seal 35x52x14"
1,"pare huile 35x62x14"
1,"seal oil 40x72x18 5"
1,"pare huile 42x56x12 9"
1,"pare huile 50x62x7"
1,"pare huile 50x68x7"
1,"seal oil 54x69x7"
1,"seal oil 83x97x7"
1,"pare huile soupape"
1,"cushion injector"
1,"hosewtr rsvr tank cap"
1,"hose 7x11x120"
1,"hoserdtr to rsv tank"
1,"hose 35x75x100"
1,"pipe"
1,"circlip od 20 5"
1,"clip id 11 6"
1,"clip rdtr hose"
1,"collier durite"
1,"clamp release cable front"
1,"clip gray"
1,"clip gsx r750 y"
1,"clip rh416 4"
1,"clip beige"
1,"clip trunk room side trim"
1,"clipfr fender lining"
1,"agraffe"
1,"clip splash guard"
1,"clip side sill splash guard"
1,"bougie d allumage vitara"
1,"bulb 12v 21w akk416"
1,"bulb 12v60w hb3 9005"
1,"bulb 12v 55w h11"
1,"bulb 12v5w"
1,"bulb 12v60w hb3"
1,"lampe plafonnier"
1,"bulb 12v19w"
1,"bulb 12v25w"
1,"lampe led"
1,"lampe optique"
1,"bougies d allumage"
1,"spark plug k16hpr u11"
1,"plug spark ngk kr6a 10"
1,"plug spark ngk ilzkr6q11"
1,"wrench wheel 19 alto exp"
1,"pare huile 40x58x9 8"
1,"lever jack handle yg4 e"
1,"crankshaft pulley"
1,"plastic plier"
1,"stand actuator"
1,"rubber boot installer"
1,"marker monitor calibration"
1,"guide"
1,"guide pins"
1,"ga4 ring nut wrench"
1,"cle de moyeu"
1,"steering wheel"
1,"guide clutch piston assembly"
1,"installer lip seal"
1,"tube o ring alignment tool"
1,"demi bloc moteur k15b"
1,"ciaz half engine"
1,"half engine mt at new swift"
1,"engine assy short k14c"
1,"engine assy short"
1,"engine assy short k15b"
1,"bloc moteur k15b"
1,"pan oil lower"
1,"head assycylinder"
1,"guide valve"
1,"guide soupape"
1,"gasket cylinder head rw416"
1,"gasket cylinder head apk414"
1,"cover cylinder head apk414"
1,"covercylinder head"
1,"joint bougies d allumage"
1,"gasket cyl head cover apk414"
1,"gasket cyl head cover no 1"
1,"gasket cyl head cover no 2"
1,"hose breather apk416"
1,"hose pcv apk416"
1,"hose pcv"
1,"seal pcv valve"
1,"bloc assy cyl"
1,"bloc assy"
1,"gasket df90 115"
1,"plate breather apk414"
1,"plate assy breather"
1,"plaque reniflard"
1,"gasket breather plate apk414"
1,"gorge du corps filtre"
1,"standoil filter"
1,"housing oil seal sn413 typ7 8"
1,"cache pare a huile vilbrequin"
1,"seal 83x97x7"
1,"parehuile vilbrequin"
1,"gasket set engine akk416"
1,"gasket set engine apk414"
1,"gasketsetengine"
1,"pan oil rw azh"
1,"pan oil apk414"
1,"pan oil upper"
1,"carter d huile"
1,"plate oil pan baffle rs413"
1,"crepine"
1,"boulon carter"
1,"plug oil drain"
1,"plug oil drain azg416"
1,"joint carter d huile"
1,"plate oil pan baffle apk414"
1,"adjuster gen belt"
1,"mounting eng rh apk416"
1,"mounting eng"
1,"mounting eng lh apk416"
1,"mounting eng lh akk416"
1,"stiffener eng lh mtg apk416"
1,"bracket eng lh mtg no 2 akk416"
1,"cache support moteur"
1,"mounting comp eng rr"
1,"bracket eng rr mtg no"
1,"bracket compeng rr mtg"
1,"bracket eng rr mt"
1,"rod comp eng rr trq no 1"
1,"rod eng rr trq no 1"
1,"bracket eng rr trq rod apk416"
1,"bracket eng rr trq rod akk416"
1,"bracket engine rod apk416"
1,"rod eng rr trq no 2"
1,"support moteur inferieur"
1,"lampe 12v w21 5w"
1,"bearing set connrod red us0 25 t1 625"
1,"68002m68k00 000"
1,"bearing set connrod green std t1 5"
1,"bearing set connrod non std t1 5"
1,"bearing set connrod yellow std t1 5"
1,"bearing set connrod blue std t1 5"
1,"bearing set connrod us 0 25"
1,"bearing set connrod green"
1,"bearing set connrod black"
1,"bearing set connrod non"
1,"bearing set connrod yellow"
1,"bearing set connrod blue"
1,"bearing set conrod us"
1,"pin piston"
1,"connrodapk414"
1,"bearing setconrod us"
1,"bearing connrod green std t 1 5"
1,"bearing connrod black std t 1 5"
1,"bearing connrod non std t 1 5"
1,"bearing connrod yellow std t 1 5"
1,"bearing connrod blue std t 1 5"
1,"bearing connrod red"
1,"punto 4"
1,"crankshaft trial part"
1,"vilebrequin"
1,"bearing set crank thrust"
1,"bearing set crank thrust us"
1,"bearing crank upr pink std t2 0"
1,"bearing crank upr red pink us0 25 t2 125"
1,"bearing crank upr purple std t2 0"
1,"bearing crank upr red purple us0 25 t2 125"
1,"bearing crank upr brown std t2 0"
1,"bearing crank upr red brown us0 25 t2 125"
1,"bearing crank upr green std t2 0"
1,"bearing crank upr red green us0 25 t2 125"
1,"bearing crank upr black std t2 0"
1,"bearing crank upr red black us0 25 t2 125 white"
1,"bearing cshaft upper us 0 25"
1,"bearing crankshaft upr"
1,"bearing crank upr us 0 25 t 2 125 white"
1,"bearing crankshaft upr pink"
1,"bearing crankshaft upr purple"
1,"bearing crankshaft upr green"
1,"bearing crank lwr pink std t2 0"
1,"bearing crank lwr red pink us0 25 t2 125"
1,"bearing crank lwr red black us0 25 t2 125 white"
1,"s cross"
1,"bearing crank lwr red black us0 25 t2 125"
1,"bearing crank lwr non std t2 0"
1,"bearing crank lwr red us0 25 t2 125"
1,"bearing crank lwr us 0 25 t 2 125 white"
1,"bearing crankshaft lwr pink"
1,"bearing crankshaft lwr purple"
1,"bearing crankshaft lwr"
1,"bearing crank thrust std t 2 5"
1,"roulement manivelle"
1,"bearing crank thrust us us 0 125 t 2 563"
1,"pulley crankshaft"
1,"poulie vilebrequin"
1,"flywheel assy jb419d"
1,"flywheel comp"
1,"roulement volant moteur"
1,"roulement vilbrequin"
1,"sprocket assy camshaft timing"
1,"pignon arbre a cames"
1,"belt timing mpfi"
1,"jettiming chain"
1,"goujon chaine de distribution"
1,"tensioner comp timing belt"
1,"tendeur courroie de distribution"
1,"adjuster tensioner apk414"
1,"adjuster te"
1,"adjusterassy tensioner"
1,"arm valve rocker"
1,"culbuteur de soupape"
1,"tappet t 3 10"
1,"tappet t 3 12"
1,"tappet t 3 14"
1,"tappet t 3 16"
1,"tappet t 3 80"
1,"tappet t 3 84"
1,"tappet t 3 86"
1,"tappet t 3 88"
1,"poussoir"
1,"valve intake apk414"
1,"spring valve"
1,"retainer valve spring"
1,"assiette ressort soupape"
1,"calvette"
1,"clavette demi lune de queue de soupape"
1,"assiette soupape"
1,"para huile soupape"
1,"joint tige de soupape"
1,"manifold intake akk416"
1,"manifold intk"
1,"joint collecteur d echappement"
1,"cover engine apk416"
1,"couvercle moteur"
1,"extensions corps papillon"
1,"pipe comp throttle out"
1,"body thrott"
1,"body throttle apk416"
1,"bodyassy throttle"
1,"body assythrottle"
1,"gasket throttle body rw416"
1,"actuator assy rw416 t3"
1,"actuateur de ralentie"
1,"durite thermostat"
1,"retro gauche golf 6"
1,"retro gauche"
1,"gaz de climatisseur"
1,"cooler inter apk416"
1,"intercooler"
1,"sensor df40 50"
1,"sensor inl air temp df60 70"
1,"sensor water tem jb420w"
1,"sensor water temp"
1,"sensor inlet air temp"
1,"hose inter cooler akk416"
1,"cleaner assy"
1,"boitier filter a air"
1,"cleaner assy air apk416"
1,"cleaner assy air k12 petrol"
1,"braket air filter"
1,"pipe aircleaner suction apk416"
1,"air cleaner apk414"
1,"clip rw416 4"
1,"seal air suct pipe"
1,"joint durit filre a air"
1,"sensor assy maf azg412"
1,"support filtr a air"
1,"joint air inlet pipe"
1,"grommet air intk"
1,"tuyau de cabin filtre a air"
1,"agrafes filtre a air"
1,"gomme boitier filtre a air"
1,"hose air cleaner outlet akk416"
1,"hoseair cleaner outlet"
1,"charger turbo apk414"
1,"turbo"
1,"hose abv inlet apk416"
1,"pipe turbo apk414"
1,"flexible huile turbo"
1,"joint oil drain apk414"
1,"hose turbo oil drain apk414"
1,"gasket oil drain apk414"
1,"protector apk414"
1,"pipe turbo inlet air akk416"
1,"gasket intakeair apk416 a2l414"
1,"pipe turbo outlet air apk416"
1,"pipette turbo"
1,"pipe inter cooler apk416"
1,"pipette inter cooler"
1,"manifold exhaust akk416"
1,"case comp catalyst"
1,"stud bolt exh jb420w"
1,"bolt exh manf stud"
1,"cover comp exh manf akk416"
1,"cover exh manf"
1,"cover comp exh manf"
1,"cover manifold apk414"
1,"plaque de prudence"
1,"plaque prudence"
1,"gasket exh manf"
1,"gasket rw416f"
1,"gasketcomp exhmanf"
1,"gasket turobcharger apk414"
1,"joint turbo"
1,"gasket tc outlet pipe apk414"
1,"joint ligne echappement"
1,"pipe exh no 1 apk416"
1,"tube echappment"
1,"case catalyst"
1,"insulator chamber heat apk416"
1,"cache thermique"
1,"insulator catalyst heat akk416"
1,"insulator muffler heat akk416"
1,"insulator heat"
1,"cache cable frein main"
1,"isolant ligne echappement"
1,"pipe comp exh no 1"
1,"ligne d echappement"
1,"tuyau echappement"
1,"pipe comp exh center"
1,"stiffener exh manf"
1,"stiffener exh manf no 2"
1,"mounting muffler a6b424"
1,"mounting muffler akk416"
1,"muffler akk416"
1,"marmite d echappement"
1,"pipe muffler tail"
1,"sortie echappement"
1,"fuel supply module apk414"
1,"pump assy fu"
1,"pump set fuel"
1,"pump fuel high pressure apk414"
1,"filter rm413d rb413d rs413d"
1,"filtre a gasoile"
1,"o ring rb413d rm413d"
1,"injector akk"
1,"injector fuel apk414"
1,"injector assyfuel"
1,"clipfuel injector"
1,"cerclip injecteur"
1,"pipe fuel del akk416"
1,"pipe fuel delivery"
1,"pipe fuel feed apk416"
1,"tube essence"
1,"pipefuel"
1,"pipe fuel pump to pipe akk416"
1,"pipe fuel pump to pipe"
1,"pipe fuel fltr to pipe"
1,"durit carburant"
1,"hose fuel apk416"
1,"collier conduite de carburant"
1,"charniere de porte av b"
1,"pump oil akk416"
1,"pump oil apk414"
1,"pump assyoil"
1,"o ring oil pump case"
1,"o ring coolant akk416"
1,"o ring ovc apk414"
1,"o ring oil control valve"
1,"o ring ocv"
1,"cache anti brouillard"
1,"pipe oil gallery"
1,"conduite canalisation d huile"
1,"o ring oil pipe rm413"
1,"joint conduite d huile"
1,"valve set oil pump relief"
1,"valve de decharge pompe a huile"
1,"pipe oil gallery no 2 rm413"
1,"tube a huile"
1,"pipe oil gallery no 3 rm413"
1,"pare choc ar nemo"
1,"feu arg nemo"
1,"optique av d"
1,"pneu 165 70r14 tl av g"
1,"tire 165 80r14"
1,"filter assy oil denso"
1,"strainer oil pump akk416"
1,"strainer assy oil azg412"
1,"strainer comp oil pump"
1,"case oil filter adapter"
1,"case oil filter rw416"
1,"corps filtre a huile"
1,"gasket oil adapter rw416"
1,"joint support filtre a huile"
1,"valve oil control rm413"
1,"valve comp oil control"
1,"gasket ocv"
1,"sensor oil temp avk310"
1,"capteur temp d huile"
1,"sensor comp oil temp"
1,"capteur temperature d huile"
1,"sensor oil pressure"
1,"capteur pression d huile"
1,"cooler oil apk414"
1,"gasket oil cooler apk414"
1,"geauge d huile"
1,"gauge oil level rw416"
1,"gauge oil level apk414"
1,"cable dlc"
1,"cable usb to 10ft hd"
1,"fan engine cooling apk414"
1,"fan assy cooling"
1,"blower assy w shroud"
1,"fan assy engine clg"
1,"fan cooling akk apk416"
1,"fan assy apk41"
1,"motor assy cooling fan apk41"
1,"motor fan"
1,"screw rw420d"
1,"ecrou moteur ventilateur"
1,"screw assy"
1,"nut cooling fan"
1,"cover radiator r"
1,"cover radiator l"
1,"pump set water rm413 rw416"
1,"pump water azg412 t3"
1,"water assy pump"
1,"water pump"
1,"gasket water pump"
1,"joint pompe a eau"
1,"tire 175 55 r15"
1,"pulley water pump jb416x"
1,"belt water p"
1,"belt water pump apk416"
1,"belt water pump 5pk835"
1,"belt water pump 5pk913"
1,"belt generator"
1,"pulley belt tensioner akk416"
1,"poulie tendeur courroie alternateur"
1,"poulie tendeur courroie"
1,"cap water pump inlet"
1,"gasket water pump inlet cap"
1,"cap water thermostat rw416"
1,"cap wtr thermo apk416"
1,"pipet d eau"
1,"cap comp water outlet"
1,"thermostat comp wtr"
1,"thermostat gsx r600 750 k4"
1,"thermostat water akk416"
1,"thermostat comp"
1,"thermostat comp wtr 82 deg"
1,"thermostat cap water 88 zen e"
1,"case comp thermostat rw416"
1,"case thermo apk414"
1,"gasket water outlet rw416"
1,"o ring thermo case azt412 3"
1,"o ring thermo case apk414"
1,"o ring thermo case"
1,"radiator apk416"
1,"radiator akk416 5mt e24 e71"
1,"radiatorassy"
1,"valve drain"
1,"support ventillateur"
1,"shroud comp fan"
1,"shroud"
1,"baguette radiateure"
1,"seal radiator no 3 akk416"
1,"baguette radiateur"
1,"mount radiator supp up rh416 4"
1,"support radiateur sup"
1,"bushing radiator support"
1,"pipe wtr inlet apk416"
1,"pipe water i"
1,"pipe comp water outlet"
1,"pipe water inlet apk416"
1,"hose radiator inlet akk416"
1,"durite de radiateur inf"
1,"durite de radiateur supp"
1,"durit d eau"
1,"durite eau"
1,"durite radiateur sup"
1,"hose radiato"
1,"hose water pump inlet"
1,"durite pompe a eau"
1,"durite radiateur 1"
1,"bracket radiator sup upp"
1,"bracket radiator support"
1,"hose head to tc apk416"
1,"hose tc to inlet pipe apk416"
1,"union heater"
1,"raccord de chauffage"
1,"hose heater inlet"
1,"hose heater outlet apk416"
1,"hose heater outlet"
1,"hose heater inlet no 2"
1,"mount radiat"
1,"joint support radiateur"
1,"mount radiator support lower"
1,"mount radiator support lowe"
1,"support radiateur bar"
1,"mounting rdtr support lower"
1,"support radiateur bas"
1,"support de montage radiateur"
1,"mounting rdtr support upper"
1,"mountradiator support upper"
1,"tuyau d eau"
1,"neck wtr filler apk416"
1,"tube de refroidissement"
1,"cap rw416 t1 t2"
1,"tank assy water reserve"
1,"reservoir d eau"
1,"tank water reserve apk416"
1,"tank water r"
1,"cap water tank rs413 jb420w"
1,"cap waterreservertank"
1,"rubber water rsv"
1,"joint de bouchon"
1,"rubber water tank apk416"
1,"joint de bouchon vas d eau"
1,"hose rdtr to rsv tank apk416"
1,"hose rdtr to rsv tank akk416"
1,"durite reservoir d eau"
1,"hose rdtr to rsvr tank"
1,"body set check valve"
1,"jig set vp"
1,"valve duty for purge azg412 t3"
1,"valve abv conty sx306"
1,"valve assy duty for purge"
1,"cover egr valve"
1,"valve wastegate apk414"
1,"valve pcv apk414"
1,"valve air bypass a1k310"
1,"pump vacuum apk414"
1,"sensor oxyge"
1,"sensor oxigen apk414"
1,"sensor oxygenrr"
1,"sensor a f"
1,"sensor oxygen rear"
1,"bracket oxygen sensor apk416"
1,"pipeevap"
1,"durite purge"
1,"pneu 185 55r16 av g"
1,"pipe comp egr"
1,"pipecomp egr"
1,"durite egr"
1,"bracket egr cooler"
1,"plug glow rw420d"
1,"canister azg412"
1,"canister rs413 t3 4"
1,"canistercomp"
1,"canister comp e3"
1,"bracket canister akk416"
1,"support canister"
1,"bracket comp canister lh"
1,"support cartouche g"
1,"bracket canister"
1,"support cartouche"
1,"cache canister"
1,"sensor map azg412"
1,"sensor assy pressure"
1,"capteur de cliquetis"
1,"capteur de choc"
1,"capteur de chock"
1,"cooler egr"
1,"gasket egr cooler"
1,"support erustar g gravure"
1,"tire 195 r 15"
1,"pneu 195r15"
1,"lampe12v"
1,"lampe 12v 12065cp"
1,"lampe 12v"
1,"boite vitesse auto"
1,"boite vitesse cvt"
1,"transmission assy swift pet"
1,"transmission assy"
1,"boite vitesse manuelle"
1,"yp8mc14 pet tm abs"
1,"marteau rivoir"
1,"shaft set front drive r"
1,"cardan d"
1,"kit embrayage celerio"
1,"cover assy clutch akk416"
1,"cover assyclutch"
1,"plateau"
1,"disc clutch akk416"
1,"disccomp clutch"
1,"flange t c drive plate front"
1,"plate comp t c drive"
1,"plate tc drive rear"
1,"converter comp torque"
1,"motor set oil pump"
1,"accumulator"
1,"accumulateur"
1,"seal oil pump oil"
1,"pare huile pompe a huile"
1,"reservoir huile bv"
1,"pipe oil cooler apk416d"
1,"oring oil tank"
1,"hose oil cooler no1"
1,"durite bv cvt"
1,"hose oil cooler no3"
1,"fork clutch release"
1,"fourchette d embrayage"
1,"clip clutch release fork"
1,"arm clutch release"
1,"bras d embrayage"
1,"boot clutch release fork"
1,"tocs fourchette"
1,"spring release shaft return"
1,"ressort embrayage"
1,"jeu de 3 grattoirs"
1,"cylinder clutch master apk416"
1,"cylinder assyclutch master"
1,"cylinder assy clutch operatin"
1,"pipe clutch oil lh akk416"
1,"durite huile embrayages"
1,"joint clutch oil rw416f"
1,"emetteur d embrayage"
1,"joint clutch oil"
1,"bracket clutch oil hose"
1,"support durite huile embrayage"
1,"clamp rs413 415"
1,"cap clutch cable joint lock"
1,"engrenage de 5e vitesse de l arbre primaire"
1,"bearing input shaft right"
1,"bearing assycountershaft l"
1,"pignon arbre d entree 3eme"
1,"gear comp input shaft 3rd"
1,"bearing 3rd 4th gear ndl"
1,"roulement3eme et 4eme vitesse"
1,"bearing 3rd gear needle"
1,"roulement 3eme"
1,"bearing 4th gear needle"
1,"bearing 5th gear ndl"
1,"bearing 5thgearneedle"
1,"bearing 5th gear needle"
1,"roulement bv"
1,"gear comp countershaft 2nd"
1,"synchro 2 eme vitesse"
1,"spacer 3rd 4th gear"
1,"entretoise 3eme et 4eme vitesse"
1,"engrenage 5eme vitesse"
1,"bearing 1st needle"
1,"bearing 1stgearndl"
1,"bearing 2ndgearndl"
1,"anneau de contre arbre"
1,"circlip countershaft brg r"
1,"circlip d arbre intermediaire"
1,"circlip ctshft 5th gr t2 30"
1,"circlip arbre de contre 5eme vitesse t2 30"
1,"circlip ctshft 5th gr t2 35"
1,"circlip arbre de contre 5eme vitesse t2 35"
1,"circlip ctshft 5th gr t2 40"
1,"circlip arbre de contre 5eme vitesse t2 40"
1,"circlip ctshft 5th gr t2 15"
1,"circlip arbre de contre 5eme vitesse t2 15"
1,"circlip ctshft 5th gr t2 20"
1,"circlip arbre de contre 5eme vitesse t2 20"
1,"circlip ctshft 5th gr t2 25"
1,"circlip arbre de contre 5eme vitesse t2 25"
1,"circlip roulement d arbre de comptage"
1,"moyeu sync 2 eme vitesse"
1,"synchronisation de la vitesse"
1,"synchronisation de la vitesse du moyeu"
1,"ring comp 2nd gear sync"
1,"hub assyhigh speed sync"
1,"hub low speed sync"
1,"hub high speed sync"
1,"moyeu synchroniseur haute vitesse"
1,"hub 5th speed sync"
1,"plaque 5eme moyeu de synchronisation"
1,"sleeve low speed sync"
1,"manchon de synchronisation bas vitesse"
1,"sleeve high speed sync"
1,"sleeve 5th speed sync"
1,"manchon de synchro 5eme vitesse"
1,"ring assy 1st 2nd gear sync"
1,"ring assy 2nd gear sync"
1,"anneau de synchro 2eme vitesse"
1,"ring assy low gear sync"
1,"ring 1st gear sync"
1,"ring 1stgearsync"
1,"ring high speed gear sync"
1,"ring synchroniseur de vitesse"
1,"ring 5th gear sync"
1,"anneau de synchronisation 5eme vitesse"
1,"ring 5thgearsync"
1,"spring sync ring low"
1,"circlip moyeu synchro bas vitesse"
1,"key synchronizer"
1,"cle synchroniseur"
1,"case transaxle r"
1,"corp boite de vitesse"
1,"case transmission right"
1,"plug set drain no 1"
1,"carter de boite de vitesses g"
1,"plug set drain no 2"
1,"plug transaxle case"
1,"bouchon boite vitesse"
1,"cover comp transaxle side"
1,"sensor speed"
1,"joint carter boite vitesse"
1,"cartere huile boite vitesse"
1,"hose assy t m breather"
1,"tuyau"
1,"tube comp t m oil filler"
1,"tube remplissage huile"
1,"cooler oil apk416"
1,"refroidisseur d huile"
1,"seal extension case oil"
1,"gasket drain plug"
1,"joint cartere boite de vitesse"
1,"joint de carter"
1,"plug t m oil check"
1,"bouchon carter boite vitesse"
1,"gauge assy t m oil level"
1,"jague huil carter"
1,"gauge comp t m oil level"
1,"bolt t m oil pan"
1,"harness solenoid wire"
1,"cooler comp cvt oil"
1,"ball"
1,"bearing thrust ndl no 1"
1,"shaft assygear shift select"
1,"shaft assy gear shift se"
1,"lever s assy reverse shift"
1,"bague de levier vitesse"
1,"fork assy low speed gear shift"
1,"fork assy high speed gr shift"
1,"fourchette de haute vitesses"
1,"fork assy 5th rev gear shift"
1,"fourchette 5eme vitesse"
1,"locating revshift"
1,"pin de fourchette"
1,"radiateur rio"
1,"socle ventulateur rio"
1,"moteur ventulateur"
1,"shaft comp low speed gear shf"
1,"shaft comp high spd gear"
1,"shaft comp high speed gear shf"
1,"shaft low speed gear shf"
1,"o ring guide case"
1,"boitier guide joint torique"
1,"p c av 5p diesel 10 00"
1,"phare avd h4regle electr"
1,"gasket valve body"
1,"o ring connector"
1,"connector valve body"
1,"sensor speed output apk416"
1,"sensor input speed"
1,"sensor speed input"
1,"gear transfer counter"
1,"gear output low"
1,"piston setclutch actuat"
1,"anchor set clutch actuator"
1,"piston d embrayage"
1,"boot clutch actuator"
1,"strainer assy oil"
1,"spacer t f output"
1,"body assy t m valve"
1,"convertisseur boite vitesse"
1,"o ring strainer"
1,"joint crepine"
1,"strainer t m oil"
1,"shaft propeller apk416"
1,"shaft propeller apk"
1,"shaftassy propellerno 1"
1,"shaftassy propellerno 2"
1,"shaft assy rear propeller"
1,"shaftassy propellerno 3"
1,"jointset universal"
1,"engrenage differentiel"
1,"shaft diff pinion"
1,"arbre pont differentiel av"
1,"shaft diff pinion no 1"
1,"shaft diff pinion no 2"
1,"joint diff pinion shaft"
1,"case diff l"
1,"boitier pont av g"
1,"case diff r"
1,"boitier pont av r"
1,"seal differential side rh"
1,"pare a huile differentiel d"
1,"seal diff side oil rw416 t3"
1,"seal differential side lh"
1,"pare a huile differentiel g"
1,"differentiel"
1,"shim diff side t 245"
1,"bague differentiel"
1,"jeu de cale roulement lat differentiel"
1,"bague ext du roulement"
1,"race taper roller apk416"
1,"roullement"
1,"pignon boite vitesse"
1,"roullment boite vitesse"
1,"mount different rear akk416"
1,"coupling rr drive rw416"
1,"arbre ensemble"
1,"arbre intermediaire d entrainement"
1,"bearing drive intermedi"
1,"roullment"
1,"valve vacuum switch"
1,"bouchant"
1,"set cable assy"
1,"cable vitesse"
1,"selector assymanual"
1,"lever comp gear shift control"
1,"levuer de vitesse"
1,"pommeau de levier de vitesse"
1,"knob grshfcontlever chrome"
1,"knob gr shf cont lever chrome"
1,"knob sub assy shift lever"
1,"soufflet levier de vitesses"
1,"cuire levier"
1,"boot compshift lever"
1,"boot gearshfleverno 3"
1,"soufflet levier de vitesse"
1,"indicator select lever"
1,"plate guide"
1,"plate positionakk416"
1,"indicateur selecteur"
1,"cover upr"
1,"cap shift lock release"
1,"bouchon levier boite auto"
1,"capuchon de verrouillage"
1,"cable select apk416"
1,"rod comp manual select"
1,"tige selection de vitesse"
1,"cable shift select cont apk416"
1,"cable assy gear shift control"
1,"cable assy gear select control"
1,"cable comp key interlock"
1,"cable de vitesse"
1,"pignon engrenage de reduction"
1,"shaft t f input"
1,"set transfer chain"
1,"chaine distribution"
1,"chain fr drive"
1,"sleeve hub"
1,"gear output"
1,"key sync"
1,"ring sync no 3"
1,"spring key"
1,"sleeve reduction clutch"
1,"hub fr drive clutch"
1,"shaft t f output rr"
1,"shaft t f output fr"
1,"damper assy dynamic"
1,"boot comp t f gear shf lever"
1,"souflet levier de vitesse"
1,"lever t f gear shift cont"
1,"levier vitesse"
1,"body comp t f gear shift knob"
1,"pommeau levier de vitesse"
1,"mount differential apk416"
1,"mounting comp t f"
1,"sensor assy t f oil a6b424 4wd"
1,"bracket diff mount apk416"
1,"bracket t f mounting l"
1,"support boite de transfert g"
1,"bracket t f mounting r"
1,"support boite de transfert d"
1,"arm diff mount apk412"
1,"ring snap"
1,"plug oilfiller"
1,"bouchon de remplissage"
1,"ecroue"
1,"circlip t f input shaft brg"
1,"demarreur pop"
1,"motor assystarting"
1,"brush assy rs413"
1,"porte charbon demarreur"
1,"holder assy brush"
1,"brush gear assy"
1,"switchassy"
1,"switch assy strg motor dil"
1,"solenoid assy"
1,"generator akk414"
1,"generator as"
1,"rectifier bridge assy"
1,"pont redresseur alternateur"
1,"holder sub assy brush rh416 4"
1,"insulator generator assy"
1,"regulator assy with brushes"
1,"regulator assy with brushs"
1,"sensor assy cam angle"
1,"capteur de postion d arbre"
1,"capteur vilebrequin"
1,"sensor cam sn rw azh"
1,"sensor crank angle rw420d"
1,"sensor rw420d 3"
1,"sensor cmp jb420w t4 7"
1,"sensor crank pos akk414 2"
1,"sensor cam position apk414"
1,"sensor assy cmp sensor"
1,"sensor assy cam position"
1,"capteur arbre a camme"
1,"sensor assy ckp"
1,"coil igniti"
1,"coil ignition apk416"
1,"converter assy dc dc"
1,"controller gateway apk"
1,"controller idle stop apk416"
1,"cable battery akk416"
1,"cable battery ground"
1,"cable batterie gnd"
1,"engine ecu apk414"
1,"base assy epi cont akk416"
1,"controller fuel injection"
1,"calculateur ensemble epi ecm"
1,"controller injection air con"
1,"calculateur ensemble"
1,"case diesel eng cont"
1,"wire immobilizer"
1,"cable de demarrage"
1,"speedometer assy kilo"
1,"verre combine d instrument"
1,"compteur"
1,"glass speedometer apk416"
1,"ecran tableau de bord"
1,"jauge"
1,"sensor assy speed"
1,"phare d h4"
1,"phare d swift"
1,"unit assy rh lhd"
1,"unitheadlamp rh"
1,"unit headlamp"
1,"grommet rear comb lamp jb420w"
1,"grommet rear comb lamp upper"
1,"agrafe feu ar"
1,"wire assy"
1,"support lampe"
1,"cover socket jb420w gsx r1000"
1,"phare avg led"
1,"phare g swift"
1,"unit assy lh lhd"
1,"lamp fog and drl apk416"
1,"antibrouillard d h11"
1,"lampassy fog r"
1,"lamp assy fog r"
1,"bracket fog lamp r apk"
1,"bracket drl r apk416"
1,"bracket fog lamp l apk"
1,"lamp assy fr turn sig l"
1,"feu de jour"
1,"lamp unit fr turn sig r"
1,"lamp unit fr turn sig lh"
1,"clignotant av g"
1,"lamp unit fr turn sig l"
1,"lamp unit rr comb rh apk"
1,"feu ard"
1,"unit lamp rear comb rh"
1,"lam punit rr comb rh"
1,"lamp assy rr comb rh"
1,"unit rear comb r"
1,"unit rear comb lamp r"
1,"lamp unitrr comb rh"
1,"lamp unit rear comb rh"
1,"lamp unit rr comb r"
1,"cable d ampoule ar d"
1,"wiring harness"
1,"garnish assy back door rh"
1,"garniture feu ar d"
1,"garnish assy backd oor rh"
1,"lamp unit rr comb l"
1,"lamp unit rr comb lh apk"
1,"feu arg"
1,"unit rear comb l"
1,"lamp unit rr com l"
1,"douille d ampoule ar g"
1,"garnish assy back door lh"
1,"garniture feu ar g"
1,"garnish assy backd oor lh"
1,"feu ar g mobile"
1,"lamp assy tail r apk"
1,"feu ar fixe"
1,"lamp assy tail l apk"
1,"unit lamp rear comb lh"
1,"lam punit rr comb lh"
1,"lamp unit rear comb lh"
1,"lamp assy rear comb lh"
1,"lamp high mount not e22"
1,"lamp assyhigh mt stop"
1,"lamp unit high mount stop"
1,"troisieme feu de stop"
1,"cover high mount stop lamp"
1,"cache troisieme feu de stop"
1,"lamp license"
1,"lamp assy w o bulb and socket"
1,"reflector assy rear"
1,"reflector assy rear l"
1,"reflector assyrearl"
1,"reflecteur pare choc arriere gauche"
1,"lamp assy luggage room rw416"
1,"lamp assy trunk room"
1,"lamp unit ap"
1,"feu ar d mobile"
1,"feu mobile ard"
1,"feu mobile"
1,"lamp unit backup rr fog apk"
1,"lamp unit back up apk"
1,"socket cord assy apk"
1,"socket"
1,"feu mobile arg"
1,"lamp assy side turn"
1,"lamp assy turn signal rh"
1,"lamp assy si"
1,"lamp assy side turn sig lh"
1,"lamp assy turn signal lh"
1,"lamp assy turn signal lh smr"
1,"anti brouillard ar"
1,"lamp unit rear fog rs413"
1,"feu de jour led d"
1,"lamp drl ap"
1,"feu de jour led g"
1,"faisceau electrique principal"
1,"faisceau princpale celerio ac"
1,"harness instrument panal"
1,"faisceau interieur"
1,"faisceau principal"
1,"harness engine apk416"
1,"fisseau de cable moteur"
1,"harnes assy engnine"
1,"fasceau principal moteur celerio ac"
1,"bracket battery ground"
1,"wire comp a b"
1,"cover btry terminal akk416"
1,"cover btry terminal"
1,"cache causse battrie"
1,"boite a fusible"
1,"cover relay box apk416"
1,"fuse battery akk416"
1,"fusible batterie"
1,"calculateur bem"
1,"controller assy body electric"
1,"wire park sensor apk416"
1,"faisceau de toit"
1,"wire comp rr bumper"
1,"fisseau ar"
1,"cablage capteur de recule"
1,"faisceau instrument int"
1,"faisceau electrique tableau de bord"
1,"cover park snsr harness rr"
1,"lock set fr door rh"
1,"lock auto steering apk416"
1,"jeux de clef"
1,"serrure volant"
1,"key blank a"
1,"key blanking"
1,"clef"
1,"key blank w o push start"
1,"capteure de temperature"
1,"controller assy keyless apk416"
1,"controller assy keyless"
1,"remocon assy keyless apk41"
1,"remocon assy kl"
1,"remcon keyless start"
1,"remocon keyless start"
1,"remocon assykls"
1,"antenna assy kls door"
1,"antenna kls luggage apk416"
1,"antenna assy kls inside"
1,"antenne fermetur centrale"
1,"antenna assy kls back doo"
1,"antenna assy kls luggage"
1,"interrupteur malle ar"
1,"bouton ouverture male arrire"
1,"switch back door akk416"
1,"switche malle ar"
1,"switch assy transmitter"
1,"commande clef fermeture centrale"
1,"switch lighting turn akk416"
1,"switch ligh"
1,"switch assy lighting turn1"
1,"switch front fog azg416"
1,"boulon anti brouillard"
1,"switcher anti brouillard"
1,"cap option sw hole"
1,"bouchon bouton d option"
1,"switch assyengine start"
1,"switch wipe"
1,"switch assy wiper washe"
1,"sensor assy rain light akk416"
1,"capteure de pluie"
1,"switch assy head up display"
1,"cable spirale volant"
1,"switch assyhazard warning bl"
1,"bouton feu de detresse"
1,"switch assy hazard a b black"
1,"commutateur"
1,"switch assy hazard security"
1,"sensor assy angle azg412t3"
1,"switch assy audio black"
1,"switch assy audio"
1,"contact coil"
1,"cable contact coil akk apk"
1,"setcontact coil sas"
1,"switch assy hands free"
1,"commutateur mains libres"
1,"switch esp off akk416"
1,"switch esp off azg412 akk416"
1,"switchassy backup"
1,"switch door akk416"
1,"switch assy door"
1,"capteur de position"
1,"switch assy shift"
1,"controller park snsr apk"
1,"sensor assy park silver"
1,"bracket park snsr black"
1,"bracket park snsr corner"
1,"cache capteur"
1,"sensor stop lamp atk412"
1,"capteur feu de freinage"
1,"capteur feu de stop"
1,"contacteur feu de stop"
1,"contacteur de stop"
1,"switch park snsr akk416"
1,"switch assy park snsr"
1,"bouton capteur parking"
1,"switcher radar de recule"
1,"switch id stop off akk416"
1,"switcher identefication"
1,"switch 4wd select akk416"
1,"switcher 4wd"
1,"switch oil pressure apk414"
1,"switch assy parking bk alto ex"
1,"commande frien a main"
1,"switch assy mirror a6b424"
1,"switch p w apk416"
1,"switch assy p w and hazard"
1,"switch assypower window ma"
1,"switch assy power akk416"
1,"wiper assy windshield apk416"
1,"motor assy wiper"
1,"cache baguette essuie glace"
1,"bouchon bras essuie glace"
1,"cap rear wiper pivot"
1,"cache pivot d essuie glace ar"
1,"arm assy wiper drvr lhd apk416"
1,"bras essuie glace"
1,"porte balai av g"
1,"bras balais essuie glace av"
1,"arm blade assy wiper drvr"
1,"cap wiperpivot dummy"
1,"cache bras essuie glace"
1,"cache essuie glace ar"
1,"cache essuie glace"
1,"arm assy wiper asst lhd apk416"
1,"bras essuie glace av"
1,"porte balai av d"
1,"arm blade assy wiper asst"
1,"blade wiper rw rs"
1,"bladeassy wiper"
1,"blade assy wiper assistant"
1,"blade assy wiper rear"
1,"blade assy wiper lhd"
1,"blade assy wiper drvr"
1,"balai essuie glace av"
1,"blade assy wiper as"
1,"blade assy wiper dr"
1,"inlet set ap"
1,"inlet setwasher with cap"
1,"inlet set with cap"
1,"inlet set washer with cap"
1,"pump assy washer azh412"
1,"motor"
1,"pump assy fr"
1,"pump assy rr"
1,"pump"
1,"motor assy washer"
1,"motor assy washer fr"
1,"reservoir essui glace"
1,"tank assy fr and rr"
1,"tank set washer"
1,"cap washer tank apk416"
1,"cap inlet pipe"
1,"grommet washer pump azh412"
1,"joint vase d eau"
1,"grommet assy"
1,"hose assy"
1,"durite essui glace"
1,"hose rear assy"
1,"buse d eau essuie glasse"
1,"valve 3 sortie"
1,"horn jb420w 7"
1,"horn assy low picthed"
1,"horn assyhigh pitched"
1,"controller leveling apk416"
1,"controller assy auto leveling"
1,"sensor front height"
1,"sensor assy rr height"
1,"capteure de lumiere"
1,"wiper assy rr window apk416"
1,"wiper assy rear window"
1,"wiper assy rear windshiel"
1,"arm assy rear wiper rh416 4"
1,"bras balai d essuie glace"
1,"arm assy wiper rr"
1,"bras balais essuie glace ar"
1,"arm ssy wiper rr"
1,"balai essui glace ar"
1,"blade assy rear wiper"
1,"balais essui glass ar"
1,"balais essui glace ar"
1,"hose assy rr washer bk dr no2"
1,"joint buse d eau essuie glace"
1,"relay main rdtr fan fuel pump"
1,"controller assy at apk416"
1,"module boite vitesse"
1,"calculateur boite de vitesse"
1,"controller active 4wd apk416"
1,"sensor forward akk416"
1,"sensor side a b akk416"
1,"sensorassyforward"
1,"poste tactile"
1,"speaker assy tweeter"
1,"socket usb akk416 apk416"
1,"cable usb akk416"
1,"hose assy headlamp cleanerno2"
1,"nozzle r"
1,"nozzle l"
1,"case assy headlamp cleaner"
1,"base antenna azg412"
1,"support poste radio d"
1,"support poste radio g"
1,"acc socket rm413"
1,"cap acc socket"
1,"panel unit auto a c apk416"
1,"panel unit digital a c"
1,"controller unit autoa c apk416"
1,"lecteur climatronic"
1,"mic assy handsfree"
1,"micro"
1,"mic assy hands free"
1,"radio"
1,"unit navi w o dab russia apk"
1,"slda"
1,"unit assynavi"
1,"antenna assy gps"
1,"camera av"
1,"camera assyback"
1,"cable camera front"
1,"cablage camera av"
1,"controller assy camera"
1,"controleur camera"
1,"ensemble controleureps"
1,"controleur assemblee"
1,"sensor assy side g"
1,"sensor assy side pressure"
1,"feuille a l eau p2000 50 ancien code 09546"
1,"liquide a polir fast cut 1l 1bd"
1,"liquide de lustrage machine 1l 1bd"
1,"mousse alveolee de polissage noir"
1,"216 u rouleau predecoupe p320"
1,"216 u rouleau predecoupe p800"
1,"disque trizac p3000 15 pq"
1,"3m disque 255p 15tr p120 100"
1,"disque 255p 15tr p180 100"
1,"feuille a l eau p200 ancien code 09546"
1,"liquide a polir fast cut 1 l"
1,"disque trizacp 3000"
1,"huile moteur 5w30 1l"
1,"spring fr coil"
1,"ressort boudin av"
1,"seat rearcoilspring"
1,"support resort ammortisseur"
1,"seat coil spring"
1,"siege ammortisseur"
1,"seat front spring lower"
1,"seat fr spring upr"
1,"siege ressort d ammortisseur av"
1,"seat compfr spring upper"
1,"support toc ammortisseur"
1,"seat spring"
1,"support ressort g"
1,"ressort boudin ar"
1,"springrear coil"
1,"ressot boudin"
1,"seat rr spring lwr"
1,"support boudin"
1,"seatrear spring lower"
1,"seat rr spring rw416f azg416"
1,"u bolt fr spring l"
1,"support ressort av g"
1,"u bolt fr spring r"
1,"u bolt fr spring inr r"
1,"pin shackle"
1,"strut front"
1,"strut set front spnsn rh"
1,"strut assy front suspension r"
1,"strut assy front suspension l"
1,"bushing shock absorber rubber"
1,"douille d amortisseur"
1,"washer shock absorber"
1,"rondelle amortiseur av"
1,"support fr strut akk416"
1,"stopper front strut rs413"
1,"assiette sup amortisseur av"
1,"toc amortisseur d"
1,"stopper front strut rebound"
1,"stopper front strut rebou"
1,"stopper front strut rebo"
1,"toc amortisseur av d"
1,"cap strut rod2"
1,"capuchon tige de renfort"
1,"cap strut rod"
1,"bearing strut"
1,"roulement toc amortisseur"
1,"bearing shock absorber"
1,"bearing front strut akk416"
1,"nut rr shock absorber upr"
1,"boulon amortisseur ar"
1,"cap rear shock absorber"
1,"capuchon amortisseur ar"
1,"stopper bump"
1,"bute fin de course boudin ammortisseur"
1,"stopper fr bump"
1,"bar frstabilizer"
1,"bushing frstabilizermount"
1,"silent bloc barre stabilisatrice"
1,"bracket stabilizerbarmount"
1,"joint stabilizerball"
1,"bielle de suspension av"
1,"mount stabi"
1,"mount stabilizer azh412"
1,"bracket front stabilizer"
1,"bracket fr stabilizer mount"
1,"bolt front stabilizer mount"
1,"wheel al 16x6 1 2j gray"
1,"wheel al 17x6 1 2j gray"
1,"wheel al 17x6 1 2j black apk"
1,"lwheel comp 14x5j"
1,"wheel 14x5j black"
1,"alloy wheel 16 baleno"
1,"wheel alumi 16x6j black"
1,"wheel al silver"
1,"wheel al"
1,"wheel alumi 15x5 1 2j"
1,"wheel comp al 17x6 1 2j"
1,"wheel comp 15x5 1 2j"
1,"alloy wheel 16 ciaz"
1,"alloy wheel 15 swift"
1,"cap assy wheel full silver"
1,"enjoliveur de roue"
1,"cap assywheel full"
1,"enjoliver"
1,"capalwheelcenter"
1,"cap al whell center"
1,"capal wheel center"
1,"cap wheel centre yn4"
1,"nut wheel"
1,"nutwheel"
1,"roue de secours"
1,"moyeu de roue arriere"
1,"discontinued part"
1,"hub wheel azg412"
1,"hub assyfront wheel"
1,"hubassy wheel"
1,"boulon fixation"
1,"hub set fr whl"
1,"hub set fr wheel"
1,"moyeu de roue"
1,"bolt wheel rm413 rs413"
1,"bolt front hub"
1,"goujon de roue"
1,"moyeu de roue av g"
1,"seal fr wheel brg"
1,"bearing front wheel akk416"
1,"bearingfront wheel"
1,"spindle comp fr wheel r"
1,"spindle comp fr wheel l"
1,"bushing fr spindle"
1,"nut fr wheel bearing lock"
1,"washer fr wheel bearing"
1,"ring rr wheel bearing retainer"
1,"ring rr wheel brg rtnr"
1,"drum rr brake"
1,"tambour de frein"
1,"tambour de frien ar d"
1,"parehuile"
1,"protectoroil seal"
1,"boulon de moyeu"
1,"switch comp vacuum"
1,"shaft set rr axle l"
1,"cardan avd"
1,"shaft assyfront drive r"
1,"s haft"
1,"shaft assyfront drive l"
1,"shaft set front drive lh"
1,"joint assy fr axle shaft l"
1,"cardan ard"
1,"shaft assy rr drive r"
1,"shaft assy rear drive r"
1,"cardan arg"
1,"shaft assy rr drive l"
1,"shaft assy rear drive l"
1,"circlip fr axle shaft"
1,"soufflet cardan"
1,"boot serv kit tp joint"
1,"boot set diff side"
1,"boot serv kit c v joint"
1,"washer fr spindle thrust"
1,"tete essieu ar d"
1,"tampon planchier ar"
1,"damper set"
1,"kit cerclips"
1,"knuckle set steering l"
1,"knuckle set steering r"
1,"knuckle strg r"
1,"fusee av d complet"
1,"seal knuckle"
1,"arm steering knuckle r"
1,"retainer knuckle seal"
1,"fuse av g"
1,"fusee de roue av g"
1,"arm steering knuckle l"
1,"triangle av"
1,"arm front su"
1,"arm assyfront suspension r"
1,"arm assy fr suspension r"
1,"arm fr susp"
1,"arm assyfront suspension"
1,"arm assy fr suspension l"
1,"housing comp front axle"
1,"bushing spnsn arm azh412"
1,"silen bloc triangle"
1,"pin assy king"
1,"bolt knuckle seal"
1,"bearing kingpin"
1,"berceau"
1,"frame comp front suspensi"
1,"cover torque rod akk416"
1,"bolt spnsn arm fr bushing"
1,"bracket rear axle r"
1,"bracket rear axle l"
1,"triangle ar"
1,"bushing leading arm body side"
1,"silentbloc bras de suspension"
1,"bushing trailing akk apk416"
1,"silenbloc"
1,"bushing trailing arm"
1,"silent bloc train ar"
1,"bolt rr trailing"
1,"bushing trailing arm axle side"
1,"bushing leading arm axle side"
1,"silenbloc bras de suspension"
1,"beam rear spnsn akk apk416"
1,"beam rear"
1,"beam assy rr spnsn"
1,"beam assy rear assy"
1,"housing rr axle"
1,"housing comp rear axle"
1,"bush fr stabilizer mount"
1,"moyeu ar d"
1,"circlip front wheel"
1,"wheel s assy strg"
1,"wheel s assysteering"
1,"volant ciaz"
1,"volant nv ciaz"
1,"module assy airbag black chr"
1,"module assy air bag"
1,"module assyairbag chrome"
1,"inflator kit"
1,"kit airbag"
1,"column assy colps steering1"
1,"shaft assy strg lwr"
1,"cover assysteering column"
1,"cache colonne de direction"
1,"packing strg gear"
1,"joint colone de direction"
1,"cover strg gear"
1,"couvercle colonne de direction"
1,"mount strg rack side"
1,"mount rh"
1,"support pignon de direction d"
1,"silent bloc cemailliere"
1,"cremaillere"
1,"ensemble mecanisme de direction"
1,"arm pitman"
1,"damperassy strg"
1,"amortisseur de direction"
1,"damper assy strg"
1,"end steering"
1,"end rod rh screw thread"
1,"end steering tie rod"
1,"end steering tie rod kit"
1,"end strg tir rod r"
1,"end strgtirrod l"
1,"rotule de direction g"
1,"bars de direction"
1,"bielle de direction"
1,"rondelle verrou de tige"
1,"rod assy"
1,"rod strg drag"
1,"tensioner pulley rg413"
1,"bolt belt tension pulley"
1,"bolt belt tensio"
1,"boulon poulie tendeur"
1,"pad pedal"
1,"maitre cylindre complet"
1,"mettre cylindre"
1,"hose brake vacuum intake"
1,"hose comp brake vacuum"
1,"hose brake vacuum pump akk416"
1,"cylinder brake master apk416"
1,"cylinderassy brakemaster"
1,"maitre cylindre de frein"
1,"tmc assy"
1,"reservoir brake master apk416"
1,"reservoir huile frein"
1,"bouchon reservoir huile frien"
1,"sensor vacuum akk416"
1,"cap reservoir apk416"
1,"bouchon reservoir d huile"
1,"booster assembly brake master"
1,"valve set check"
1,"pipehutofrbkhoser"
1,"pipe huile frien av d"
1,"tuyau de frein av l"
1,"pipe hu to fr bk hose lh"
1,"tuyau de frien ar d"
1,"tuyaux flexibles de frein ar d"
1,"pipe rr bk hose to rr w c l"
1,"tuyau de frien ar g"
1,"piperr bk hose to rr w c l"
1,"tuyaux flexibles de frein ar g"
1,"hose fr brake flexible r"
1,"flexible de frein av d"
1,"hose fr brake flexible akk416"
1,"flexyble de frein"
1,"hose comp fr brake flexi"
1,"hose comp fr brake flexible2"
1,"hose fr brake flexible l"
1,"flexible de frein av g"
1,"hosecomp rrbrakeflexible r"
1,"washer fr disc flexible hose"
1,"hose rr disc flex rw azg412"
1,"durite de frien"
1,"hosecomp rrbrakeflexible l"
1,"flexible de freinn"
1,"hosecomp bodytoframeflex"
1,"plaque frein ar d"
1,"plate"
1,"plate rr brake lh"
1,"back plate rr brake r"
1,"frein tambour ar d"
1,"back plate rr brake l"
1,"frein tambour ar g"
1,"jeu de machoires"
1,"spring shoe return lwr"
1,"kit shoe hold down rh lh"
1,"pin shoe hold down"
1,"pin de fixation"
1,"spring hold down"
1,"ressort machoire de frein"
1,"retaining hold down"
1,"clip machoire de freins"
1,"cylinder assy rr brake r"
1,"cylinder assy rr brake l"
1,"wheel cylinder assy rear"
1,"levier frein a main"
1,"cable frein de staionnement d"
1,"cable comp parking brake rh"
1,"cable comp parking brake lh"
1,"cable frein ar d"
1,"cable frein ar g"
1,"fredeaux"
1,"caliper fr brake"
1,"etrier de frein ar"
1,"caliper assy fr brake r"
1,"caliper assy front brake r"
1,"caliper assy fr brake l"
1,"caliper assy front brake l"
1,"plug bleeder"
1,"bouchon de purge"
1,"bolt brake caliper"
1,"bushing cylinder slider"
1,"disc frbrake"
1,"disque de frein"
1,"cover brakediscdust"
1,"plate pad support no 1"
1,"plate pad support no 2"
1,"disc front b"
1,"disc front brake akk416"
1,"caliper assy rr brake r"
1,"caliper assy rr brake l"
1,"disc rr bk a"
1,"pad set rea"
1,"pad set azg412 akk416 apk416"
1,"pad set disc"
1,"pad set akk apk"
1,"pad set rm413 415"
1,"pad assy set"
1,"kit pad assy"
1,"boulon d etrier de frein"
1,"pin boot set"
1,"axe eterier de frein av"
1,"pad set rear baleno"
1,"bloc esp"
1,"actuator sub assy"
1,"actuateur abs"
1,"bloc abs"
1,"calculateur abs"
1,"support abs"
1,"bracket abs actuator"
1,"bracket actuator"
1,"capteur vitesse av"
1,"sensor rr wheeel r akk416"
1,"sensor rr wheel rh"
1,"capteur de roue arr"
1,"sensor comp rr wheel r"
1,"harness rr w"
1,"harness comp rr wheel sensor"
1,"harness comprr wheel sensor"
1,"cable abs ar g"
1,"sensor rr wheel l akk416"
1,"sensor rr wheel lh"
1,"sensor comp rr wheel l"
1,"harness rr wheel sensor akk416"
1,"panel fr hood"
1,"pnl comp front hood"
1,"panelcomp fronthood"
1,"panel comp front fender r"
1,"panel front fender r ed coate"
1,"panelfront fenderr"
1,"panel comp front fender l"
1,"panel fr fender l"
1,"panel front fender l ed coate"
1,"panelfront fenderl"
1,"pnl front fender l"
1,"brace lamp support r apk416"
1,"tete plage d"
1,"brace comp lamp support r"
1,"bracket hood cushion r"
1,"brace lamp support l apk416"
1,"tete plage g"
1,"traverse capot"
1,"brace comp lamp support l"
1,"bracket head lamp l"
1,"bracket hood cushion l"
1,"suppport panneau av d"
1,"suppport panneau av g"
1,"support panneau ext av d"
1,"extension traverse capot"
1,"support optique av g"
1,"support panneau ext av g"
1,"extension support optique g"
1,"panel comp front outer"
1,"hinge comp front hood rh"
1,"hinge comp front hood lh"
1,"bracket acc sensor"
1,"support de radar"
1,"renfort p c av"
1,"member fr bumper apk"
1,"member fr bumper upr"
1,"member comp fr bumper upper"
1,"panel fender apron rh"
1,"panel assy fender apron r"
1,"passage de roue av d"
1,"panel apron front rh"
1,"panel compfender apronr"
1,"panel fender apron r"
1,"panel fender apron"
1,"bracket fr fender lwr rh"
1,"bracketsuspension upperr"
1,"extension apron fr r1"
1,"extension fr fender lwr brkt rh"
1,"bracket fr fender lwr r"
1,"bracket frfenderlower r"
1,"bracket front fender upr fr rh"
1,"bracket front fender upr fr"
1,"extension fr fender upr brkt r"
1,"bracketfront fenderr"
1,"bracket suspension upr rh"
1,"support suspension inf d"
1,"extension fr fender upr brkt rh"
1,"extension garde boue d"
1,"support inf aile av d"
1,"support garde boue av inf d"
1,"bracket front fender lwr fr r"
1,"bracket front fender lwr r"
1,"bracket fr fender lower r"
1,"panneau tablier de garde boue g"
1,"panel assy fender apron l"
1,"panel apron front lh"
1,"panelfender apronl"
1,"bracket fr fender lwr lh"
1,"bracketsuspension upperl"
1,"extension apron fr"
1,"garniture passage de roue 1"
1,"extension fr fender lwr brkt lh"
1,"bracket fr fender lwr l"
1,"support aile av g"
1,"support garde boue av superieur av g"
1,"bracketfront fenderl"
1,"garniture passage de roue 2"
1,"charniere capot av g"
1,"bracket comp fr fender lower l"
1,"extension fr fender upr brkt lh"
1,"support inf aile av g"
1,"support garde boue av inf g"
1,"bracket front fender lwr fr l"
1,"bracket front fender lwr l"
1,"bracket front fender upr fr l"
1,"support suspension sup g"
1,"member front side rh1"
1,"member comp front side r"
1,"member apron side r"
1,"tete longeron"
1,"plate apron side member fr rh"
1,"support tete traverse radiateur d 2"
1,"plate apron side mbr fr rh"
1,"garniture lengeron"
1,"support tete traverse radiateur"
1,"member dash lower rh"
1,"bras lengeron"
1,"extension dash lower inner r"
1,"extension tableau de bord interieur d"
1,"member apron side outer rh"
1,"bras passage de roue"
1,"bracketcrossmember fr lwr"
1,"support traverse av inf"
1,"extension dash lower outer r"
1,"extension tableau de bord ar d"
1,"crossmember dash upr rh"
1,"traverse tableau de bord superieur d"
1,"support tete traverse radiateur d 1"
1,"crossmemberdash upperr lh"
1,"traverse de tableau g"
1,"bracket head lamp rh"
1,"bracket head lamp lower r"
1,"bracket head lamp ctr r"
1,"member front side lh1"
1,"panel assy front"
1,"member aprn side l apk akk"
1,"member apron side l"
1,"bracket battery tray"
1,"support boitier de batterie"
1,"bras support lampe g"
1,"plate apron side member fr lh"
1,"tolle longerons g"
1,"garniture longeron"
1,"plate apronsidembrfrlh"
1,"extension apron side mbr lwr"
1,"support tete traverse radiateur g"
1,"extension apron side m"
1,"extension apron side mbr out l"
1,"memberdash lowerl"
1,"membre tableau de bord inferieur g"
1,"extension dash lower inner l"
1,"extension dash lower inner lh"
1,"support g"
1,"member apron side outer lh"
1,"panel aprn side mbr otr lh"
1,"extension cote tablier mbr lwr lh"
1,"extension dash lower outer l"
1,"extension tableau de bord g"
1,"crossmember dash upr lh"
1,"reinf ext apron side upper lh"
1,"crossmember dash upper rh"
1,"traverse de tableau d"
1,"brace towing hook nut rear"
1,"bracket head lamp lh"
1,"bracket head lamp lower l"
1,"bracket head lamp ctr l"
1,"pannean tableau de bord"
1,"panel assy dash side r"
1,"panneau assemblage cote tableau de bord d"
1,"panel dash side rh"
1,"panel compdash sider"
1,"ail tableau de dord d"
1,"panel dash side front r"
1,"panel dash side front rh"
1,"panel pash side front rh"
1,"bracket front fender rh"
1,"support garde boue av d"
1,"support cable serrure capot"
1,"panel dash side fr r"
1,"patch front hood hinge rh"
1,"support durite gicleur"
1,"panel assy dash side l"
1,"panneau assemblage cote tableau de bord g"
1,"paneldash sidel"
1,"aile tableau de bord"
1,"doublure aile av d"
1,"support tole lateral av d"
1,"paneldash side frl"
1,"patch front hood hinge lh"
1,"panneau superieur de capot"
1,"panneau auvent sueperieur"
1,"support garniture moustache d"
1,"support garniture moustache g"
1,"extension hvac bracket"
1,"garniture panneau av"
1,"member comp cowl side outer r"
1,"support ext capot d"
1,"member cowl side outer r"
1,"member cowl side otr rh"
1,"membre cote d auvent exterieur g"
1,"member comp cowl side outer l"
1,"support ext capot g"
1,"membercowl side outerl"
1,"member cowl side otr lh"
1,"panel comp cowl top"
1,"mousstache"
1,"panel comp cowl top outer"
1,"garniture mousstache d"
1,"aile av g berl part"
1,"12623m68k00 roulement"
1,"traverse tableau de bord central"
1,"pan main floor akk apk"
1,"panneau chassis g"
1,"panel comp dash side r"
1,"panneau tableau de bord d"
1,"member floor side rear r"
1,"membre plancher ar d"
1,"member floor side rear l"
1,"membre plancher ar g"
1,"reinf main floor l"
1,"support planchier ar"
1,"panneau tableau de bord g"
1,"planchier central ar"
1,"panel rear floor ctr"
1,"panneau central de plancher ar"
1,"panel rr floor akk416"
1,"extension rr floor side r"
1,"extension rr floor rr side rh"
1,"support planchier ar d"
1,"extension rr floor side l"
1,"tolle de planche ar g"
1,"extension rr floor rr side lh"
1,"member seat support"
1,"traverse de support de siege"
1,"support de roue"
1,"crochet de remorquage ar"
1,"bracketspare tire"
1,"crossmember rr floor 3rd"
1,"support planchier 3eme"
1,"extension comprr floor side r"
1,"support planchier d"
1,"bracket rear seat ctr"
1,"extension comprr floor side l"
1,"extention ar g"
1,"bracket towing hook"
1,"support crochet de remorquage"
1,"bracket muffler hanger"
1,"member comp towing hook rear"
1,"member rr flr ctr"
1,"membre plancher ar"
1,"member comp rr floor side r"
1,"member comp rear floor side r"
1,"panel rr floor"
1,"panneau plancher ar"
1,"panneau cote plancher ar d"
1,"garniture de sol ar d"
1,"member comp tail inner"
1,"member comprr floor side"
1,"member comp rear floor side l"
1,"member rr flr side rr l"
1,"membre cote ar g"
1,"member rr floor side rr l"
1,"membre de sol ar g"
1,"member tail outer"
1,"crossmember rr floor rr"
1,"panneau de planchee"
1,"bras longeron ar"
1,"montant central int"
1,"reinf comp front door hinge r"
1,"reinf fr dr hinge r"
1,"panel ctr pillar inner rh"
1,"renfort de charniere de porte ar g"
1,"panel comp ctr pillar inner r"
1,"panel ctr pillar inner r"
1,"strength comp side sill r"
1,"traverse seuil de porte d"
1,"strength side sill rh"
1,"strength side sill r"
1,"reinf comp ctr pillar r"
1,"reinf rr dr hinge r"
1,"renfort charniere ar d"
1,"panel comp rr wheel hsg otr r"
1,"panel qtr inner fr r"
1,"panel comp qtr inner upper r"
1,"panel qtr inner upper rh"
1,"panneau int sup d aile ar d"
1,"reinf rr seat belt rh"
1,"extension qtr inner upper rh"
1,"extension int sup d aile ar d"
1,"extension qtr inner rh"
1,"panel rr lamp house inner rh"
1,"panneau int de logement de feu ar d"
1,"panel qtr inner rr r"
1,"panel rr quarter inner r"
1,"panneau int ar d"
1,"reinf rr door striker rh"
1,"renfort de gache de porte ar d"
1,"extension interne de passage de roue d"
1,"panneau int de passage de roue d"
1,"panel comp wheel house inner r"
1,"panel wheel house inner r"
1,"extension wheel house inner rh"
1,"extension interne de passage de roue r"
1,"reinf rr wheel house fr rh"
1,"reinf av passage de roue d"
1,"reinf rr wheel house fr r"
1,"renfort passage de roue ar d"
1,"panel comp partition side r"
1,"panel whl hs otr rh"
1,"passsage de roue ard"
1,"panel comp wheel house outer r"
1,"passage de roue ar d"
1,"panneau ext de passage de roue d"
1,"panel rr wheel house outer r"
1,"panel comp fr pillar inner l"
1,"renfort av d"
1,"renfort charniere de porte av g"
1,"reinffront door hingel"
1,"renfort charniere d"
1,"reinf fr pillar upper l"
1,"panel comp ctr pillar inn"
1,"interieur du montant ctr g"
1,"panel comp ctr pillar inner l"
1,"panel ctr pillar inner l"
1,"strength comp side sill l"
1,"strength side sill lh"
1,"reinf compctr pillarl"
1,"strength side sill l"
1,"reinf comp ctr pillar l"
1,"reinf ctr pillar l"
1,"reinf comprear door hingel"
1,"renfort charniere"
1,"panel comp rr wheel hsg otr l"
1,"panel qtr inner fr l"
1,"panel comp qtr inner upper l"
1,"panel quarter inner lh"
1,"panneau int d aile ar g"
1,"reinf rr seat belt lh"
1,"extension qtr inner upper lh"
1,"extension int sup d aile ar g"
1,"extension qtr inner lh"
1,"panel rr lamp house inner lh"
1,"panneau int de logement de feu ar g"
1,"panel qtr inner rr l"
1,"panel rr quarter inner l"
1,"panneau vitre ar g"
1,"reinforcement rr doorsrkr lh"
1,"renfort de gache de porte ar g"
1,"panel qtr inner rear lh"
1,"panneau interieur ar g"
1,"panneau passage de roue interieur g"
1,"panneau int de passage de roue g"
1,"panel compwheel house inner l"
1,"passage de roue ar g int"
1,"panel wheel house inner l"
1,"extension wheel house inner lh"
1,"extension interne de passage de roue g"
1,"reinforcement rr whl hs fr lh"
1,"reinf rr wheel house fr l"
1,"panel comp partition side l"
1,"panneau ext passage de roue g"
1,"panel comp wheel house outer l"
1,"panneau ext de passage de roue g"
1,"panelrr wheel house outerl"
1,"nasdaq silver"
1,"bas de caisse droit"
1,"panel a pillar rh apk416"
1,"panel b pillar rh apk416"
1,"aile ard"
1,"panneau montant d"
1,"quarter rh pnl"
1,"panneau montant lateral d"
1,"montant ctrl lat d"
1,"section laterale d"
1,"panel assy body outer r"
1,"panel assy body outer rh"
1,"panel b plr r"
1,"montant centrale droit"
1,"panel qtr r"
1,"panel a piller rh"
1,"panneau montant av d"
1,"panel b piller rh"
1,"support side body outer r"
1,"panel comp rr lamp house r"
1,"extension lat ext de caisse d"
1,"panneau feu ar d"
1,"panel rr lamp house r"
1,"panneau feu rouge ar"
1,"extension comp side body otr r"
1,"panneau feu rouge ar d"
1,"panneau exterieur du boitier de lampe ar d"
1,"panneau dey ar ext d"
1,"panel comp rr lamp house otr r"
1,"panneau ext de logement de feu ar d"
1,"extension sidebodyapk416"
1,"tole aile ar"
1,"patch side body outer rh"
1,"cover ventilator outlet"
1,"extension side body otr lwr rh"
1,"baguette toit de porte"
1,"boite entree carburant"
1,"lid comp fuel inlet"
1,"couvercle de boite carburant"
1,"holder rr fender splash no 1 r"
1,"holder rr fender splash no 2 r"
1,"panel a pillar lh apk416"
1,"panel b pillar lh apk416"
1,"panel side s"
1,"bas de caisse gauche"
1,"manton av g"
1,"panneau montant av g"
1,"montant av lat g"
1,"64317586"
1,"montant lateral av g"
1,"montant de porte av g"
1,"panel b plr l"
1,"panel a piller l"
1,"panel b piller l"
1,"montant central g"
1,"support side body outer l"
1,"panel comp rr lamp house l"
1,"extension lat ext de caisse g"
1,"panneau feu ar g"
1,"extension comp side body otr l"
1,"panneau exterieur de boite"
1,"panneau ext de logement de feu ar g"
1,"patch side body outer lh"
1,"extension cote corps otr"
1,"drip comp roof side rail l"
1,"baguette toit de porte g"
1,"box fuel filler apk416"
1,"kasaroule porte reservoir"
1,"trappe a carburant"
1,"boite remplissage de carburant"
1,"caisson de trappe de remplissage de carburant"
1,"kasaroul porte reservoire"
1,"olive grey"
1,"prdouits de peinture"
1,"holder rr fender splash no 1 l"
1,"holder rr fender splash no 2 l"
1,"door fuel f"
1,"porte reservoir carburant"
1,"panel roof apk416"
1,"rail comp roof front inner"
1,"garniture de toit ar"
1,"member roof panel ctr no1"
1,"member roof panel ctr no 2"
1,"member roof panel ctr no 3"
1,"member roof panel ctr no 4"
1,"renfort malle ar supp"
1,"panel comp partition"
1,"panel comp rear skirt"
1,"panel rr skirt"
1,"panel rear skirt"
1,"panel back apk416"
1,"traverse ar"
1,"renfort pare choc ar"
1,"renfort pc ar"
1,"absorber rear bumper ctr"
1,"charniere malle d"
1,"charniere malle ar"
1,"bar hinge torsion rh"
1,"bar hinge torsion lh"
1,"panel assy fr door r"
1,"panel assyfr doorr"
1,"panelassy frontdoor l"
1,"porte ard"
1,"panel assy rr door r"
1,"panel assy rr dr l"
1,"pnl assy rear door lh"
1,"panel assy rr door l"
1,"panel assyrr doorl"
1,"panel back door apk"
1,"panel back door"
1,"pnl assy back door"
1,"panel assyback door"
1,"charniere av d h"
1,"hinge comp front door upper r"
1,"charniere de porte av g sup"
1,"charniere av d b"
1,"charniere porte av d inf"
1,"hinge comp front door lower r"
1,"hinge fr doo"
1,"charniere de porte av g inf"
1,"charniere"
1,"charniere de porte ar d"
1,"charniere de porte ar h"
1,"hingerear door upperr"
1,"charniere porte ar g supp"
1,"hinge rear door upper"
1,"charniere supp porte ar"
1,"hinge comp rear door lower r"
1,"charniere inf de porte ar r"
1,"charniere de porte ar inf bas"
1,"hinge comp rear door lower l"
1,"hingerear door lowerl"
1,"hinge back d"
1,"hinge back dr upper"
1,"charniere sup malle"
1,"hinge comp back door"
1,"hinge back dr"
1,"hinge comp back door upper"
1,"hinge back dr lower"
1,"charniere inf malle"
1,"hinge comp back door lower"
1,"tabl bord"
1,"phare av g"
1,"para brise av"
1,"raiceinture sec avg"
1,"raiceinture sec avd"
1,"calandre av"
1,"asac gonfl"
1,"airbage"
1,"calculateure airbage"
1,"set seal bumper front"
1,"jeu de joint pare choc avant"
1,"cache pare chocs ar"
1,"bumper rear with park sensor brkt black"
1,"member rdtr sprt akk41 apk41"
1,"member comp radiator support"
1,"crossmember comp front lo"
1,"member apron lower"
1,"bracket apron lower member rh"
1,"bracket apron lower member"
1,"absorber comp fr lower r"
1,"cover fr bumper lwr"
1,"stay comp radiator r"
1,"absorber comp fr lower l"
1,"stay comp radiator l"
1,"bumper front akk414"
1,"p c av swift"
1,"parechoc av"
1,"p c av a ab"
1,"bar front bumper black"
1,"p c av s ab celerio"
1,"cap fr bumpe"
1,"cap front bumper akk414"
1,"cover front bumper apk"
1,"cap towing hook black"
1,"cap towing bumper front"
1,"capuchon parechocs av"
1,"brace fr bumper upper"
1,"pad front bumper ctr apk416"
1,"pad front bumper side apk416"
1,"support plaque d immatriculation"
1,"grille compradiator lower"
1,"bumper front lower akk414"
1,"grille inf av centrale swift"
1,"bumper front upper"
1,"bumber front upper primary"
1,"bumper front lower"
1,"grille central"
1,"bumper front lower r"
1,"grilleradiator lower black"
1,"bumper front lower l"
1,"extension parechoc av d"
1,"extension pare boue av d"
1,"extension pare boue av g"
1,"holder fr bumpr side rh"
1,"support p ch av d"
1,"glissiere d p c av swift"
1,"glissiere p c avd celerio"
1,"suppor pare choc av g"
1,"support pc avant gauche"
1,"holder fr bumper side l akk416"
1,"support pare chocs av g"
1,"support parechoc av g"
1,"holder fr bumpr side lh"
1,"support p ch av g"
1,"glissiere g p c av swift"
1,"support pare choc avg"
1,"support pars choc av g"
1,"glissiere p c avg celerio"
1,"support optic d"
1,"support optique droit"
1,"holder fr bumper front r"
1,"holder fr bumper front l"
1,"holder fr bumper lwr r"
1,"holder fr bumper lwr l"
1,"grille radiator akk416 t2"
1,"grille radiator black chrome"
1,"grille radiator upper black chrome"
1,"grillecomp radiatorupper"
1,"grille rdtr"
1,"garnishradiator grille uprr"
1,"garnish fr bumper net"
1,"garnishradiator grl upr no 1"
1,"garnish radiator grille upr r"
1,"garnishradiator grille uprl"
1,"chrome de calandre sup g"
1,"garnishradiator grl upr no 2"
1,"baguette chrome calandre 2"
1,"garnishradiator grille lwrr"
1,"chrome de calandre inf d"
1,"garnishradiator grl upr no 3"
1,"baguette chrome calandre 3"
1,"garnishradiator grille lwrl"
1,"chrome de calandre inf g"
1,"garnishradiator grl upr no 4"
1,"baguette chrome calandre 4"
1,"coverradiator upper grille"
1,"couvercle de grille superieure de radiateur"
1,"covermark s"
1,"support sigle calandre"
1,"bezel comp front fog lamp r"
1,"kbezel front fog lamp rh"
1,"bezel front fog lamp rh1"
1,"cache antibrouillard av d"
1,"bezel front fog lamp rh black"
1,"bezel front head lamp r"
1,"bezel head lamp r"
1,"garnish front bumper"
1,"garnish front fog lamp rh"
1,"garnish front fog lamp bezel r"
1,"bezel fog lamp r"
1,"garnish fog lamp bezel rh"
1,"bezel comp front fog lamp l"
1,"bezel front fog lamp lh1"
1,"bezel front fog lamp lh black"
1,"bezel front head lamp l"
1,"bezel head lamp l"
1,"garnish front fog lamp lh"
1,"garnish front fog lamp bezel l"
1,"bezel fog lamp l"
1,"garnish fog lamp bezel l"
1,"garnish bumper akk414"
1,"garniture parechoc av"
1,"brace front bumper"
1,"garnish radiator upper grille"
1,"chrome de calandre"
1,"sous parechoc av"
1,"guide grille air"
1,"garniture pare a choc av"
1,"reinf front bumper side r"
1,"pad radiator upr grille r"
1,"reinf front bumper side l"
1,"garniture parechoc av g"
1,"extension fr bpr l black"
1,"elargisseur g parechoc av"
1,"cover front end side upr r apk"
1,"reinf front bumper rh"
1,"garnish fr bumper lower r"
1,"cover front end side upr l apk"
1,"reinf front bumper lh"
1,"garnish fr bumper lower l"
1,"brace front bumper side r"
1,"brace front bumper side l"
1,"cache capteure"
1,"joint parechoc av"
1,"bumper set rear"
1,"bar comp rear bumper"
1,"bumper rr apk41"
1,"bumper rear upper akk416"
1,"parechoc ar"
1,"bumperrr primary"
1,"yp8nb dzire rear bumper"
1,"bumperrr"
1,"deflecteur ar"
1,"bumper rear lower r"
1,"deflecteur ar g"
1,"cover rear fog lamp"
1,"bouchon p c ar"
1,"bumper rear lower l"
1,"extension parechoc ar g"
1,"support lampe immatriculation"
1,"bumper assy rear lower"
1,"holder rr bumper r"
1,"support p choc ar g"
1,"bumper rear side rh primary"
1,"pare choc ar d"
1,"holderrr bumper sider"
1,"cover rear fog lamp akk416"
1,"holder rr bumper l"
1,"support p choc ar d"
1,"bumper rear side lh primary"
1,"pare choc ar g"
1,"holderrr bumper sidel"
1,"holder rr bumper side rr rh"
1,"support 2 pare choc ar d"
1,"support 2 pare choc ar g"
1,"support pare choc ar"
1,"support pare a choc ard"
1,"bezelrr reflectorr"
1,"deflecteur d"
1,"support catadioptre d"
1,"bezelrr reflectorl"
1,"deflecteur g"
1,"support catadioptre ar g"
1,"chromage defflecteure ar d"
1,"guard rr bumper"
1,"molure p choc ar"
1,"bezel rear fog lamp white"
1,"cache antibrouillard ar"
1,"bezel rear fog lamp1"
1,"cover rr bumper side r"
1,"bumper rear corner r"
1,"bracket rr bumper side r"
1,"bracket rear fog lamp"
1,"cover rr bumper side l"
1,"bumper rear corner l"
1,"bracket rr bumper side l"
1,"garniture catadioptre g"
1,"pad rear bumper"
1,"sabot pare choc ar"
1,"moulure parechocs ar"
1,"moulure pare chocs ar"
1,"garnish rr bumper lower ctr"
1,"garniture moulure pare choc ar"
1,"cover rear fog lamp black"
1,"bouchon pare choc ar"
1,"baguette moulure pare choc ar d"
1,"baguette moulure pare choc ar g"
1,"extension rr bpr side l black"
1,"elargisseur g parechoc ar"
1,"stay set front hood"
1,"garnish comp bumper"
1,"grille radiator apk416"
1,"grille radiator black"
1,"couvercle radiateur"
1,"cover sensor black chrome"
1,"sigle av"
1,"mud flap set"
1,"kit bavette des roues"
1,"flap mud front r"
1,"flapmud frontr"
1,"flap mud front l"
1,"flap mud front lh white"
1,"flap mud front lh black"
1,"flap mud rear r"
1,"flap mud rear rh black"
1,"flapmud rearr"
1,"flap mud rear lh"
1,"flap mud rear lh black"
1,"flapmud rearl"
1,"stay comp front hood"
1,"support capot"
1,"stayfront hood"
1,"holder fr hood stay"
1,"holderfront hood stay"
1,"holder front hood stay"
1,"liningfront fenderr"
1,"pare boue d"
1,"pareaboue av g"
1,"strake front fender rh"
1,"bavette av d"
1,"strake front fender lh"
1,"garde bour av g"
1,"garnish cowl top rh black"
1,"garnish cowl top ctr black"
1,"garnishcowl top black"
1,"garnish compcowl top"
1,"garnishcowl top sider"
1,"garniture moustache"
1,"garnishcowl top sidel"
1,"garnish cowl top lh black"
1,"member lamp support rh"
1,"armature av d"
1,"garnish assycowl topl"
1,"joint garniture moustache"
1,"cover comp front fender r"
1,"armature plage avg"
1,"armature av g"
1,"support de lampe g"
1,"pad front fender rh"
1,"plaquette garde boue av d"
1,"cover front fender rh"
1,"pad front fender rear r"
1,"pad front fender lh"
1,"plaquette garde boue av g"
1,"couvercle aile av g"
1,"cover front fender lh"
1,"pad front fender rear l"
1,"seal hseal hood rear"
1,"seal hseal hood rear ood rear"
1,"cover comp front fender l"
1,"silencer comp fr fender fr r"
1,"seal front hood apk416"
1,"joint capot moteur"
1,"seal hood fr"
1,"joint de capot av"
1,"seal hood front ctr"
1,"joint mousstache"
1,"joint mousstache ar"
1,"armature plage av"
1,"cushion fr fender r"
1,"coussin garde boue av d"
1,"coussin garde boue av g"
1,"seal hood rr"
1,"joint de capot ar"
1,"garnish comp cowl top side r"
1,"silencer comp fr fender fr l"
1,"bavette aile av g"
1,"garnishcowl top sider black"
1,"garnishtop sider black"
1,"garnishcowl top sidel black"
1,"cushion front hood front side"
1,"calle capot"
1,"garnishtop sidel black"
1,"panneau capot"
1,"garniture sup radiateur"
1,"garniture radiateur"
1,"absorber fr bumper lwr"
1,"absorber fr bumper low apk416"
1,"cover splash rh"
1,"cover splash lh"
1,"protector lamp support brace"
1,"protecteur renfort"
1,"baguette sous pare choc"
1,"cover comp engine under"
1,"engine under cover akk416"
1,"cache sous moteur d"
1,"cache lat sous moteur d"
1,"cover engine under lh"
1,"cache sous moteur g"
1,"cover engine under side l"
1,"cache lat sous moteur g"
1,"cover eng fr"
1,"cover front end lower r"
1,"cache radiateur supp"
1,"cover front end lower l"
1,"protector hood lock mbr side"
1,"isolant cache radiateur"
1,"cover fr end side lh"
1,"silencer front hood apk416"
1,"cache capot"
1,"silencer front hood apk417"
1,"isolant sous capot"
1,"silencer dash outer"
1,"sous parechocs av"
1,"sous pare choc"
1,"cover comp fr bumper lower"
1,"cover comp fr fender upper r"
1,"garnish comp cowl top side l"
1,"cover comp fr fender upper l"
1,"cover front hood front"
1,"cache sous capot av"
1,"cache sous capot av d"
1,"cache sous capot d"
1,"silencer cowl fr"
1,"tray comp battery"
1,"tray battery1"
1,"tray battery akk416"
1,"support batterie 1"
1,"bracket battery akk416"
1,"support batterie 2"
1,"cover sensor lwr brkt apk"
1,"garnish fr fender rh"
1,"garniture d aile av d"
1,"garnish fr fender lh"
1,"garniture d aile avant gauche"
1,"lining rear wheel hsg rh"
1,"pare a bour ar d"
1,"lining rear wheel hsg r"
1,"cover main floor under rh"
1,"cache sous moteur"
1,"couvercle ar d"
1,"cover main floor under r"
1,"cache aile ar d"
1,"cover spare tire black"
1,"lining rr fender l"
1,"lining rr wheel hsg l"
1,"pareaboue ar g"
1,"lining rear wheel hsg lh"
1,"lining rear wheel hsg l"
1,"cover main floor under lh"
1,"cover main floor under akk416"
1,"couvercle ar g"
1,"cover main floor under l"
1,"tow bar detachable es akk apk"
1,"boule de remorquage"
1,"panel instrument apk414 3"
1,"ip upper lhd"
1,"panel instrument main upr black"
1,"yp8 instrument panel lh 5pk"
1,"channelpassenger air bag"
1,"air bag passager channel"
1,"feutre i p ipr ctr"
1,"joint tableau du bord"
1,"seal i"
1,"seal instrument panel"
1,"silencer top"
1,"tableau inf"
1,"feutre tableau de bord"
1,"support tableau de bord"
1,"panneau d instrument superieur principal"
1,"boxcomp glove"
1,"boite a gants complet"
1,"box glove"
1,"box compglove"
1,"box comp glove"
1,"lock glove box"
1,"poignee de coffre"
1,"reinf glove box upper"
1,"aerateur climatiseur central"
1,"louverctr vent r chrome"
1,"louver ctr vent lh"
1,"louver center vent g"
1,"louver compside vent"
1,"louverside vent r"
1,"fenetre d air"
1,"louver comp side vent"
1,"aerateur"
1,"louverside vent l"
1,"buse d air"
1,"buse desembuage cote d"
1,"desembuage cote buse d"
1,"buse desembuage cote g"
1,"desembuage cote buse g"
1,"box assy i p center upper"
1,"cache volant bas"
1,"couvercle inf g"
1,"ornament i p center gray"
1,"garnish i p ctr black"
1,"garnish i p center black"
1,"couvercle poste radio"
1,"garnish i p upper black"
1,"garnish i p center upper"
1,"cover i p ctr upper"
1,"garniture poste radio"
1,"boxi p lower"
1,"ssupport interieur durites climatiseur"
1,"bezeli p sw"
1,"garnish i p drvr inside n keyless start"
1,"ornamenti p drvr"
1,"garniture tableau du bord"
1,"ornament i p drvr"
1,"ornement entr"
1,"ornement centre"
1,"cap i p side black"
1,"cover i p under asst akk416"
1,"module passenger airbag apk416"
1,"door assy passenger air bag"
1,"cache air bag passager"
1,"airbag passager"
1,"module assypassenger air bag"
1,"housing assy passenger"
1,"bloc de chauffage"
1,"core sub assy heater"
1,"radiateur chaufage"
1,"motorassy"
1,"moteur ventillateur"
1,"pulseur d air habitacle"
1,"pulseur d air"
1,"blwr assy"
1,"moteur ventilatteur"
1,"blower assy"
1,"support p choc arg nemo"
1,"door assy intake w packing1"
1,"volet voitier de chauffage"
1,"filtre chauffage"
1,"control assy hvac"
1,"switch assy blower fan"
1,"bouton commande ventillateur"
1,"knob hvac cont"
1,"bouton de commande temperature"
1,"knob mode temp"
1,"bouton commande temperature"
1,"knob f r control1"
1,"bouton de controle clim"
1,"knob f r black"
1,"bouton clim"
1,"bouton ventilateur"
1,"canalisation d air 2"
1,"duct rear vent no 2 rh"
1,"canalisation d air"
1,"duct rear vent no 3"
1,"granitture malle ar"
1,"amortisseur av gh"
1,"tapis complet"
1,"moquette"
1,"base floor carpet"
1,"tapis moquette"
1,"clip luggage floor"
1,"silencer dashpanelinner"
1,"tole pare feu"
1,"silencer dash panel inner"
1,"support fixation roue de secour"
1,"holder comp spare tire"
1,"support outillage roue de secours"
1,"board luggage floor black"
1,"planche de malle"
1,"cover airbag controller"
1,"cache calculateur airbag"
1,"pare boue ar d"
1,"pare boue ar g"
1,"box frien man"
1,"cap floor console rr black"
1,"agraphe"
1,"cache console selecteur vitesse g"
1,"cache box frien man d"
1,"cache box frien man g"
1,"box floor cons akk apk416 28"
1,"box floor console rear"
1,"base floor console rear black"
1,"base floor console rear"
1,"baguette levier"
1,"box floor console rr black"
1,"bloc accoudoir"
1,"cover floor console akk416"
1,"cache accoudoire"
1,"ornament shift garnish"
1,"pose vert"
1,"bracket fl console rr akk416"
1,"support accoudoire"
1,"bracket fl console cover"
1,"support accoudoir"
1,"bracketfloor console box fr"
1,"bracketfloor console box rr"
1,"floor mat set eco lhd vitara"
1,"rubber floor mat lhd mt jimny"
1,"mat lhd e05 e43"
1,"mat black lhd swift"
1,"mat black lhd celerio"
1,"mat black lhd ciaz"
1,"trim front pillar rh"
1,"trim front pillar lh"
1,"garniture inf g"
1,"scuff comp side sill front r"
1,"seuil de porte av d"
1,"scuffcomp side sill front sil"
1,"scuff side sill front rh"
1,"scuff comp side sill front l"
1,"seuil de porte av g"
1,"egratigner le seuil av g"
1,"scuff side sill front lh"
1,"seuil de porte ar d"
1,"garniture seuil de porte interieur"
1,"garniture siege ar g"
1,"baguette bas de caisse int ar g"
1,"trim tail end apk416"
1,"trim comptail end"
1,"trimtail end"
1,"cap tail end trim black"
1,"bouchon revetement jupe ar"
1,"trimctr pillar upperr gray"
1,"trim ctr pillar upr rh gray"
1,"trimctr pillar upperr"
1,"trimctr pillar upperl gray"
1,"trim ctr pillar upr lh gray"
1,"garniture montant central g"
1,"trimctr pillar upperl"
1,"trimctr pillar lowerr"
1,"cache montant central interieur d"
1,"agrafe panneau malle ar"
1,"trimctr pillar lowerl"
1,"garniture qtr interieur d"
1,"trimquarter upperr"
1,"garniture malle ar d"
1,"trim comp quarter upper l"
1,"trimquarter upperl gray"
1,"trim qtr inner upr lh gray"
1,"garniture qtr interieur g"
1,"trimquarter upperl"
1,"panneau aile ar d"
1,"garniture interieur ar d"
1,"trim rr pillar lower fr rh"
1,"garniture montant ar d"
1,"trim compqtr inner lowerr"
1,"garniture int ar d"
1,"trim quarter lwr r"
1,"garniture sup ar d"
1,"trim comp quarter lower l"
1,"garniture interieur ar g"
1,"trim rr pillar lower fr lh"
1,"garniture montant ar g"
1,"trimquarter lowerl black"
1,"trim compqtr inner lowerl"
1,"joint porte av d"
1,"joint porte av"
1,"trimfront door opening"
1,"joint de porte av g interieur"
1,"joint porte ar"
1,"trimrear door opening"
1,"lid jack"
1,"trim quarter lower rear rh"
1,"garniture qtr ar d"
1,"trim quarter lower rear lh"
1,"garniture qtr ar g"
1,"grip assistant beige lh"
1,"pose man d"
1,"lever fuel lid opener1"
1,"cable comp fuel lid opener lh"
1,"cable ouverture malle"
1,"airbag d de toit"
1,"airbag g de toit"
1,"bouton porte reservoir"
1,"opener fuellidapk16"
1,"trim comp trunk room side r"
1,"revettement aile ar d"
1,"cover trunk lid inner r"
1,"cover trunk lid inner l"
1,"holder trunk opening spring"
1,"holder trunk opener spr"
1,"hook cargo net black"
1,"ressort de trappe a carburant"
1,"tampon trappe a carburant"
1,"garniture couvercle de carburant"
1,"cap roof side drip fr r black"
1,"adhesif montant de porte"
1,"adesif montant av d"
1,"adhesif montant d"
1,"tapefr pillar upperr"
1,"adhesif montant av d"
1,"cap roof side drip fr l black"
1,"capuchon angle de toit"
1,"cap roof side drip rr"
1,"autocollant montant de porte"
1,"adhesif montant av g"
1,"tape fr pillar upperr lh"
1,"adhesif montant g"
1,"tapefr pillar upperl"
1,"adhesif manton av g"
1,"film member 4th mounting"
1,"garniture adhesif montant av d"
1,"moldingfr pillar lowerr"
1,"moldingfrontpillarlowerrh"
1,"moldingfr pillar lowerl"
1,"moldingfrontpillarlowerlh"
1,"baguette ail av g 1"
1,"garnishfr pillar outerr bla"
1,"garnish fr fender rh black"
1,"garnish fr pillar outerr"
1,"garnishfr pillar outerr"
1,"garniture montant av d"
1,"garniture adhesif montant av g"
1,"garnishfr pillar outerl bla"
1,"garnish fr fender lh black"
1,"garnish fr pillar outerl"
1,"garnishfr pillar outer lh"
1,"garniture montant av g"
1,"guard side splash r red"
1,"guard assy fr fender splash rh"
1,"strake side sill rear r"
1,"guard fr splash l black"
1,"guard side splash l red"
1,"guard assy fr fender splash lh"
1,"guardside splashl primary"
1,"strake side sill rear l"
1,"holder license lamp"
1,"support de lampe d immatriculation"
1,"bavette d aile ar d"
1,"strake rear r"
1,"cover trunk lid switch"
1,"cache poignee de malle"
1,"bavette d aile ar g"
1,"garnish comp trunk lid"
1,"guard rr fndr splash l black"
1,"spoiler trunk lid"
1,"holder trunk lid spoiler r"
1,"support spoiler ar d"
1,"holder trunk lid spoiler l"
1,"support soiler ar g"
1,"defflecteur d air d"
1,"deflecteur d air ar d"
1,"defflecteur d air"
1,"baguette montant de porte av d"
1,"baguette montant de porte avant gauche"
1,"baguette montant de porte ar d"
1,"garnish rr d"
1,"baguette montant de porte ar g"
1,"guard assy fr door splash r"
1,"joint elargisseur avg"
1,"guard assy fr door splash l"
1,"guard assy rr door splash r"
1,"joint elargisseur ar g"
1,"guard assy rr door splash l"
1,"guard assy side sill splashrh"
1,"joint bas de caisse"
1,"support elargisseur ar d"
1,"guard assy rear door splash r"
1,"demi elargisseur ar d"
1,"support elargisseur ar g"
1,"guard assy rear door splash l"
1,"demi elargisseur ar g"
1,"emblemmark s chrome"
1,"emblem s chrome"
1,"sigle de malle"
1,"emblem mark s"
1,"emblem suzuki"
1,"emblem vitara chrome"
1,"sigle chrome"
1,"emblem baleno"
1,"emblem rear hybrid"
1,"emblem chrome s presso"
1,"monogramme s presso"
1,"emblem swift chrome"
1,"sigle swift"
1,"sigle baleno chrome"
1,"emblem grand vitara"
1,"emblemciaz chrome"
1,"sigle ciaz"
1,"emblem celerio"
1,"sigle celerio"
1,"emblem fronx"
1,"emblem jimny"
1,"emblem sport"
1,"monogramme vvt"
1,"lining roof apk416"
1,"lining roof apk"
1,"revettment de toit"
1,"garniture de toit"
1,"lining comproof"
1,"revetement de toit"
1,"absorber roof side inner fr r"
1,"rail lateral de toit av d"
1,"pad roof side rail fr r"
1,"absorber roof side rail fr rh"
1,"absorber roof side inner fr l"
1,"rail lateral de toit av g"
1,"pad roof side rail fr l"
1,"absorber roof side rail fr lh"
1,"absorber roof side inner rr r"
1,"absorber roof side inner rr l"
1,"pad roof side rail rear rh"
1,"pad roof side rail rear lh"
1,"bageutte de toit d"
1,"molding roof drip rear black"
1,"bageutte de toit g"
1,"cap roof drip molding fr r"
1,"cap roof molding fr r black"
1,"cap roof drip molding rr r"
1,"joint de toit ar d"
1,"clip roof molding"
1,"joint de toit g"
1,"cap roof drip molding fr l"
1,"cap roof molding fr l black"
1,"cap roof drip molding rr l"
1,"joint de toit ar g"
1,"clip roof molding body"
1,"attache corps de moulure"
1,"cover auto brake cont black"
1,"rail roof rh silver"
1,"garnish comp roof r"
1,"rail comp roof r"
1,"rail roof lh silver"
1,"garnish comp roof l"
1,"rail comp roof l"
1,"handle dr window rgltr"
1,"manette leve vitre"
1,"escutcheon dr wdo rgltr hdl"
1,"roof assy panoramic sliding"
1,"toit panoramique complet"
1,"glass sliding roof akk416"
1,"vitre toit ouvrante"
1,"weatherstrip fr glass"
1,"weatherstrip fr glass akk416"
1,"jointd etancheite av"
1,"glass sliding roof"
1,"vitre de toit ouvrant"
1,"weatherstrip rr glass"
1,"joint vitre toit panoramic"
1,"weatherstrip rr glass akk416"
1,"joint d etancheite ar"
1,"deflector sliding roof apk416"
1,"deflecteure toit panoramique"
1,"link deflector assy r akk416"
1,"link deflector assy l akk416"
1,"lecheur de toit"
1,"lecheur toit"
1,"shade assy roll gray"
1,"rideau de toit panoramique"
1,"motor assy glass"
1,"motor glassapk416"
1,"moteur vitre de toit"
1,"motor assy shade"
1,"motor shadeapk416"
1,"moteur rideau de toit"
1,"joint toit panoramique d"
1,"joint toit panoramique g"
1,"kit baguette porte bagage"
1,"plaque identification constructeur"
1,"charnier capot g"
1,"charnier capot d"
1,"placard tire information"
1,"plaque pression de pneus"
1,"porte av"
1,"sash fr dr rr lower r apk416"
1,"sash fr dr rr lwr rh"
1,"sash front door rear rh"
1,"sash fr dorr apk416"
1,"sash front door rear lh"
1,"sash rr door r apk416"
1,"sash comp rear door center r"
1,"sash rear door rear r"
1,"sash rear rh"
1,"sash comp rear door rear r"
1,"sash rr door l apk416"
1,"sash comp rear door center l"
1,"sash rear door rear l"
1,"baguette vitre ar g"
1,"stop fr dr open azg412"
1,"tirant de porte av"
1,"stop side door open"
1,"tirant de porte"
1,"stop comp front door open"
1,"arret de porte"
1,"stop rr dr open azg412"
1,"stop comp rear door open"
1,"balancer back door apk416"
1,"verin malle ar d"
1,"balancer back door r apk416"
1,"balancer back door r"
1,"verin malle ar g"
1,"balancer back door l apk416"
1,"compo sertissage"
1,"set handle antenna assy rh"
1,"set handle antenna assy r"
1,"set handle antenna assy lh"
1,"set handle"
1,"poignee ext av g"
1,"handle camera back door set 3"
1,"aserrure capot"
1,"lever hood latch release"
1,"levier d ouverture du laquet de capot"
1,"cable comp hood latch releas"
1,"latch assy front door r apk416"
1,"latch assy fr dr r"
1,"latch assy front door l apk416"
1,"serrure de porte av g r82202m55r42"
1,"latch assy fr dr l"
1,"latch frontdoor r"
1,"mecanisme porte av d"
1,"macanisme porte av g"
1,"latch assy rear door r apk416"
1,"serrure ar d"
1,"serrure porte ar d"
1,"latch assy rr dr r"
1,"latch rear d"
1,"latch assy rear door l apk416"
1,"serrure ar g"
1,"serrure porte ar g"
1,"latch assy rr dr l"
1,"latch back d"
1,"latch back door apk416"
1,"serrure de malle"
1,"latch back dr"
1,"latch trunk lid"
1,"loquet de malle"
1,"link back dr latch"
1,"striker door latch"
1,"strikercomp doorlatch"
1,"strikercomp backdoorlatch"
1,"cushion trunk lid"
1,"tiran de malle ar"
1,"handle assyside door out rh white"
1,"handle assy dr out l"
1,"handle assyside door out lh white"
1,"poignee de porte ar gauche"
1,"handle side dr out white"
1,"handle front door out r"
1,"poigne de porte av d"
1,"handle door out front r"
1,"handle set fr dr out r"
1,"handlefront door outr white"
1,"handle set front door out r"
1,"handle front door out rh chrome"
1,"poignee de porte av d chrome"
1,"handle set front door out rh"
1,"handle front door out rh w"
1,"handle set fr dr out"
1,"frame door rs413 jb416x jb420"
1,"frame s comp front d"
1,"poignee de porte"
1,"joint poigne"
1,"handle comp front door"
1,"poignee av g"
1,"handle s comp side door out"
1,"poignee de porte ar"
1,"couvercle poignee de porte av g"
1,"couvercle poignee de porte av d"
1,"joint poigne de porte"
1,"cap front door out sx4 zxi"
1,"cap front door out rh wh"
1,"cap door out rh white"
1,"cap front door out rh"
1,"chapeau porte av"
1,"cap front door out lh"
1,"pad front door out"
1,"pad door rs413 jb420w rw416"
1,"pad fr door out"
1,"pad door out"
1,"cushion side dr out"
1,"cushion door rs413 jb416x"
1,"cushion side door out"
1,"cushion door out"
1,"handle door out front l"
1,"handle set fr dr out l"
1,"handlefront door outl white"
1,"poingee porte av g"
1,"handle front door out lh chrome"
1,"handle set front door out lh w"
1,"poignee porte av g"
1,"handle front door out lh w"
1,"frame fr door out lh"
1,"frame door out rs413 glx"
1,"socle de poignee de porte"
1,"frame s comp front door o"
1,"socle poignee de porte av g"
1,"joint poigne de porte g"
1,"socle de poigne de porte av g"
1,"joint poigne de porte gauche"
1,"handle comp rear door out r"
1,"poinge de porte ar d"
1,"handle rear door out r white"
1,"handlerear door outr white"
1,"handle door out rear r"
1,"handle rear door out rh chrome"
1,"poignee de porte ar d chrome"
1,"frame rr door apk416"
1,"sup poignee"
1,"frame s comp rr door out r"
1,"cap rear door out white"
1,"couvercle poignee de porte ar"
1,"caprear door out"
1,"chapeau de poignee ar g"
1,"cap rear door out"
1,"cap door out black black"
1,"chapeau poignee de porte ar"
1,"cap door out black white"
1,"cap door out"
1,"chapeau de poignee ar d"
1,"pad rr door rs413"
1,"patin de frein poignee"
1,"handlerear door outl white"
1,"handle door out rear l"
1,"handle rear door out lh chrome"
1,"handle comp rear door out l"
1,"frame s comp rr door out l"
1,"handle back door inner"
1,"poignee malle"
1,"socle poignee porte ar g"
1,"handle assyback door lock"
1,"handle backdoor"
1,"handle assy back door"
1,"handle window regulator"
1,"poignee leve vitre"
1,"escutcheon regulator handle"
1,"cale poigne leve vitre"
1,"handle drinside r"
1,"poigne interieur d"
1,"handle side door inside rh"
1,"poigne interrieur d"
1,"poignee interieur d"
1,"handleside door inside rh"
1,"handle drinside l"
1,"poigne de porte interrieur g"
1,"poignee interieur g"
1,"handleside door inside lh"
1,"poingee de porte interieur g"
1,"handle side door inside l"
1,"lever comp fuel lid opener"
1,"appareil monte glasse av droit"
1,"regulator assy front window rh"
1,"regulator assy front windowrh"
1,"regulator assy fron window l"
1,"appareil monte glace av"
1,"regulator assy front windowlh"
1,"regulator assy rr window r"
1,"regulator assy rr window rh"
1,"regulator assy rr window lh"
1,"regulator assy rear windowr rh"
1,"regulator assy rear windowr lh"
1,"moteur appareil monte glace"
1,"channel rr glass rh"
1,"channel rr glass lh"
1,"run fr dr glass r"
1,"run fr dr glass l"
1,"run glass rh"
1,"run rear door glass rr lwrr"
1,"lecheur vitre g"
1,"rubber glass rs413"
1,"rubber rr glass bottom"
1,"bezel fr door trim rh"
1,"trim front doorl"
1,"trim comp front door l"
1,"trim rr door r"
1,"trim rr door"
1,"trim comp rear door r"
1,"panneau ar g"
1,"bracket side door trim"
1,"support panneau de porte"
1,"panneau intr malle ar"
1,"trim back door gray"
1,"trim comp back door"
1,"garnitrur malle ar"
1,"garnish rear door inner rh black"
1,"garniture panneau de porte ar d"
1,"garnish comp rear door inner r"
1,"garnish rear door inner lh"
1,"garnish rear door inner lh black"
1,"garniture porte int ar g"
1,"garnish door inner lh black"
1,"garniture panneau de porte ar"
1,"weatherstrip rr door apk416 1"
1,"baguette joint de vitre droit"
1,"weatherstrip front door outrh"
1,"weatherstrip front door outlh"
1,"weatherstrip rr dr out rh"
1,"lecheur de porte ar d"
1,"weatherstrip rr door out rh"
1,"weatherstrip rr dr out lh"
1,"joint leche vitre d"
1,"weatherstrip fr door inner"
1,"weatherstrip rr door inner l"
1,"lecheur int ar g"
1,"joint d etancheite malle"
1,"cover rear door sealing"
1,"tape front door outer fr r"
1,"adhesif av porte av d"
1,"tape front door outer roof r"
1,"adhesif av porte av g"
1,"tape door out up fr rh black"
1,"tape front door outer roo"
1,"tape front door outer fr l"
1,"tape front door outer roof l"
1,"adhsif porte av d"
1,"tape front door pillar rr r"
1,"tape door out rr rh black"
1,"tape front door outer rr rh black"
1,"tapefront door outer rrr"
1,"adhesif de porte av d"
1,"adehsif porte av g"
1,"tape door out rr lh black"
1,"tape front door outer rr"
1,"adhesif porte av g 2"
1,"tape front door outer rr lh black"
1,"tapefront door outer rrl"
1,"tape front door sash roof rh"
1,"autocollant de porte av d"
1,"tape rear door pillar fr r"
1,"adhsif de porte ar sup d"
1,"tape rear door outer roof r"
1,"tape front door sash roof lh"
1,"autocollant de porte av g"
1,"tape rr dr outer roof l"
1,"adhesif h porte ar g"
1,"tape rear door pillar fr l"
1,"tape rear door outer roof l"
1,"tape rr door out fr rh black"
1,"adhsif de porte ar av d"
1,"adhesif de porte ar av d"
1,"tape rr dr pillar fr l"
1,"adhesif av porte ar g"
1,"tape rr door out fr lh black"
1,"adhesif 1 porte ar g"
1,"tape rear door outer fr rh"
1,"tape door out fr rh black"
1,"tape rear door outer fr rh black"
1,"taperear door outer frr"
1,"taperear door out fr rh blac"
1,"adhesif 3 porte ar g"
1,"tape rear door outer fr lh black"
1,"taperear door outer frl"
1,"taperear door out fr lh blac"
1,"tape rear door outer rr rh"
1,"tape front door outer rrrh black"
1,"tape rear door outer rr lh"
1,"tape rear door sash roof rh"
1,"autocollant"
1,"tape rear door sash roof lh"
1,"cache poignee malle ar"
1,"tape trunk door out fr lh black"
1,"garnish back door license black chrome"
1,"cover comp back dr hinge lower"
1,"protector back door garnish"
1,"support interrupteur porte ar"
1,"molding back dr window black"
1,"cache charniere malle"
1,"garnish fr dr fr outer rh"
1,"garnish fr dr fr outer r"
1,"garniture porte av d"
1,"cover comp back dr hinge upper"
1,"support baguette malle"
1,"support baguette malle g"
1,"garnish fr dr fr outer lh"
1,"garnish fr dr fr outer l"
1,"baguette porte av g"
1,"carrier spare tire a6g415"
1,"baguette de la porte ar d"
1,"cache poigne malle"
1,"holder comp back door switch"
1,"garnish rr dr rr outer r"
1,"garniture ext porte ar d"
1,"baguette porte ar g"
1,"spoiler rr swift"
1,"spoiler back door"
1,"garnish comp rr dr rr outer l"
1,"garniture ext porte ar g"
1,"damper comp back door"
1,"damper comp dynamic"
1,"spoiler assy back door"
1,"garnish back door upper"
1,"garnish back door center"
1,"set glass windshield"
1,"glass fr door window akk416"
1,"glass frdrwindow r"
1,"glass fr dr window r"
1,"glassfront door windowr"
1,"glass front dr window rh"
1,"glass fr door window rh"
1,"glass comp front door"
1,"glass frdrwindow l"
1,"glass fr dr window l"
1,"glass front dr window lh"
1,"glass comp front door win"
1,"glass fr door window lh"
1,"glass compfront door win"
1,"glass comp rear door window"
1,"glass rear dr window rh"
1,"glass rr dr window lh"
1,"glass rear dr window lh"
1,"glass windshield apk416"
1,"glass windshield akk416"
1,"glass windshield apk414 3 glx"
1,"glass compwindshield"
1,"glass rear door rh akk416"
1,"glass rear door apk416"
1,"vitre supp ar d"
1,"glass rr dr partition rh"
1,"vitre ar d supp"
1,"vitre supp ar g"
1,"glass rr dr partition lh"
1,"glass side window r"
1,"glass side window l"
1,"glass back door window akk416"
1,"glass comp back window"
1,"glasscomp backdoorwindow"
1,"glass compback door wind"
1,"spacer back window glass"
1,"joint pare brise ar"
1,"glasscomp qtrwindow r"
1,"glasscomp qtrwindow l"
1,"joint parebrise"
1,"dam windshield adhesive"
1,"weatherstrip side window"
1,"weatherstrip front dr opng rh"
1,"weatherstrip front dr opng lh"
1,"joint porte av g"
1,"weatherstrip front door op"
1,"joint porte ar d"
1,"joint vitre triangle ar g"
1,"weatherstrip back door op"
1,"weatherstrip door opening"
1,"weatherstrip opng"
1,"charniere porte ar"
1,"mirror assy rear view r apk41"
1,"mirror assy out rear view"
1,"jmirror assy out rear view rh white"
1,"mirror assyout rear viewr b"
1,"mirror assy out rh"
1,"mirror assyout rear view"
1,"mirror out rr view rh white"
1,"mirror assyout rear view rh"
1,"mirror assy rear view l apk41"
1,"mirror assyout rear viewl b"
1,"mirror assy out lh"
1,"mirror assy out rr view lh"
1,"mirror out lf view"
1,"mirror out rr view lh white"
1,"mirror assyout rear view lh"
1,"retrov int"
1,"mirror assyinside r"
1,"retrovisseur int"
1,"mirror assyinside rear view"
1,"mirror assy inside rr view"
1,"cover out mirror visor rh white"
1,"coque retroviseur d"
1,"coverout mirror visor rh"
1,"cover mirror visor r"
1,"covermirror visorrh white"
1,"cover comp out mirror visor r"
1,"cover out mirror visor lh white"
1,"covermirror visorl"
1,"cover mirror visor l"
1,"covermirror visorlh white"
1,"cover comp out mirror visor l"
1,"mirroir retro droit"
1,"glass out rr view r akk416"
1,"glass out rr view rh"
1,"glass comp out rear view r"
1,"glass out rr view l akk416"
1,"glass out rr view lh"
1,"miroir g"
1,"glass out rr view mir lh"
1,"glass out rear view lh"
1,"glass comp out rear view l"
1,"garnishsash brkt inrr black"
1,"garnish sash brkt inr rh black"
1,"garnish rh black"
1,"cache retroviseur int d"
1,"seal 140x190"
1,"cover inside mirror stay"
1,"triangle retroviseur av g"
1,"garnishsash brkt inrl black"
1,"garnish sash brkt inr lh black"
1,"garnish lh black"
1,"sunvisor assy rh gray"
1,"retroviseur interieur"
1,"sunvisor assyr"
1,"sunvisor lh apk416"
1,"sunvisor assyl"
1,"sunvisor assy l"
1,"sunvisor assy lh beige"
1,"holder sunvisor black"
1,"belt assy fr rh beige black"
1,"belt assyfrr"
1,"belt assy front rh beige b"
1,"belt assy fr lh beige black"
1,"belt assyrrr"
1,"belt assyrrl"
1,"belt assyrr center"
1,"ceinture centrale"
1,"belt assy rear beige"
1,"buckle assy fr belt lh"
1,"buckle assy fr belt rh"
1,"tongue assy fr belt r apk416"
1,"ceinture av d et g"
1,"tongue assyfr beltr gray bl"
1,"tongue assy fr r"
1,"tongue assy fr belt apk416"
1,"tongue assy fr belt l"
1,"tongue assyfr beltl gray bl"
1,"tongue assy fr l"
1,"tongue assy rr rh black"
1,"tongue assy rr belt black"
1,"tongue assy rr lh black"
1,"cap shoulder adjuster"
1,"cushion s assyfr lh"
1,"pad comp fr cush"
1,"siege passager"
1,"knob rclng rh black"
1,"garniture siege passager"
1,"couvercle reglage siege conducteur"
1,"back s assy fr lh"
1,"air bag siege"
1,"module assy side air bag rh"
1,"cadre siege conducteur"
1,"siege ar g"
1,"knob rclng lh black"
1,"bouton siege"
1,"cache ext siege conducteur"
1,"lever seat lifter lh black"
1,"leveur de siege"
1,"cover fr rclng out lh black"
1,"cache rege siege conducteur"
1,"garniture siege av g"
1,"siege av g"
1,"module assy side air bag lh"
1,"air bag siege av g"
1,"module assy side air bagaaaaa"
1,"bande adhesive ar g"
1,"bande adhesive"
1,"baguette de porte ar g"
1,"pare chox av"
1,"grillle pare chox"
1,"siege ar"
1,"lamp 12v 55w h7"
1,"hook rear seat cushion"
1,"agrafe de siege ar"
1,"hook rr seat cush"
1,"agrafe siege ar"
1,"cover rr seat hinge rh"
1,"palette coudee"
1,"lock assy rr back lh"
1,"serrure siege ar g"
1,"shelf comp rr parcel"
1,"shelf comprr parcel"
1,"cushion rear parcel rear"
1,"holder rr parcel r apk416"
1,"holder rear parcel rh"
1,"cushion rear parcel side"
1,"fil planche ar"
1,"holder rr parcel l apk416"
1,"holder rear parcel lh"
1,"hook rear parcel string rw416"
1,"hook rrparcelstring"
1,"hook rear parcel string"
1,"tank assy fuel akk416"
1,"tank comp fuel"
1,"tank fuel"
1,"plate fuel tank baffle"
1,"deflecteur reservoir carburant"
1,"nut fuel pump lock"
1,"cache pompe a carburant"
1,"joint cache pompe a carburant"
1,"stapule a retreindre plate"
1,"neck assy fuel filler"
1,"neck compfuel filler"
1,"neck assyfuel filler"
1,"cover fuel filler neck"
1,"garniture reservoir carburant"
1,"hose fuel tank filler"
1,"durite remplissage carburant"
1,"packingfuel filler"
1,"protector fuel tank"
1,"protection reservoir carburant"
1,"belt comp fuel tank fixer r"
1,"support reservoir a carburant d"
1,"belt comp fuel tank fixer l"
1,"support reservoir a carburant g"
1,"palette a cuillere courte"
1,"bracket cprsr apk416"
1,"support compresseur carter"
1,"tensioner cprsr"
1,"tendeur courroie climatiseur"
1,"v belt 4pk apk416"
1,"v belt 4pk830"
1,"v belt 4pk 805 10"
1,"v belt 4pk 810"
1,"courroie climatisseur"
1,"v belt"
1,"compressor apk416"
1,"compressor a"
1,"comperssor assy"
1,"clutch magnet akk416"
1,"clutch magnet"
1,"magnet cluch"
1,"condenserassy"
1,"shroud radiator up apk416"
1,"shroud cond lower1"
1,"shroud cond rh"
1,"shroud cond lh"
1,"shroud cond side rh no 2"
1,"carenage cote condenseur d"
1,"shroud cond side lh no 2"
1,"carenage cote condenseur g"
1,"cooling unit rear"
1,"ensemble climatisation ar"
1,"evaporat0r assy"
1,"evaporator assy w packing"
1,"evaporators assy"
1,"evaporator sub assy"
1,"evaporator s assy"
1,"valve assy expansion"
1,"hose drain l"
1,"durite retour compresseur"
1,"switch dual pressure"
1,"capteur pression gaz clim"
1,"sensor evap outlet"
1,"capteur sortie evaporateur"
1,"sensor refrigerant pressu"
1,"capteur refrigerant"
1,"check valve assy"
1,"clapet"
1,"module transistor de pulseur"
1,"sensor room temp apk416"
1,"sensor assy room temp1"
1,"capteur temp int"
1,"sensor sun light atk412"
1,"capteur de lumiere"
1,"sensor out air rw416 azg412"
1,"sensor air temp"
1,"duct room temp snsr"
1,"actuator assy mode"
1,"actionneur climatronic"
1,"hose suctio"
1,"hose discha"
1,"flexible compresseur clim"
1,"durite condenseur bas"
1,"pipe liquid no 4"
1,"pipe suction liquid no 2"
1,"pipe suction liquid no 3"
1,"pipe assy drain suct"
1,"pipe suction no 1"
1,"pipe heat exchanger apk416"
1,"tube chauffage"
1,"filter akk41"
1,"cabin air filter ciaz new"
1,"filter s assy air refiner"
1,"filter pollen"
1,"filter s assy"
1,"durite condenseur"
1,"o ring akk416 e24"
1,"retro av g"
1,"mgu assy"
1,"alterno demarreur"
1,"pack assy battery for service"
1,"bloc batterie"
1,"suzuki atf 3317 1lx20"
1,"suzuki at oil aw 1"
1,"huile bv at"
1,"cvt fluid 4401 4l"
1,"huile bv cvt"
1,"rubber keyring jimny yel gry"
1,"porte cle jimny"
1,"spare tire cover white logo235"
1,"shaft set gasoline rh"
1,"cooling water pink"
1,"liquide de refroidissement bleu"
1,"amt oil 550 ml"
1,"huile mecatronique 550 ml"
1,"service manuel"
1,"valve cap set s logo"
1,"bulb 12v 21w"
1,"roof edge spoiler 26u vitara"
1,"roof edge spoiler zce vitara"
1,"side body moulding large vitar"
1,"baguette de porte noir"
1,"chrome side body mould vitara"
1,"baguette de porte chrome"
1,"drl bezel large black vitara"
1,"cache anti brouillard noir"
1,"drl bezel chorme vitara"
1,"contour anti brouillard"
1,"door visor set front vitara"
1,"door visor set rear vitara"
1,"deflecteur dair ar"
1,"front skid plate 2tone vitara"
1,"moulure pc av"
1,"skid plate 2tone vitara"
1,"all grip logo vitara ly"
1,"logo all grip"
1,"door hand cov set cro keyless"
1,"chromage poinee de porte"
1,"cargo tray large jimny"
1,"rajout swift avant"
1,"rajout swift arriere"
1,"spoiler parechoc arriere"
1,"cover rocker panel r"
1,"cover renford panel r"
1,"grp wing glider black"
1,"body graphics"
1,"bsm opg insert zam"
1,"door visor basic"
1,"body side molding"
1,"front under body spoiler"
1,"rear under body spoiler"
1,"side skirts"
1,"jeu de bas de caisse"
1,"trunk door garnish for lower edge chrome finish"
1,"door sill guard non illiuminated"
1,"cladding"
1,"front skid plate"
1,"rear skid plate"
1,"wheel arc cladding"
1,"kit elargissuer"
1,"baguette lateral de portes"
1,"chromage tableau du bord"
1,"body side moulding baleno bla"
1,"fr spoiler prim baleno"
1,"spoiler pare choc av"
1,"rr spoiler prim baleno"
1,"side spoiler prim baleno"
1,"scr pu blk with slvr line diam"
1,"bsm with full chrome"
1,"baguette lateral chrome"
1,"trunk line spoiler primered"
1,"body side moulding nswift"
1,"swift styling rear spl"
1,"side skirt swift dzire"
1,"front spoiler yp8 hb minor p"
1,"swift minor styling kit new"
1,"window frame kit swift"
1,"kit rideaux"
1,"handle prot grnsh chr"
1,"cache poinger chrome"
1,"bmpr ptr chrome n swift"
1,"scr qult wth sprkle slvr blc"
1,"scr pu blk silver"
1,"body graphics ltd edition swif"
1,"stickers rc"
1,"head lmp grnsh chr"
1,"chrome optique"
1,"ovrm garnish"
1,"cache clignotant chrome"
1,"fronx sports kit"
1,"kit accessoire"
1,"side body graphics swift brush"
1,"sticker"
1,"back door garnish dzire"
1,"front under spoiler gloss black"
1,"rear under spoiler gloss black"
1,"side under spoiler gloss blac"
1,"fender arch mouldinggloss black"
1,"door visor plain"
1,"new swift sports kit na e07"
1,"kit acc sport"
1,"new swift basic kit all spec"
1,"kit acc basic"
1,"body side mldng celerio"
1,"kit baguette de porte laterale"
1,"kit baguette de porte laterale chrome"
1,"bck dr splr prmrd celerio"
1,"bck dr garnsh celerio"
1,"garsh fg lmp celerio"
1,"chrome anti brouillard"
1,"orvm cover celerio"
1,"cache retroviseur"
1,"s c red blk pu quilt celerio"
1,"housse celerio"
1,"hd lmp grnsh celerio"
1,"garniture optique"
1,"tl lmp grnsh celerio"
1,"garniture feu ar"
1,"d sill grd celerio"
1,"door visor fr l"
1,"defflecteur d air av g"
1,"defflecteur d air av d"
1,"defflecteur d air ar g"
1,"defflecteur d air ar d"
1,"body side moulding ciaz black"
1,"trunk lid spolier"
1,"trunk lid spolier silky silve"
1,"spoiler gris"
1,"trunk lid spolier pearl digni"
1,"trunk lid spolier glistening"
1,"trunk lid spolier mid night b"
1,"trunk lid spolier clear beige"
1,"spoiler beige"
1,"spoiler parachoc av"
1,"spoiler parachoc ar"
1,"trunk lid spoiler blue"
1,"spoiler ar lumineux"
1,"fog lamp garnish"
1,"kit chromage anti brouillard"
1,"d sill grd ciaz"
1,"monogramme raid edition"
1,"side door cladding"
1,"portable folding table lifesty"
1,"table"
1,"premium mat"
1,"tent 3 person lifestyle access"
1,"moderate weather sleeping bag"
1,"sac de couchage"
1,"kit baguette lateral chrome"
1,"front under body spoiler np"
1,"spoiler parechocs av"
1,"spoiler parechocs ar"
1,"side under body spoiler np"
1,"wheel arc cladding np"
1,"kit couvercle chrome antibrouillard"
1,"new celerio ext styling kit"
1,"kit accessoires"
1,"kit seuil de porte"
1,"door visor with chrome insert"
1,"celerio isl kit w o mat"
1,"kit celerio"
1,"kit accessoire carrosserie"
1,"mud flap front black"
1,"kit bavette avant"
1,"mud flap rear black"
1,"kit bavette arriere"
1,"front grille"
1,"calandre chrome avec logo"
1,"rain and wind deflector set"
1,"kit deflecteur d air"
1,"front differential guard"
1,"cachee differentiel"
1,"rear differential guard"
1,"cache differentiel"
1,"marche pied"
1,"door lamp"
1,"lampe de porte"
1,"cover spare tire"
1,"cache roue de secoure"
1,"at shift panel lhd stain silve"
1,"garniture levier de vitesse"
1,"attachable tent"
1,"liquide de refroidissement jaune 5l"
1,"permanent ad jaune"
1,"alarme cobra vodafone"
1,"systeme alarme dzire"
1,"systeme alarme vitara"
1,"diluantcelluosiquesup0 8l"
1,"film hdpe marouflage cm 200 300mtl"
1,"film hdpe"
1,"ouvrage en mat platique"
1,"housse de siege"
1,"rouleaux protege volant"
1,"chariot porte roll"
1,"visor blocks"
1,"carton de 500 tapis sol suzuki"
1,"devidoir mural bleu"
1,"devidoir mural rouge"
1,"column assy colps steeri"
1,"bd liquide a polir fast cut"
1,"car 09660 tampon d essuage"
1,"boite imprimer 1kg"
1,"boite imprimer"
1,"boite nue 500 g"
1,"local carton de 24 boites nue 500 g"
1,"boite 0 5k"
1,"boite 1 k"
1,"kit raptor teintable"
1,"serviette de netoyage"
1,"combinaison taille 44"
1,"combinaison taille 46"
1,"combinaison taille 48"
1,"combinaison taille 50"
1,"complement frais d immatriculation 4 5 ch"
1,"chevalet muli fonction"
1,"5 leviers plastique"
1,"godets colour mix 0 650"
1,"pistolet gravire flg 1 4"
1,"pistolet flg gravite 1 8"
1,"filtre carbon"
1,"tuyau d air"
1,"chariot de travail"
1,"chariot d atelier"
1,"cle dynamometrique 5 25nm"
1,"cle dynamometrique 20 100nm"
1,"cle a griffe 10"
1,"tvis fente 6 5x150"
1,"tvis ph 2x125"
1,"pince a rivet 270mm"
1,"jeu de 6 douilles a bougie"
1,"mlampe inspection"
1,"extincteur 2kg"
1,"joint silicone moteur rtv gris"
1,"kit vci"
1,"appareil diagnostic"
1,"nett frein prem 510 600 ml"
1,"nett carburateur r 577 300 ml"
1,"frein filet gel dem bleu"
1,"rtv joint sil mot 200 ml"
1,"degrip full service s400"
1,"airfresh 150 ml"
1,"protection conctact elec r570 400 ml"
1,"kit sport complet"
1,"purgeur de frein avec bouchon universel"
1,"enrouleur a air 12 m"
1,"monometre de gonflage"
1,"soufllette d air"
1,"plaquette de frein"
1,"plaque constrcteur confection"
1,"chargeur dem"
1,"masse magnutique"
1,"glue puller"
1,"jeu de 2 jacks hydrauliques de manutention"
1,"huile 5w30 209 litres"
1,"50 feuilles l eau p120"
1,"feuille l eau p1500"
1,"feuille l eau p2000"
1,"gold 115mm x 50m p120"
1,"gold 115mm p180"
1,"disque gold d150 15t p600"
1,"disque gold 150mm 6 1trs p120"
1,"disque gold 150mm p120"
1,"disque gold p180"
1,"disque gold 150mm p320"
1,"disque gold 150mm 6 1trs p500"
1,"disque gold 150mm 6 1trs p80"
1,"goldflex mousse p500"
1,"goldflex mousse p800"
1,"coupeabranet115 230mmp120"
1,"coupe abranet 115 230mm p180"
1,"coupesabrnet115 230mmp180"
1,"abranet 70x125mm p120"
1,"abranet 70x198 mm p120"
1,"polarchin5d"
1,"mirka lot de deux chiffons"
1,"mousse noir"
1,"polarshine10patedelustrage"
1,"disquefixationrapide75mmp120"
1,"disque fixation 75mm p80"
1,"interface 150 mm"
1,"plateau lustreuse 125mm souple"
1,"polisseuse ps1437 150mm"
1,"sac aspirateur non tisse 915 415"
1,"ruban mousse de masquage 1m"
1,"tampom"
1,"tampom d essuyage"
1,"carton36rubanmasquage24 50 36"
1,"ruban de masquage"
1,"poudre de poncage"
1,"papier"
1,"pinceau nylon 30 mm"
1,"filtre conne"
1,"papier de maroulage 60cm"
1,"papier de maroulage"
1,"pinceau nylon 30mm"
1,"bande renforcement"
1,"treteau"
1,"inp tufwipe chiffon"
1,"ruban adh double face 9 mm"
1,"pulverisateur a pression 1 ltr"
1,"plaq test metal blan paquet de 50"
1,"plaque test metal"
1,"inp gants nitrile"
1,"inp gobelet a melange 650 cc carton de 200 pieces"
1,"gobelet a melange 1300 cc"
1,"couvercle"
1,"inp gobelet a melange 650cc carton de 200 pieces"
1,"kit accessoire basic all new swift"
1,"6000 vernis hs rapide 1l"
1,"kit rideau"
1,"nettoyeurs hp 1000ts"
1,"aspirateur 3 moteurs"
1,"huile pag 100 de climatisation"
1,"huile pag 100 de climtisation"
1,"ruban double face 12mmx10m"
1,"colle par brise"
1,"local fil a couper carre 44m"
1,"degraissant antisilicone 3600 1l"
1,"degraissant antisilicone 3600 5l"
1,"degraissant"
1,"diluant a eau"
1,"diluantaeau"
1,"e252 extragiallo salido uquivalent o t4321"
1,"e520 rosso ossido b c uquivalent o t440"
1,"e582 viola brillante uquivalent o t443"
1,"t409"
1,"nero forte"
1,"bo81 incolore p tr couche de 3l"
1,"couvercle 1l3 5 l"
1,"ft 3 5 l"
1,"moteur swift"
1,"carton de 36 ruban de masquage 25 x 45 m"
1,"carton de 24 ruban de masquage 50x45"
1,"1 k plastiprimaire bombe aerosol 1600"
1,"max meyer durcisseur uhs pour vernis 0325"
1,"max meyer durcisseur uhs pour vernis"
1,"appret gris fonce 2006"
1,"hp multigrey extra blanc m1"
1,"8900 multigrey dark"
1,"8800 multigrey gris medium"
1,"8700 multigrey light"
1,"1500 1k plastiprimer"
1,"max meyer 6000 ms durcisseur standard"
1,"6000 ms durcisseur std"
1,"max meyer 6000 ms durcisseur standard de 1l"
1,"apret hp bombe"
1,"diluant normal 4310"
1,"4320 diluant universel lent"
1,"max meyer vernis uhs 0325"
1,"500 maxilack"
1,"vernis mat 0710"
1,"bo00 constituant"
1,"bo02 alu grain moyen"
1,"bo03 alu grain gros"
1,"bo04 alu lumineux"
1,"bo05 alu silver"
1,"bo06 alu extra silver"
1,"bo09 alu extra gros"
1,"bo11 blanc"
1,"bo19 base mate microttante"
1,"bo22 alu or"
1,"bo25 jaune soleil"
1,"bo27 jaune t"
1,"bo28 jaune dore"
1,"bo29 jaune cedrat"
1,"bo31 jaune ocre"
1,"bo32 oxyde rouge"
1,"bo33 brun"
1,"bo83 alu"
1,"bo41 orange"
1,"bo45 rouge brillant"
1,"bo46 rouge orange transparent"
1,"bo47 rouge brun"
1,"bo50 terre sienne"
1,"bo55 rouge pourpre"
1,"bo56 violet"
1,"bo59 rouge lumineux"
1,"bo61 vert"
1,"bo65 vert ombre"
1,"bo72 bleu"
1,"bo73 bleu profond"
1,"bo75 bleu helio"
1,"bo76 bleu vert"
1,"bo80 regulateur de flop"
1,"bo83 alu lenticulaire fin"
1,"bo85 silver alto flop"
1,"bo95 noir reduit"
1,"max meyer bo80 regulateurdeflop"
1,"bo81 incolore"
1,"max meyer bo81 incolore p tr couche de3l"
1,"pe07 blanc ultra fin"
1,"pe10 blanc grain fin"
1,"pe20 blanc grain gros"
1,"pe21 gold couvrant"
1,"pe30 reflet rouge"
1,"pe34 cuivre"
1,"pe40 reflet bleu"
1,"pe54 reflet violet"
1,"pe57 rouge grain fin"
1,"pe58 rouge"
1,"pe60 or"
1,"pe63 vert couvrant"
1,"pe66 reflet vert"
1,"pe70 bleu fin"
1,"tc11 blanc b c"
1,"tc25 jaune clair"
1,"tc28 jaune soleil"
1,"tc29 jaune cedrat"
1,"tc30 jaune ocre"
1,"tc31 jaune ocreb c"
1,"tc44 orange vif"
1,"tc50 oxyde rouge"
1,"tc52 rouge amarante"
1,"tc53 rouge lumineux"
1,"tc54 rouge rubis"
1,"tc55 rouge pourpre"
1,"tc56 violet"
1,"tc58 oxyde rouge b c"
1,"tc60 vert phtalo"
1,"tc63 vert brillant"
1,"tc71 bleu phtalo"
1,"tc72 bleu phtalo b c"
1,"tc74 bleu lumiere"
1,"tc90 noir a melange"
1,"tc91 noir a melange b c"
1,"tc92 noir profond"
1,"max meyer sbx1 blanc xiralic 0 5l"
1,"sbx1 argent cristal"
1,"sbx3 copper"
1,"sbx4 solaris red"
1,"sbx5 rouge eclat"
1,"sbx7 bleu galaxie"
1,"sbx r 90"
1,"new baleno glx 1 5 l bva essence"
1,"kit exterieur sport"
1,"batterie premiun 44ah 440a"
1,"batterie plus 35ah 300a"
1,"sachet filtre cone 190a 125ps"
1,"goblet a melange 1300cc"
1,"goblet a melange 2230cc"
1,"couvercle pour supercup 1300cc"
1,"liquide de frein dot 4 0 450lliquide de frein dot"
1,"philips 12820wledc1 led day light4 6w"
1,"lampe cbl 10"
1,"philips 12810wledx1 led day time light 5 6 8w"
1,"philips 24362 mdc1 h11 masterduty 24v 70w c1"
1,"philips 9005prc1 hb3 vision 65w c1"
1,"plaque confec"
1,"plaque immatriculation"
1,"pneu 215 55r17"
1,"fournitures de peinture"
1,"founiture de peinture ppg"
1,"ppg durcisseur uhs pour vernis"
1,"ppg bombe primaire 1k gris"
1,"ppg dilluant accelerer 2 5l"
1,"ppg additif pour appret plastique 1l"
1,"ppg t400 blanc 2lt"
1,"ppg t4000 argent cristal 0 5l"
1,"ppg t4001 dore 0 5l"
1,"ppg t4003 bleu galaxie 0 5 l"
1,"ppg t4004 vert stellaire 0 5 l"
1,"ppg t4005 rouge solaire 0 5 l"
1,"ppg t4006 cuivre flambe 0 5 l"
1,"base peinture cuivre ppg"
1,"ppg t4007 turquoise cosmique 0 25 l"
1,"ppg t4008 reve amethyste 0 25l"
1,"ppg t401 blanc ultra fin 0 5l"
1,"ppg t402 blanc de nuancage 0 5 l"
1,"ppg t403 micro white 0 5l"
1,"ppg t4031 automne mysterieux 0 25l"
1,"ppg t4033 feu arctique 0 25l"
1,"ppg t4034 aube tropivale 0 25l"
1,"ppg t404 noir bleute de nuancage 0 5l"
1,"ppg t4040 orange flash 0 5l"
1,"ppg t405 noir graphite 0 5l"
1,"ppg t406 noir bleute 1l"
1,"base peinture noir blue ppg"
1,"ppg t407 jet back 2l"
1,"ppg t409 noir profond 2l"
1,"ppg t411 bleu 1l"
1,"ppg t412 bleu transparent 1l"
1,"ppg t413 bleu clair 1l"
1,"ppg t414 riche blue 2l"
1,"ppg t415 bleu de nuancage 0 5l"
1,"ppg t420 bleu intense 1l"
1,"ppg t421 olive 0 5l"
1,"ppg t422 oxyde jaune 0 5l"
1,"ppg t423 oxyde jaune de nuancage 0 5l"
1,"ppg t425 jaune permanent 0 5l"
1,"ppg t426 jaune organique 0 5 l"
1,"ppg t427 jaune 1l"
1,"ppg t429 or jaune transparent 0 5l"
1,"ppg t430 vert transparent 1l"
1,"ppg t431 vert phtalo 1l"
1,"ppg t4311 bleu vert hc en 0 5l"
1,"base peinture vert ppg"
1,"ppg t432 oxyde rouge transparent 1l"
1,"ppg t433 orange vif 0 5l"
1,"base peinture orange ppg"
1,"ppg t4342 envirobase hp hc magenda en 0 5"
1,"base peinture violet ppg"
1,"ppg t4343 envirobase hc rouge organique en 0 5l"
1,"ppg red oxid 0 5l"
1,"ppg t438 rose 1l"
1,"ppg t441 rouge carmin 0 5l"
1,"ppg t442 brun 0 5l"
1,"ppg t444 bordeaux 1l"
1,"ppg t447 brillant rouge 1l"
1,"ppg t451 perle blanche extra fine 0 5l"
1,"ppg t452 perle blanche fine 0 5l"
1,"ppg t453 perle blanche 1 lt"
1,"ppg t454 brillant rouge perle 1lt"
1,"ppg t455 perle bleu fine 0 5l"
1,"ppg t457 perle verte 0 5l"
1,"ppg t458 perle bleu verte 0 5l"
1,"base peinture vert blue ppg"
1,"ppg t459 perle cuivre 1lt"
1,"base peinture cuivre"
1,"ppg t461 perle jaune doree 0 5l"
1,"ppg t462 perle rouge fine 1lt"
1,"ppg t465 perle rouge 0 5l"
1,"base peinture rouge"
1,"ppg t466 perle orange 0 5l"
1,"ppg t471 aluminium extra fin 2lt"
1,"ppg fine lenticular aluminium"
1,"ppg t473 aluminium grain moyen 2lt"
1,"ppg t474 aluminium grain fin 1lt"
1,"ppg t475 aluminium lenticulaire moyen 2lt"
1,"ppg t476 aluminium lenticulaire gros"
1,"ppg t477 aluminium extra gros 1lt"
1,"ppg t479 aluminium dollar argente cros 1lt"
1,"ppg t490 incolore 1lt"
1,"ppg t491 base a mater 1lt"
1,"ppg t8260 activateur pr convertisseur env 0 5l"
1,"antigravillon noir"
1,"gadus s1 v160 12x0 9kg"
1,"poignee coulissante"
1,"perceuse rechargable a percussion 18 v li ion"
1,"ile moteur 10w40 shell 5l"
1,"colle etancheite 300 ml"
1,"colle etancheite"
1,"nettoyant texil 400ml"
1,"nettoyant interieur auto 500ml"
1,"profiline perfect and finish 250 ml"
1,"nettoyant pour jantes 500ml"
1,"mousse soin de cuire 250ml"
1,"localpolishnoirsonax"
1,"polisch wax couleur noir 500ml"
1,"sonax renovateur peinture 250ml"
1,"renovateur chromes et alu 75ml"
1,"shampoing brillant"
1,"nettoyant goudron 300ml"
1,"degripant mos2oil 400 ml"
1,"nettyant cockpit vanilla fresh 400ml"
1,"nettyant cockpit lemon fresh 400ml"
1,"nettyant cockpit applle fresh 400ml"
1,"nettyant cockpit appel fresh 400ml"
1,"nettyant cockpit new car 400ml"
1,"nettoyant"
1,"nettoyant vitre parfum pomme 250ml"
1,"nettoyant vitre parfum citron 250ml"
1,"chiffon microfibre pour l interieur et les vitres"
1,"raclette eau pour vehicule"
1,"peau de chamois"
1,"peau de chamois premium synthetique gf"
1,"eponge microfibre multi usage"
1,"eponge microfibre"
1,"net spray pour injecteurs carburateurs 400ml"
1,"huile de rin age 500ml"
1,"lunette a700 incolore"
1,"honeywell safety paire gants"
1,"lame droite gm"
1,"lame droite pm"
1,"lame coudee gm"
1,"lame coudee pm"
1,"filtre plafond 2 20m"
1,"prefiltre en cadre omia 200"
1,"roukeau filtre sols 1 20m"
1,"masque north"
1,"meuleuses 125mm"
1,"decapeur thermique 2000w"
1,"base peinture bleu galaxie"
1,"base peinture vert stellaire"
1,"base peinture micro blanc"
1,"base peinture fantaisie violette 0 25l"
1,"base peinture noir bleute de nuancage"
1,"base peinture orange flash"
1,"base peinture bleu sp cial"
1,"base peinture noir bleute"
1,"base peinture noir profond"
1,"base peinture bleu"
1,"base peinture bleu transparent"
1,"base peinture bleu clair"
1,"base peinture bleu riche"
1,"base peinture bleu de nuancage"
1,"base peinture olive"
1,"base peinture oxyde jaune"
1,"base peinture oxyde jaune de nuancage"
1,"base peinture jaune permanent"
1,"base peinture jaune organique"
1,"base peinture jaune"
1,"base peinture jaune solid"
1,"base peinture or jaune transparent"
1,"base peinture vert phtalo"
1,"base peinture bleu vert hc en"
1,"base peinture oxyde rouge transparent"
1,"base peinture jaune hc"
1,"base peinture envirobase hc rouge organique"
1,"base peinture rouge saumon"
1,"base peinture rose"
1,"base peinture rouge de nuancage"
1,"base peinture rouge carmin"
1,"base peinture brun"
1,"base peinture violet"
1,"base peinture bordeaux"
1,"base peinture magenta transparent"
1,"base peinture brillant rouge"
1,"base peinture russet"
1,"base peinture perle blanche extra fine"
1,"base peinture perle blanche fine"
1,"base peinture perle blanche"
1,"base peinture brillant rouge perle"
1,"base peinture perle bleu fine"
1,"base peinture perle bleu"
1,"base peinture perle verte"
1,"base peinture perle bleu verte"
1,"base peinture perle cuivre"
1,"base peinture perle jaune"
1,"base peinture perle rouge fine"
1,"base peinture violet perl"
1,"base peinture aluminium extra fin"
1,"base peinture aluminium grain moyen"
1,"base peinture aluminium grain fin"
1,"base peinture aluminium lenticulaire gros"
1,"base peinture aluminium extra gros"
1,"base peinturealuminium dollar argente cros"
1,"base peinture alu dore moyen"
1,"base peinture incolore"
1,"base peinture a mater"
1,"ruban doube face"
1,"tapis celerio"
1,"tufwipe chiffon papier"
1,"plas adhesive gun"
1,"mastic expert 2kg"
1,"mastic expert"
1,"masticexpert2kg"
1,"mastic a la brosse"
1,"masticalabrosse"
1,"clearcoat1l"
1,"bombe aerosol 400 ml"
1,"bombe adhesive 400 ml"
1,"mastic pour plastic"
1,"plasr adhesive a"
1,"plasr adhesive b"
1,"buse pour tube resine 50 ml"
1,"bande 1 m mise en forme"
1,"kit raptor couleur 4l"
1,"tube resine 200 ml"
1,"buse pour tube resine 200 ml"
1,"mastic pu blanc 310ml"
1,"mastic aluminium gris"
1,"mastic aluminium 1 7 kg"
1,"mastic aluminun"
1,"masticaluminium1 7kg"
1,"mastic aluminium"
1,"gartec huile uv"
1,"balai eg hf35 hydroconnect 35cm celerio"
1,"balai eg hf53 celerio"
1,"balai eg hf53 hydroconnect 53cm celerio"
1,"balai eg hr24 ar swift nm am vitara"
1,"balai eg hr24 hydro 24cm ar swift nm am vitara"
1,"balai eg celerio baleno"
1,"balai eg hr hyd 31cm ar celerio baleno"
1,"radar de recul avec position voiture"
1,"radar de recul"
1,"ingredients de peinture"
1,"pince riveter"
1,"pinces"
1,"wheel nut"
1,"pare huile moteur"
1,"panel compfront hood"
1,"base peinture blanc"
1,"base peinture argent cristal"
1,"base peinture dore"
1,"base peinture rouge eclat"
1,"base peinture blanc de nuancage"
1,"base peinture jet back"
1,"base peinture oxyde rouge"
1,"base peinture fine lenticularaire aluminium"
1,"base peinture aluminium lenticulaire moyen"
1,"e"